{"results": {"casademo.calibration_suite.time_applycal_callib": {"result": [27.036131169414148], "stats": [{"ci_99": [6.077110379235819, 47.99515195959246], "q_25": 26.826540961512364, "q_75": 27.24572137731593, "min": 26.61695075361058, "max": 27.455311585217714, "mean": 27.036131169414148, "std": 0.4191804158035666, "repeat": 2, "number": 2}]}, "casademo.calibration_suite.time_bandpass": {"result": [24.098423833958805], "stats": [{"ci_99": [-15.940853242762387, 64.13770091067997], "q_25": 23.698031063191593, "q_75": 24.498816604726017, "min": 23.29763829242438, "max": 24.89920937549323, "mean": 24.098423833958805, "std": 0.8007855415344238, "repeat": 2, "number": 2}]}, "casademo.calibration_suite.time_gaincal": {"result": [50.183134890394285], "stats": [{"ci_99": [49.800465166335925, 50.565804614452645], "q_25": 50.1793081931537, "q_75": 50.18696158763487, "min": 50.17548149591312, "max": 50.19078828487545, "mean": 50.183134890394285, "std": 0.007653394481167197, "repeat": 2, "number": 2}]}, "casademo.flagdata_suite.time_flagdata_bandpassflag": {"result": [31.32433024677448], "stats": [{"ci_99": [29.965141631895676, 32.68351886165328], "q_25": 31.31073836062569, "q_75": 31.337922132923268, "min": 31.297146474476904, "max": 31.351514019072056, "mean": 31.32433024677448, "std": 0.02718377229757607, "repeat": 2, "number": 2}]}, "casademo.flagdata_suite.time_flagdata_list": {"result": [134.38620404549874], "stats": [{"ci_99": [130.67940803221427, 138.09300005878322], "q_25": 134.3491360853659, "q_75": 134.4232720056316, "min": 134.31206812523305, "max": 134.46033996576443, "mean": 134.38620404549874, "std": 0.07413592026568949, "repeat": 2, "number": 2}]}, "casademo.flagdata_suite.time_flagdata_list_summary": {"result": [33.84832128719427], "stats": [{"ci_99": [15.004354785894975, 52.692287788493545], "q_25": 33.659881622181274, "q_75": 34.03676095220726, "min": 33.47144195716828, "max": 34.22520061722025, "mean": 33.84832128719427, "std": 0.37687933002598584, "repeat": 2, "number": 2}]}, "casademo.flagdata_suite.time_flagdata_summary": {"result": [33.91434917622246], "stats": [{"ci_99": [33.4966650295537, 34.33203332289122], "q_25": 33.91017233475577, "q_75": 33.918526017689146, "min": 33.90599549328908, "max": 33.922702859155834, "mean": 33.91434917622246, "std": 0.00835368293337524, "repeat": 2, "number": 2}]}, "casademo.tclean_memory_suite.peakmem_tclean_setweighting": 1960570880}, "params": {"arch": "x86_64", "cpu": "Intel(R) Xeon(R) CPU E5-1660 v4 @ 3.20GHz", "machine": "NRAO workstation", "num_cpu": "16", "os": "Linux 3.10.0-1160.15.2.el7.x86_64", "ram": "32GB", "python": "3.6", "pip+casatools": "6.2.0", "pip+casatasks": "6.2.0"}, "requirements": {"pip+casatools": "6.2.0", "pip+casatasks": "6.2.0"}, "commit_hash": "01706ab040c71d3a3265bd22a488d1594ca44edb", "date": 1614354184000, "env_name": "virtualenv-py3.6-pip+casatasks6.2.0.97-pip+casatools6.2.0.97", "python": "3.6", "profiles": {}, "started_at": {"casademo.calibration_suite.time_applycal_callib": 1630105321930, "casademo.calibration_suite.time_bandpass": 1630105398623, "casademo.calibration_suite.time_gaincal": 1630105474895, "casademo.flagdata_suite.time_flagdata_bandpassflag": 1630105599409, "casademo.flagdata_suite.time_flagdata_list": 1630105662153, "casademo.flagdata_suite.time_flagdata_list_summary": 1630105931153, "casademo.flagdata_suite.time_flagdata_summary": 1630105999660, "casademo.tclean_memory_suite.peakmem_tclean_setweighting": 1630106067565}, "ended_at": {"casademo.calibration_suite.time_applycal_callib": 1630105398622, "casademo.calibration_suite.time_bandpass": 1630105474894, "casademo.calibration_suite.time_gaincal": 1630105599402, "casademo.flagdata_suite.time_flagdata_bandpassflag": 1630105662153, "casademo.flagdata_suite.time_flagdata_list": 1630105931152, "casademo.flagdata_suite.time_flagdata_list_summary": 1630105999659, "casademo.flagdata_suite.time_flagdata_summary": 1630106067564, "casademo.tclean_memory_suite.peakmem_tclean_setweighting": 1630106237378}, "benchmark_version": {"casademo.calibration_suite.time_applycal_callib": "9ef394762fe7135f58c94c0e46a655fae93e7d107904ceff94d228f23b89a589", "casademo.calibration_suite.time_bandpass": "f706aa044f6bc64b915996b7bdd6bc5666cae0eb7c47ff9a70b5bced6c9fbd0c", "casademo.calibration_suite.time_gaincal": "56f8a9022caccdafe4240fb9a2766b2d5d56cc1c784bd724822d3b040f5b5309", "casademo.flagdata_suite.time_flagdata_bandpassflag": "f55e0ffa6be9d655555c5081a0e7bf2bc00b253273ba7c220de0bd2cfb3baf6c", "casademo.flagdata_suite.time_flagdata_list": "1a40b66ffb4a43d48af3407bae817ed4f7667fe778880859384f5f2e7c9c5d1f", "casademo.flagdata_suite.time_flagdata_list_summary": "3eb284062687484026a1defb4fceb705e83b244e37405f8794d431940ff44b08", "casademo.flagdata_suite.time_flagdata_summary": "9e569fb4e2a2f68e59c510bbf889632173be867104a4e5ba5a98d0eb110e82fb", "casademo.tclean_memory_suite.peakmem_tclean_setweighting": "b08240b9d9211ba7e2ce323aae697e4b25deb8a6db4c5e2e48519cedc4707769"}, "version": 1}
