{"results": {"casademo.calibration_suite.time_applycal_callib": {"result": [26.106957677053288], "stats": [{"ci_99": [-45.56690506380983, 97.78082041791635], "q_25": 25.390219049644656, "q_75": 26.82369630446192, "min": 24.673480422236025, "max": 27.54043493187055, "mean": 26.106957677053288, "std": 1.4334772548172623, "repeat": 2, "number": 2}]}, "casademo.calibration_suite.time_bandpass": {"result": [24.137136288685724], "stats": [{"ci_99": [16.188767163315788, 32.08550541405565], "q_25": 24.057652597432025, "q_75": 24.216619979939424, "min": 23.978168906178325, "max": 24.296103671193123, "mean": 24.137136288685724, "std": 0.15896738250739872, "repeat": 2, "number": 2}]}, "casademo.calibration_suite.time_gaincal": {"result": [49.73543300596066], "stats": [{"ci_99": [40.780082708923146, 58.69078330299816], "q_25": 49.64587950299028, "q_75": 49.82498650893103, "min": 49.55632600001991, "max": 49.91454001190141, "mean": 49.73543300596066, "std": 0.17910700594075024, "repeat": 2, "number": 2}]}, "casademo.flagdata_suite.time_flagdata_bandpassflag": {"result": [31.005653685657308], "stats": [{"ci_99": [12.923487071180716, 49.087820300133885], "q_25": 30.82483201951254, "q_75": 31.186475351802073, "min": 30.644010353367776, "max": 31.36729701794684, "mean": 31.005653685657308, "std": 0.3616433322895318, "repeat": 2, "number": 2}]}, "casademo.flagdata_suite.time_flagdata_list": {"result": [132.61348892725073], "stats": [{"ci_99": [48.50848042429425, 216.71849743020715], "q_25": 131.77243884222116, "q_75": 133.4545390122803, "min": 130.9313887571916, "max": 134.29558909730986, "mean": 132.61348892725073, "std": 1.6821001700591296, "repeat": 2, "number": 2}]}, "casademo.flagdata_suite.time_flagdata_list_summary": {"result": [33.770533710950986], "stats": [{"ci_99": [15.860526731004938, 51.68054069089702], "q_25": 33.591433641151525, "q_75": 33.949633780750446, "min": 33.412333571352065, "max": 34.12873385054991, "mean": 33.770533710950986, "std": 0.35820013959892094, "repeat": 2, "number": 2}]}, "casademo.flagdata_suite.time_flagdata_summary": {"result": [33.01962632499635], "stats": [{"ci_99": [-4.800650735385716, 70.83990338537839], "q_25": 32.64142355439253, "q_75": 33.39782909560017, "min": 32.26322078378871, "max": 33.776031866203994, "mean": 33.01962632499635, "std": 0.7564055412076414, "repeat": 2, "number": 2}]}, "casademo.tclean_memory_suite.peakmem_tclean_setweighting": 1960423424}, "params": {"arch": "x86_64", "cpu": "Intel(R) Xeon(R) CPU E5-1660 v4 @ 3.20GHz", "machine": "NRAO workstation", "num_cpu": "16", "os": "Linux 3.10.0-1160.15.2.el7.x86_64", "ram": "32GB", "python": "3.6", "pip+casatools": "6.2.0", "pip+casatasks": "6.2.0"}, "requirements": {"pip+casatools": "6.2.0", "pip+casatasks": "6.2.0"}, "commit_hash": "01e7efd0ae778dbfc719a98701871aa8a3892705", "date": 1614868193000, "env_name": "virtualenv-py3.6-pip+casatasks6.2.0.100-pip+casatools6.2.0.100", "python": "3.6", "profiles": {}, "started_at": {"casademo.calibration_suite.time_applycal_callib": 1630325989885, "casademo.calibration_suite.time_bandpass": 1630326063436, "casademo.calibration_suite.time_gaincal": 1630326141018, "casademo.flagdata_suite.time_flagdata_bandpassflag": 1630326265458, "casademo.flagdata_suite.time_flagdata_list": 1630326328251, "casademo.flagdata_suite.time_flagdata_list_summary": 1630326596881, "casademo.flagdata_suite.time_flagdata_summary": 1630326665205, "casademo.tclean_memory_suite.peakmem_tclean_setweighting": 1630326732809}, "ended_at": {"casademo.calibration_suite.time_applycal_callib": 1630326063435, "casademo.calibration_suite.time_bandpass": 1630326141017, "casademo.calibration_suite.time_gaincal": 1630326265455, "casademo.flagdata_suite.time_flagdata_bandpassflag": 1630326328250, "casademo.flagdata_suite.time_flagdata_list": 1630326596880, "casademo.flagdata_suite.time_flagdata_list_summary": 1630326665205, "casademo.flagdata_suite.time_flagdata_summary": 1630326732809, "casademo.tclean_memory_suite.peakmem_tclean_setweighting": 1630326897489}, "benchmark_version": {"casademo.calibration_suite.time_applycal_callib": "9ef394762fe7135f58c94c0e46a655fae93e7d107904ceff94d228f23b89a589", "casademo.calibration_suite.time_bandpass": "f706aa044f6bc64b915996b7bdd6bc5666cae0eb7c47ff9a70b5bced6c9fbd0c", "casademo.calibration_suite.time_gaincal": "56f8a9022caccdafe4240fb9a2766b2d5d56cc1c784bd724822d3b040f5b5309", "casademo.flagdata_suite.time_flagdata_bandpassflag": "f55e0ffa6be9d655555c5081a0e7bf2bc00b253273ba7c220de0bd2cfb3baf6c", "casademo.flagdata_suite.time_flagdata_list": "1a40b66ffb4a43d48af3407bae817ed4f7667fe778880859384f5f2e7c9c5d1f", "casademo.flagdata_suite.time_flagdata_list_summary": "3eb284062687484026a1defb4fceb705e83b244e37405f8794d431940ff44b08", "casademo.flagdata_suite.time_flagdata_summary": "9e569fb4e2a2f68e59c510bbf889632173be867104a4e5ba5a98d0eb110e82fb", "casademo.tclean_memory_suite.peakmem_tclean_setweighting": "b08240b9d9211ba7e2ce323aae697e4b25deb8a6db4c5e2e48519cedc4707769"}, "version": 1}
