{"results": {"casademo.calibration_suite.time_applycal_callib": {"result": [26.251328258542344], "stats": [{"ci_99": [18.250457988353446, 34.252198528731235], "q_25": 26.171319555840455, "q_75": 26.331336961244233, "min": 26.091310853138566, "max": 26.411345663946122, "mean": 26.251328258542344, "std": 0.16001740540377796, "repeat": 2, "number": 2}]}, "casademo.calibration_suite.time_bandpass": {"result": [25.727310290560126], "stats": [{"ci_99": [9.987290183082223, 41.467330398038015], "q_25": 25.569910089485347, "q_75": 25.884710491634905, "min": 25.41250988841057, "max": 26.042110692709684, "mean": 25.727310290560126, "std": 0.31480040214955807, "repeat": 2, "number": 2}]}, "casademo.calibration_suite.time_gaincal": {"result": [49.932715290691704], "stats": [{"ci_99": [25.955213949549943, 73.91021663183344], "q_25": 49.692940277280286, "q_75": 50.17249030410312, "min": 49.45316526386887, "max": 50.41226531751454, "mean": 49.932715290691704, "std": 0.4795500268228352, "repeat": 2, "number": 2}]}, "casademo.flagdata_suite.time_flagdata_bandpassflag": {"result": [31.168107918230817], "stats": [{"ci_99": [29.814185187453404, 32.52203064900823], "q_25": 31.154568690923043, "q_75": 31.18164714553859, "min": 31.14102946361527, "max": 31.195186372846365, "mean": 31.168107918230817, "std": 0.027078454615548253, "repeat": 2, "number": 2}]}, "casademo.flagdata_suite.time_flagdata_list": {"result": [132.4548568658065], "stats": [{"ci_99": [129.39276659977622, 135.5169471318368], "q_25": 132.4242359631462, "q_75": 132.4854777684668, "min": 132.3936150604859, "max": 132.5160986711271, "mean": 132.4548568658065, "std": 0.061241805320605636, "repeat": 2, "number": 2}]}, "casademo.flagdata_suite.time_flagdata_list_summary": {"result": [33.52574773039669], "stats": [{"ci_99": [16.38074675016105, 50.67074871063231], "q_25": 33.35429772059433, "q_75": 33.697197740199044, "min": 33.182847710791975, "max": 33.8686477500014, "mean": 33.52574773039669, "std": 0.3429000196047127, "repeat": 2, "number": 2}]}, "casademo.flagdata_suite.time_flagdata_summary": {"result": [33.55641395691782], "stats": [{"ci_99": [32.771898972801864, 34.34092894103378], "q_25": 33.54856880707666, "q_75": 33.56425910675898, "min": 33.5407236572355, "max": 33.57210425660014, "mean": 33.55641395691782, "std": 0.015690299682319164, "repeat": 2, "number": 2}]}, "casademo.tclean_memory_suite.peakmem_tclean_setweighting": 2032992256}, "params": {"arch": "x86_64", "cpu": "Intel(R) Xeon(R) CPU E5-1660 v4 @ 3.20GHz", "machine": "NRAO workstation", "num_cpu": "16", "os": "Linux 3.10.0-1160.15.2.el7.x86_64", "ram": "32GB", "python": "3.6", "pip+casatools": "6.2.0", "pip+casatasks": "6.2.0"}, "requirements": {"pip+casatools": "6.2.0", "pip+casatasks": "6.2.0"}, "commit_hash": "022e1c47b7330d2e4581bb412ef8cefd54ecfc66", "date": 1610474936000, "env_name": "virtualenv-py3.6-pip+casatasks6.2.0.69-pip+casatools6.2.0.69", "python": "3.6", "profiles": {}, "started_at": {"casademo.calibration_suite.time_applycal_callib": 1630347861164, "casademo.calibration_suite.time_bandpass": 1630347938154, "casademo.calibration_suite.time_gaincal": 1630348017817, "casademo.flagdata_suite.time_flagdata_bandpassflag": 1630348141120, "casademo.flagdata_suite.time_flagdata_list": 1630348203585, "casademo.flagdata_suite.time_flagdata_list_summary": 1630348468424, "casademo.flagdata_suite.time_flagdata_summary": 1630348534876, "casademo.tclean_memory_suite.peakmem_tclean_setweighting": 1630348602030}, "ended_at": {"casademo.calibration_suite.time_applycal_callib": 1630347938154, "casademo.calibration_suite.time_bandpass": 1630348017816, "casademo.calibration_suite.time_gaincal": 1630348141116, "casademo.flagdata_suite.time_flagdata_bandpassflag": 1630348203585, "casademo.flagdata_suite.time_flagdata_list": 1630348468423, "casademo.flagdata_suite.time_flagdata_list_summary": 1630348534875, "casademo.flagdata_suite.time_flagdata_summary": 1630348602029, "casademo.tclean_memory_suite.peakmem_tclean_setweighting": 1630349191303}, "benchmark_version": {"casademo.calibration_suite.time_applycal_callib": "1f6437b2270507d06f2c91c35b12dce1187d02851c4b0d0c872bbcfda3e5c4f6", "casademo.calibration_suite.time_bandpass": "a69d32cd1360ece09039f1051989506a7673f5a708021e87c81e0936374d64ce", "casademo.calibration_suite.time_gaincal": "70a393fa53b72183c406b9cc585dca7828b9b8d585b8077a80e0946ee81ebeb0", "casademo.flagdata_suite.time_flagdata_bandpassflag": "6bc01de4a73ffea44f2190b51350292cc1e1256989be0f26cc4ec77341df934a", "casademo.flagdata_suite.time_flagdata_list": "f4d15370d3c2c0c746d0c9c28b87ee190865ebfa9e210cc5773201bea0df7bf9", "casademo.flagdata_suite.time_flagdata_list_summary": "58e4c1cc3e1c3c5f723c910c861bad52078405a7026f0321526fad1a15b04ee3", "casademo.flagdata_suite.time_flagdata_summary": "7d302987a4e4e75e43325fd83f2c968688e4b8a56a6476db46a4fcc0bc003e95", "casademo.tclean_memory_suite.peakmem_tclean_setweighting": "3fb5214d1e8e5bf8170efbe8114cd88b0e1e51db87c955bc588eb95ba91e4f71"}, "version": 1}
