{"results": {"casademo.calibration_suite.time_applycal_callib": {"result": [26.251328258542344], "stats": [{"ci_99": [18.250457988353446, 34.252198528731235], "q_25": 26.171319555840455, "q_75": 26.331336961244233, "min": 26.091310853138566, "max": 26.411345663946122, "mean": 26.251328258542344, "std": 0.16001740540377796, "repeat": 2, "number": 2}]}, "casademo.calibration_suite.time_bandpass": {"result": [25.727310290560126], "stats": [{"ci_99": [9.987290183082223, 41.467330398038015], "q_25": 25.569910089485347, "q_75": 25.884710491634905, "min": 25.41250988841057, "max": 26.042110692709684, "mean": 25.727310290560126, "std": 0.31480040214955807, "repeat": 2, "number": 2}]}, "casademo.calibration_suite.time_gaincal": {"result": [49.932715290691704], "stats": [{"ci_99": [25.955213949549943, 73.91021663183344], "q_25": 49.692940277280286, "q_75": 50.17249030410312, "min": 49.45316526386887, "max": 50.41226531751454, "mean": 49.932715290691704, "std": 0.4795500268228352, "repeat": 2, "number": 2}]}, "casademo.flagdata_suite.time_flagdata_bandpassflag": {"result": [31.168107918230817], "stats": [{"ci_99": [29.814185187453404, 32.52203064900823], "q_25": 31.154568690923043, "q_75": 31.18164714553859, "min": 31.14102946361527, "max": 31.195186372846365, "mean": 31.168107918230817, "std": 0.027078454615548253, "repeat": 2, "number": 2}]}, "casademo.flagdata_suite.time_flagdata_list": {"result": [132.4548568658065], "stats": [{"ci_99": [129.39276659977622, 135.5169471318368], "q_25": 132.4242359631462, "q_75": 132.4854777684668, "min": 132.3936150604859, "max": 132.5160986711271, "mean": 132.4548568658065, "std": 0.061241805320605636, "repeat": 2, "number": 2}]}, "casademo.flagdata_suite.time_flagdata_list_summary": {"result": [33.52574773039669], "stats": [{"ci_99": [16.38074675016105, 50.67074871063231], "q_25": 33.35429772059433, "q_75": 33.697197740199044, "min": 33.182847710791975, "max": 33.8686477500014, "mean": 33.52574773039669, "std": 0.3429000196047127, "repeat": 2, "number": 2}]}, "casademo.flagdata_suite.time_flagdata_summary": {"result": [33.55641395691782], "stats": [{"ci_99": [32.771898972801864, 34.34092894103378], "q_25": 33.54856880707666, "q_75": 33.56425910675898, "min": 33.5407236572355, "max": 33.57210425660014, "mean": 33.55641395691782, "std": 0.015690299682319164, "repeat": 2, "number": 2}]}, "casademo.tclean_memory_suite.peakmem_tclean_setweighting": 2032992256}, "params": {"arch": "x86_64", "cpu": "Intel(R) Xeon(R) CPU E5-1660 v4 @ 3.20GHz", "machine": "NRAO workstation", "num_cpu": "16", "os": "Linux 3.10.0-1160.15.2.el7.x86_64", "ram": "32GB", "python": "3.6", "pip+casatools": "trunk", "pip+casatasks": "trunk"}, "requirements": {"pip+casatools": "trunk", "pip+casatasks": "trunk"}, "commit_hash": "022e1c47b7330d2e4581bb412ef8cefd54ecfc66", "date": 1610474936000, "env_name": "virtualenv-py3.6-pip+casatasks-trunk-pip+casatools-trunk", "python": "3.6", "profiles": {}, "started_at": {"casademo.calibration_suite.time_applycal_callib": 1630347861164, "casademo.calibration_suite.time_bandpass": 1630347938154, "casademo.calibration_suite.time_gaincal": 1630348017817, "casademo.flagdata_suite.time_flagdata_bandpassflag": 1630348141120, "casademo.flagdata_suite.time_flagdata_list": 1630348203585, "casademo.flagdata_suite.time_flagdata_list_summary": 1630348468424, "casademo.flagdata_suite.time_flagdata_summary": 1630348534876, "casademo.tclean_memory_suite.peakmem_tclean_setweighting": 1630348602030}, "ended_at": {"casademo.calibration_suite.time_applycal_callib": 1630347938154, "casademo.calibration_suite.time_bandpass": 1630348017816, "casademo.calibration_suite.time_gaincal": 1630348141116, "casademo.flagdata_suite.time_flagdata_bandpassflag": 1630348203585, "casademo.flagdata_suite.time_flagdata_list": 1630348468423, "casademo.flagdata_suite.time_flagdata_list_summary": 1630348534875, "casademo.flagdata_suite.time_flagdata_summary": 1630348602029, "casademo.tclean_memory_suite.peakmem_tclean_setweighting": 1630349191303}, "benchmark_version": {"casademo.calibration_suite.time_applycal_callib": "9ef394762fe7135f58c94c0e46a655fae93e7d107904ceff94d228f23b89a589", "casademo.calibration_suite.time_bandpass": "f706aa044f6bc64b915996b7bdd6bc5666cae0eb7c47ff9a70b5bced6c9fbd0c", "casademo.calibration_suite.time_gaincal": "56f8a9022caccdafe4240fb9a2766b2d5d56cc1c784bd724822d3b040f5b5309", "casademo.flagdata_suite.time_flagdata_bandpassflag": "f55e0ffa6be9d655555c5081a0e7bf2bc00b253273ba7c220de0bd2cfb3baf6c", "casademo.flagdata_suite.time_flagdata_list": "1a40b66ffb4a43d48af3407bae817ed4f7667fe778880859384f5f2e7c9c5d1f", "casademo.flagdata_suite.time_flagdata_list_summary": "3eb284062687484026a1defb4fceb705e83b244e37405f8794d431940ff44b08", "casademo.flagdata_suite.time_flagdata_summary": "9e569fb4e2a2f68e59c510bbf889632173be867104a4e5ba5a98d0eb110e82fb", "casademo.tclean_memory_suite.peakmem_tclean_setweighting": "b08240b9d9211ba7e2ce323aae697e4b25deb8a6db4c5e2e48519cedc4707769"}, "version": 1}
