{"results": {"casademo.calibration_suite.time_applycal_callib": {"result": [36.865915211848915], "stats": [{"ci_99": [-499.8311783717945, 573.5630087954919], "q_25": 31.49894427601248, "q_75": 42.23288614768535, "min": 26.131973340176046, "max": 47.59985708352178, "mean": 36.865915211848915, "std": 10.733941871672869, "repeat": 2, "number": 2}]}, "casademo.calibration_suite.time_bandpass": {"result": [25.53181978361681], "stats": [{"ci_99": [23.55961412610486, 27.50402544112876], "q_25": 25.51209772704169, "q_75": 25.55154184019193, "min": 25.492375670466572, "max": 25.57126389676705, "mean": 25.53181978361681, "std": 0.03944411315023899, "repeat": 2, "number": 2}]}, "casademo.calibration_suite.time_gaincal": {"result": [49.93119700229727], "stats": [{"ci_99": [45.24548987974413, 54.61690412485041], "q_25": 49.884339931071736, "q_75": 49.9780540735228, "min": 49.837482859846205, "max": 50.02491114474833, "mean": 49.93119700229727, "std": 0.0937141424510628, "repeat": 2, "number": 2}]}, "casademo.flagdata_suite.time_flagdata_bandpassflag": {"result": [31.19677904434502], "stats": [{"ci_99": [30.271421311423182, 32.12213677726686], "q_25": 31.187525467015803, "q_75": 31.20603262167424, "min": 31.178271889686584, "max": 31.215286199003458, "mean": 31.19677904434502, "std": 0.018507154658436775, "repeat": 2, "number": 2}]}, "casademo.flagdata_suite.time_flagdata_list": {"result": [133.27178454771638], "stats": [{"ci_99": [132.99627253133804, 133.54729656409472], "q_25": 133.2690294275526, "q_75": 133.27453966788016, "min": 133.2662743073888, "max": 133.27729478804395, "mean": 133.27178454771638, "std": 0.005510240327566862, "repeat": 2, "number": 2}]}, "casademo.flagdata_suite.time_flagdata_list_summary": {"result": [33.637216604780406], "stats": [{"ci_99": [16.09440877707675, 51.180024432484046], "q_25": 33.46178852650337, "q_75": 33.81264468305744, "min": 33.28636044822633, "max": 33.98807276133448, "mean": 33.637216604780406, "std": 0.3508561565540731, "repeat": 2, "number": 2}]}, "casademo.flagdata_suite.time_flagdata_summary": {"result": [33.66263856203295], "stats": [{"ci_99": [31.45012223883532, 35.875154885230586], "q_25": 33.64051339880098, "q_75": 33.68476372526493, "min": 33.618388235569, "max": 33.706888888496906, "mean": 33.66263856203295, "std": 0.04425032646395266, "repeat": 2, "number": 2}]}, "casademo.tclean_memory_suite.peakmem_tclean_setweighting": 2032726016}, "params": {"arch": "x86_64", "cpu": "Intel(R) Xeon(R) CPU E5-1660 v4 @ 3.20GHz", "machine": "NRAO workstation", "num_cpu": "16", "os": "Linux 3.10.0-1160.15.2.el7.x86_64", "ram": "32GB", "python": "3.6", "pip+casatools": "6.2.0", "pip+casatasks": "6.2.0"}, "requirements": {"pip+casatools": "6.2.0", "pip+casatasks": "6.2.0"}, "commit_hash": "027131f37ce73e98ce03ee3037a794ce9bda78dc", "date": 1608059448000, "env_name": "virtualenv-py3.6-pip+casatasks6.2.0.61-pip+casatools6.2.0.61", "python": "3.6", "profiles": {}, "started_at": {"casademo.calibration_suite.time_applycal_callib": 1630371829967, "casademo.calibration_suite.time_bandpass": 1630371906258, "casademo.calibration_suite.time_gaincal": 1630371984667, "casademo.flagdata_suite.time_flagdata_bandpassflag": 1630372108823, "casademo.flagdata_suite.time_flagdata_list": 1630372171216, "casademo.flagdata_suite.time_flagdata_list_summary": 1630372437812, "casademo.flagdata_suite.time_flagdata_summary": 1630372505868, "casademo.tclean_memory_suite.peakmem_tclean_setweighting": 1630372573173}, "ended_at": {"casademo.calibration_suite.time_applycal_callib": 1630371906258, "casademo.calibration_suite.time_bandpass": 1630371984666, "casademo.calibration_suite.time_gaincal": 1630372108819, "casademo.flagdata_suite.time_flagdata_bandpassflag": 1630372171216, "casademo.flagdata_suite.time_flagdata_list": 1630372437812, "casademo.flagdata_suite.time_flagdata_list_summary": 1630372505868, "casademo.flagdata_suite.time_flagdata_summary": 1630372573172, "casademo.tclean_memory_suite.peakmem_tclean_setweighting": 1630373167982}, "benchmark_version": {"casademo.calibration_suite.time_applycal_callib": "9ef394762fe7135f58c94c0e46a655fae93e7d107904ceff94d228f23b89a589", "casademo.calibration_suite.time_bandpass": "f706aa044f6bc64b915996b7bdd6bc5666cae0eb7c47ff9a70b5bced6c9fbd0c", "casademo.calibration_suite.time_gaincal": "56f8a9022caccdafe4240fb9a2766b2d5d56cc1c784bd724822d3b040f5b5309", "casademo.flagdata_suite.time_flagdata_bandpassflag": "f55e0ffa6be9d655555c5081a0e7bf2bc00b253273ba7c220de0bd2cfb3baf6c", "casademo.flagdata_suite.time_flagdata_list": "1a40b66ffb4a43d48af3407bae817ed4f7667fe778880859384f5f2e7c9c5d1f", "casademo.flagdata_suite.time_flagdata_list_summary": "3eb284062687484026a1defb4fceb705e83b244e37405f8794d431940ff44b08", "casademo.flagdata_suite.time_flagdata_summary": "9e569fb4e2a2f68e59c510bbf889632173be867104a4e5ba5a98d0eb110e82fb", "casademo.tclean_memory_suite.peakmem_tclean_setweighting": "b08240b9d9211ba7e2ce323aae697e4b25deb8a6db4c5e2e48519cedc4707769"}, "version": 1}
