{"results": {"casademo.tclean_memory_suite.peakmem_tclean_setweighting": 1978142720, "casademo.calibration_suite.time_applycal_callib": {"result": [26.069702164968476], "stats": [{"ci_99": [16.319575478555635, 35.81982885138131], "q_25": 25.972200898104347, "q_75": 26.167203431832604, "min": 25.87469963124022, "max": 26.264704698696733, "mean": 26.069702164968476, "std": 0.19500253372825682, "repeat": 2, "number": 2}]}, "casademo.calibration_suite.time_bandpass": {"result": [25.865621134173125], "stats": [{"ci_99": [5.448703249450773, 46.28253901889546], "q_25": 25.6614519553259, "q_75": 26.06979031302035, "min": 25.457282776478678, "max": 26.273959491867572, "mean": 25.865621134173125, "std": 0.40833835769444704, "repeat": 2, "number": 2}]}, "casademo.calibration_suite.time_gaincal": {"result": [50.35510783549398], "stats": [{"ci_99": [46.321360846050084, 54.38885482493788], "q_25": 50.31477036559954, "q_75": 50.39544530538842, "min": 50.274432895705104, "max": 50.43578277528286, "mean": 50.35510783549398, "std": 0.08067493978887796, "repeat": 2, "number": 2}]}, "casademo.flagdata_suite.time_flagdata_bandpassflag": {"result": [6.346969194943085], "stats": [{"ci_99": [5.9480359244626015, 6.745902465423569], "q_25": 6.3429798622382805, "q_75": 6.35095852764789, "min": 6.338990529533476, "max": 6.354947860352695, "mean": 6.346969194943085, "std": 0.007978665409609675, "repeat": 2, "number": 2}]}, "casademo.flagdata_suite.time_flagdata_list": {"result": [116.45029362733476], "stats": [{"ci_99": [115.0644871846307, 117.83610007003881], "q_25": 116.43643556290772, "q_75": 116.4641516917618, "min": 116.42257749848068, "max": 116.47800975618884, "mean": 116.45029362733476, "std": 0.027716128854081035, "repeat": 2, "number": 2}]}, "casademo.flagdata_suite.time_flagdata_list_summary": {"result": [8.721961013739929], "stats": [{"ci_99": [8.62573582236655, 8.818186205113307], "q_25": 8.720998761826195, "q_75": 8.722923265653662, "min": 8.720036509912461, "max": 8.723885517567396, "mean": 8.721961013739929, "std": 0.0019245038274675608, "repeat": 2, "number": 2}]}, "casademo.flagdata_suite.time_flagdata_summary": {"result": [8.253914964618161], "stats": [{"ci_99": [8.182150029344484, 8.325679899891838], "q_25": 8.253197315265425, "q_75": 8.254632613970898, "min": 8.252479665912688, "max": 8.255350263323635, "mean": 8.253914964618161, "std": 0.0014352987054735422, "repeat": 2, "number": 2}]}}, "params": {"arch": "x86_64", "cpu": "Intel(R) Xeon(R) CPU E5-1660 v4 @ 3.20GHz", "machine": "NRAO workstation", "num_cpu": "16", "os": "Linux 3.10.0-1160.15.2.el7.x86_64", "ram": "32GB", "python": "3.6", "pip+casatools": "6.1.2", "pip+casatasks": "6.1.2"}, "requirements": {"pip+casatools": "6.1.2", "pip+casatasks": "6.1.2"}, "commit_hash": "02a5c5522c96f533bea65a496edf69bd9434ff25", "date": 1599240822000, "env_name": "virtualenv-py3.6-pip+casatasks6.1.2.1-pip+casatools6.1.2.1", "python": "3.6", "profiles": {}, "started_at": {"casademo.tclean_memory_suite.peakmem_tclean_setweighting": 1630527462646, "casademo.calibration_suite.time_applycal_callib": 1630526909277, "casademo.calibration_suite.time_bandpass": 1630526984467, "casademo.calibration_suite.time_gaincal": 1630527059150, "casademo.flagdata_suite.time_flagdata_bandpassflag": 1630527182806, "casademo.flagdata_suite.time_flagdata_list": 1630527195589, "casademo.flagdata_suite.time_flagdata_list_summary": 1630527428610, "casademo.flagdata_suite.time_flagdata_summary": 1630527446104}, "ended_at": {"casademo.tclean_memory_suite.peakmem_tclean_setweighting": 1630527762510, "casademo.calibration_suite.time_applycal_callib": 1630526984467, "casademo.calibration_suite.time_bandpass": 1630527059150, "casademo.calibration_suite.time_gaincal": 1630527182803, "casademo.flagdata_suite.time_flagdata_bandpassflag": 1630527195589, "casademo.flagdata_suite.time_flagdata_list": 1630527428609, "casademo.flagdata_suite.time_flagdata_list_summary": 1630527446103, "casademo.flagdata_suite.time_flagdata_summary": 1630527462645}, "benchmark_version": {"casademo.calibration_suite.time_applycal_callib": "9ef394762fe7135f58c94c0e46a655fae93e7d107904ceff94d228f23b89a589", "casademo.calibration_suite.time_bandpass": "f706aa044f6bc64b915996b7bdd6bc5666cae0eb7c47ff9a70b5bced6c9fbd0c", "casademo.calibration_suite.time_gaincal": "56f8a9022caccdafe4240fb9a2766b2d5d56cc1c784bd724822d3b040f5b5309", "casademo.flagdata_suite.time_flagdata_bandpassflag": "f55e0ffa6be9d655555c5081a0e7bf2bc00b253273ba7c220de0bd2cfb3baf6c", "casademo.flagdata_suite.time_flagdata_list": "1a40b66ffb4a43d48af3407bae817ed4f7667fe778880859384f5f2e7c9c5d1f", "casademo.flagdata_suite.time_flagdata_list_summary": "3eb284062687484026a1defb4fceb705e83b244e37405f8794d431940ff44b08", "casademo.flagdata_suite.time_flagdata_summary": "9e569fb4e2a2f68e59c510bbf889632173be867104a4e5ba5a98d0eb110e82fb", "casademo.tclean_memory_suite.peakmem_tclean_setweighting": "b08240b9d9211ba7e2ce323aae697e4b25deb8a6db4c5e2e48519cedc4707769"}, "version": 1}
