{"results": {"casademo.calibration_suite.time_applycal_callib": {"result": [26.290341352811083], "stats": [{"ci_99": [-14.629087140550837, 67.20976984617297], "q_25": 25.881147067877464, "q_75": 26.699535637744702, "min": 25.471952782943845, "max": 27.10872992267832, "mean": 26.290341352811083, "std": 0.8183885698672384, "repeat": 2, "number": 2}]}, "casademo.calibration_suite.time_bandpass": {"result": [24.523065543035045], "stats": [{"ci_99": [19.18204991496168, 29.864081171108406], "q_25": 24.46965538675431, "q_75": 24.57647569931578, "min": 24.416245230473578, "max": 24.629885855596513, "mean": 24.523065543035045, "std": 0.10682031256146729, "repeat": 2, "number": 2}]}, "casademo.calibration_suite.time_gaincal": {"result": [49.46457078307867], "stats": [{"ci_99": [42.34497547708452, 56.584166089072816], "q_25": 49.39337483001873, "q_75": 49.53576673613861, "min": 49.32217887695879, "max": 49.606962689198554, "mean": 49.46457078307867, "std": 0.14239190611988306, "repeat": 2, "number": 2}]}, "casademo.flagdata_suite.time_flagdata_bandpassflag": {"result": [6.4605624987743795], "stats": [{"ci_99": [4.609027049969882, 8.312097947578875], "q_25": 6.4420471442863345, "q_75": 6.4790778532624245, "min": 6.4235317897982895, "max": 6.4975932077504694, "mean": 6.4605624987743795, "std": 0.037030708976089954, "repeat": 2, "number": 2}]}, "casademo.flagdata_suite.time_flagdata_list": {"result": [118.49226221023127], "stats": [{"ci_99": [112.98816490964964, 123.99635951081291], "q_25": 118.43722123722546, "q_75": 118.54730318323709, "min": 118.38218026421964, "max": 118.6023441562429, "mean": 118.49226221023127, "std": 0.11008194601163268, "repeat": 2, "number": 2}]}, "casademo.flagdata_suite.time_flagdata_list_summary": {"result": [8.867075501009822], "stats": [{"ci_99": [6.468490415252745, 11.265660586766897], "q_25": 8.843089650152251, "q_75": 8.891061351867393, "min": 8.81910379929468, "max": 8.915047202724963, "mean": 8.867075501009822, "std": 0.047971701715141535, "repeat": 2, "number": 2}]}, "casademo.flagdata_suite.time_flagdata_summary": {"result": [8.728855181252584], "stats": [{"ci_99": [7.531813365640119, 9.925896996865047], "q_25": 8.71688476309646, "q_75": 8.740825599408709, "min": 8.704914344940335, "max": 8.752796017564833, "mean": 8.728855181252584, "std": 0.023940836312249303, "repeat": 2, "number": 2}]}, "casademo.tclean_memory_suite.peakmem_tclean_setweighting": 1978208256}, "params": {"arch": "x86_64", "cpu": "Intel(R) Xeon(R) CPU E5-1660 v4 @ 3.20GHz", "machine": "NRAO workstation", "num_cpu": "16", "os": "Linux 3.10.0-1160.15.2.el7.x86_64", "ram": "32GB", "python": "3.6", "pip+casatools": "6.1.1", "pip+casatasks": "6.1.1"}, "requirements": {"pip+casatools": "6.1.1", "pip+casatasks": "6.1.1"}, "commit_hash": "02a5c5522c96f533bea65a496edf69bd9434ff25", "date": 1599240822000, "env_name": "virtualenv-py3.6-pip+casatasks6.1.1.10-pip+casatools6.1.1.10", "python": "3.6", "profiles": {}, "started_at": {"casademo.calibration_suite.time_applycal_callib": 1630515404615, "casademo.calibration_suite.time_bandpass": 1630515480155, "casademo.calibration_suite.time_gaincal": 1630515554944, "casademo.flagdata_suite.time_flagdata_bandpassflag": 1630515678402, "casademo.flagdata_suite.time_flagdata_list": 1630515691286, "casademo.flagdata_suite.time_flagdata_list_summary": 1630515928114, "casademo.flagdata_suite.time_flagdata_summary": 1630515946009, "casademo.tclean_memory_suite.peakmem_tclean_setweighting": 1630515963452}, "ended_at": {"casademo.calibration_suite.time_applycal_callib": 1630515480155, "casademo.calibration_suite.time_bandpass": 1630515554944, "casademo.calibration_suite.time_gaincal": 1630515678399, "casademo.flagdata_suite.time_flagdata_bandpassflag": 1630515691286, "casademo.flagdata_suite.time_flagdata_list": 1630515928114, "casademo.flagdata_suite.time_flagdata_list_summary": 1630515946008, "casademo.flagdata_suite.time_flagdata_summary": 1630515963452, "casademo.tclean_memory_suite.peakmem_tclean_setweighting": 1630516263510}, "benchmark_version": {"casademo.calibration_suite.time_applycal_callib": "9ef394762fe7135f58c94c0e46a655fae93e7d107904ceff94d228f23b89a589", "casademo.calibration_suite.time_bandpass": "f706aa044f6bc64b915996b7bdd6bc5666cae0eb7c47ff9a70b5bced6c9fbd0c", "casademo.calibration_suite.time_gaincal": "56f8a9022caccdafe4240fb9a2766b2d5d56cc1c784bd724822d3b040f5b5309", "casademo.flagdata_suite.time_flagdata_bandpassflag": "f55e0ffa6be9d655555c5081a0e7bf2bc00b253273ba7c220de0bd2cfb3baf6c", "casademo.flagdata_suite.time_flagdata_list": "1a40b66ffb4a43d48af3407bae817ed4f7667fe778880859384f5f2e7c9c5d1f", "casademo.flagdata_suite.time_flagdata_list_summary": "3eb284062687484026a1defb4fceb705e83b244e37405f8794d431940ff44b08", "casademo.flagdata_suite.time_flagdata_summary": "9e569fb4e2a2f68e59c510bbf889632173be867104a4e5ba5a98d0eb110e82fb", "casademo.tclean_memory_suite.peakmem_tclean_setweighting": "b08240b9d9211ba7e2ce323aae697e4b25deb8a6db4c5e2e48519cedc4707769"}, "version": 1}
