{"results": {"casademo.calibration_suite.time_applycal_callib": {"result": [36.49560946924612], "stats": [{"ci_99": [-701.307466854807, 774.2986857932985], "q_25": 29.117578706005588, "q_75": 43.87364023248665, "min": 21.739547942765057, "max": 51.25167099572718, "mean": 36.49560946924612, "std": 14.756061526481062, "repeat": 2, "number": 2}]}, "casademo.calibration_suite.time_bandpass": {"result": [24.975921327248216], "stats": [{"ci_99": [17.64319413062185, 32.308648523874574], "q_25": 24.902594055281952, "q_75": 25.04924859921448, "min": 24.82926678331569, "max": 25.122575871180743, "mean": 24.975921327248216, "std": 0.1466545439325273, "repeat": 2, "number": 2}]}, "casademo.calibration_suite.time_gaincal": {"result": [50.437350616557524], "stats": [{"ci_99": [47.049318101489916, 53.82538313162513], "q_25": 50.40347029140685, "q_75": 50.4712309417082, "min": 50.36958996625617, "max": 50.505111266858876, "mean": 50.437350616557524, "std": 0.06776065030135214, "repeat": 2, "number": 2}]}, "casademo.flagdata_suite.time_flagdata_bandpassflag": {"result": [31.892936889315024], "stats": [{"ci_99": [26.93403490423225, 36.85183887439779], "q_25": 31.843347869464196, "q_75": 31.94252590916585, "min": 31.79375884961337, "max": 31.99211492901668, "mean": 31.892936889315024, "std": 0.09917803970165551, "repeat": 2, "number": 2}]}, "casademo.flagdata_suite.time_flagdata_list": {"result": [136.9971270575188], "stats": [{"ci_99": [116.84840991115198, 157.14584420388562], "q_25": 136.79563988605514, "q_75": 137.19861422898248, "min": 136.59415271459147, "max": 137.40010140044615, "mean": 136.9971270575188, "std": 0.4029743429273367, "repeat": 2, "number": 2}]}, "casademo.flagdata_suite.time_flagdata_list_summary": {"result": [34.52888256520964], "stats": [{"ci_99": [29.232754869153723, 39.825010261265554], "q_25": 34.47592128824908, "q_75": 34.5818438421702, "min": 34.422960011288524, "max": 34.63480511913076, "mean": 34.52888256520964, "std": 0.10592255392111838, "repeat": 2, "number": 2}]}, "casademo.flagdata_suite.time_flagdata_summary": {"result": [34.38105041626841], "stats": [{"ci_99": [30.984490886330605, 37.77760994620621], "q_25": 34.34708482096903, "q_75": 34.415016011567786, "min": 34.31311922566965, "max": 34.448981606867164, "mean": 34.38105041626841, "std": 0.06793119059875607, "repeat": 2, "number": 2}]}, "casademo.tclean_memory_suite.peakmem_tclean_setweighting": 2033668096}, "params": {"arch": "x86_64", "cpu": "Intel(R) Xeon(R) CPU E5-1660 v4 @ 3.20GHz", "machine": "NRAO workstation", "num_cpu": "16", "os": "Linux 3.10.0-1160.15.2.el7.x86_64", "ram": "32GB", "python": "3.6", "pip+casatools": "6.2.0", "pip+casatasks": "6.2.0"}, "requirements": {"pip+casatools": "6.2.0", "pip+casatasks": "6.2.0"}, "commit_hash": "02bd052117ffe1496260bcde01a17db6be5a9e10", "date": 1611734721000, "env_name": "virtualenv-py3.6-pip+casatasks6.2.0.79-pip+casatools6.2.0.79", "python": "3.6", "profiles": {}, "started_at": {"casademo.calibration_suite.time_applycal_callib": 1630064604934, "casademo.calibration_suite.time_bandpass": 1630064731798, "casademo.calibration_suite.time_gaincal": 1630064806786, "casademo.flagdata_suite.time_flagdata_bandpassflag": 1630064930388, "casademo.flagdata_suite.time_flagdata_list": 1630064994053, "casademo.flagdata_suite.time_flagdata_list_summary": 1630065268904, "casademo.flagdata_suite.time_flagdata_summary": 1630065337812, "casademo.tclean_memory_suite.peakmem_tclean_setweighting": 1630065406470}, "ended_at": {"casademo.calibration_suite.time_applycal_callib": 1630064731797, "casademo.calibration_suite.time_bandpass": 1630064806786, "casademo.calibration_suite.time_gaincal": 1630064930383, "casademo.flagdata_suite.time_flagdata_bandpassflag": 1630064994052, "casademo.flagdata_suite.time_flagdata_list": 1630065268904, "casademo.flagdata_suite.time_flagdata_list_summary": 1630065337812, "casademo.flagdata_suite.time_flagdata_summary": 1630065406469, "casademo.tclean_memory_suite.peakmem_tclean_setweighting": 1630066005728}, "benchmark_version": {"casademo.calibration_suite.time_applycal_callib": "9ef394762fe7135f58c94c0e46a655fae93e7d107904ceff94d228f23b89a589", "casademo.calibration_suite.time_bandpass": "f706aa044f6bc64b915996b7bdd6bc5666cae0eb7c47ff9a70b5bced6c9fbd0c", "casademo.calibration_suite.time_gaincal": "56f8a9022caccdafe4240fb9a2766b2d5d56cc1c784bd724822d3b040f5b5309", "casademo.flagdata_suite.time_flagdata_bandpassflag": "f55e0ffa6be9d655555c5081a0e7bf2bc00b253273ba7c220de0bd2cfb3baf6c", "casademo.flagdata_suite.time_flagdata_list": "1a40b66ffb4a43d48af3407bae817ed4f7667fe778880859384f5f2e7c9c5d1f", "casademo.flagdata_suite.time_flagdata_list_summary": "3eb284062687484026a1defb4fceb705e83b244e37405f8794d431940ff44b08", "casademo.flagdata_suite.time_flagdata_summary": "9e569fb4e2a2f68e59c510bbf889632173be867104a4e5ba5a98d0eb110e82fb", "casademo.tclean_memory_suite.peakmem_tclean_setweighting": "b08240b9d9211ba7e2ce323aae697e4b25deb8a6db4c5e2e48519cedc4707769"}, "version": 1}
