{"results": {"casademo.calibration_suite.time_applycal_callib": {"result": [36.49560946924612], "stats": [{"ci_99": [-701.307466854807, 774.2986857932985], "q_25": 29.117578706005588, "q_75": 43.87364023248665, "min": 21.739547942765057, "max": 51.25167099572718, "mean": 36.49560946924612, "std": 14.756061526481062, "repeat": 2, "number": 2}]}, "casademo.calibration_suite.time_bandpass": {"result": [24.975921327248216], "stats": [{"ci_99": [17.64319413062185, 32.308648523874574], "q_25": 24.902594055281952, "q_75": 25.04924859921448, "min": 24.82926678331569, "max": 25.122575871180743, "mean": 24.975921327248216, "std": 0.1466545439325273, "repeat": 2, "number": 2}]}, "casademo.calibration_suite.time_gaincal": {"result": [50.437350616557524], "stats": [{"ci_99": [47.049318101489916, 53.82538313162513], "q_25": 50.40347029140685, "q_75": 50.4712309417082, "min": 50.36958996625617, "max": 50.505111266858876, "mean": 50.437350616557524, "std": 0.06776065030135214, "repeat": 2, "number": 2}]}, "casademo.flagdata_suite.time_flagdata_bandpassflag": {"result": [31.892936889315024], "stats": [{"ci_99": [26.93403490423225, 36.85183887439779], "q_25": 31.843347869464196, "q_75": 31.94252590916585, "min": 31.79375884961337, "max": 31.99211492901668, "mean": 31.892936889315024, "std": 0.09917803970165551, "repeat": 2, "number": 2}]}, "casademo.flagdata_suite.time_flagdata_list": {"result": [136.9971270575188], "stats": [{"ci_99": [116.84840991115198, 157.14584420388562], "q_25": 136.79563988605514, "q_75": 137.19861422898248, "min": 136.59415271459147, "max": 137.40010140044615, "mean": 136.9971270575188, "std": 0.4029743429273367, "repeat": 2, "number": 2}]}, "casademo.flagdata_suite.time_flagdata_list_summary": {"result": [34.52888256520964], "stats": [{"ci_99": [29.232754869153723, 39.825010261265554], "q_25": 34.47592128824908, "q_75": 34.5818438421702, "min": 34.422960011288524, "max": 34.63480511913076, "mean": 34.52888256520964, "std": 0.10592255392111838, "repeat": 2, "number": 2}]}, "casademo.flagdata_suite.time_flagdata_summary": {"result": [34.38105041626841], "stats": [{"ci_99": [30.984490886330605, 37.77760994620621], "q_25": 34.34708482096903, "q_75": 34.415016011567786, "min": 34.31311922566965, "max": 34.448981606867164, "mean": 34.38105041626841, "std": 0.06793119059875607, "repeat": 2, "number": 2}]}, "casademo.tclean_memory_suite.peakmem_tclean_setweighting": 2033668096}, "params": {"arch": "x86_64", "cpu": "Intel(R) Xeon(R) CPU E5-1660 v4 @ 3.20GHz", "machine": "NRAO workstation", "num_cpu": "16", "os": "Linux 3.10.0-1160.15.2.el7.x86_64", "ram": "32GB", "python": "3.6", "pip+casatools": "6.2.0", "pip+casatasks": "6.2.0"}, "requirements": {"pip+casatools": "6.2.0", "pip+casatasks": "6.2.0"}, "commit_hash": "02bd052117ffe1496260bcde01a17db6be5a9e10", "date": 1611734721000, "env_name": "virtualenv-py3.6-pip+casatasks6.2.0.79-pip+casatools6.2.0.79", "python": "3.6", "profiles": {}, "started_at": {"casademo.calibration_suite.time_applycal_callib": 1630064604934, "casademo.calibration_suite.time_bandpass": 1630064731798, "casademo.calibration_suite.time_gaincal": 1630064806786, "casademo.flagdata_suite.time_flagdata_bandpassflag": 1630064930388, "casademo.flagdata_suite.time_flagdata_list": 1630064994053, "casademo.flagdata_suite.time_flagdata_list_summary": 1630065268904, "casademo.flagdata_suite.time_flagdata_summary": 1630065337812, "casademo.tclean_memory_suite.peakmem_tclean_setweighting": 1630065406470}, "ended_at": {"casademo.calibration_suite.time_applycal_callib": 1630064731797, "casademo.calibration_suite.time_bandpass": 1630064806786, "casademo.calibration_suite.time_gaincal": 1630064930383, "casademo.flagdata_suite.time_flagdata_bandpassflag": 1630064994052, "casademo.flagdata_suite.time_flagdata_list": 1630065268904, "casademo.flagdata_suite.time_flagdata_list_summary": 1630065337812, "casademo.flagdata_suite.time_flagdata_summary": 1630065406469, "casademo.tclean_memory_suite.peakmem_tclean_setweighting": 1630066005728}, "benchmark_version": {"casademo.calibration_suite.time_applycal_callib": "1f6437b2270507d06f2c91c35b12dce1187d02851c4b0d0c872bbcfda3e5c4f6", "casademo.calibration_suite.time_bandpass": "a69d32cd1360ece09039f1051989506a7673f5a708021e87c81e0936374d64ce", "casademo.calibration_suite.time_gaincal": "70a393fa53b72183c406b9cc585dca7828b9b8d585b8077a80e0946ee81ebeb0", "casademo.flagdata_suite.time_flagdata_bandpassflag": "6bc01de4a73ffea44f2190b51350292cc1e1256989be0f26cc4ec77341df934a", "casademo.flagdata_suite.time_flagdata_list": "f4d15370d3c2c0c746d0c9c28b87ee190865ebfa9e210cc5773201bea0df7bf9", "casademo.flagdata_suite.time_flagdata_list_summary": "58e4c1cc3e1c3c5f723c910c861bad52078405a7026f0321526fad1a15b04ee3", "casademo.flagdata_suite.time_flagdata_summary": "7d302987a4e4e75e43325fd83f2c968688e4b8a56a6476db46a4fcc0bc003e95", "casademo.tclean_memory_suite.peakmem_tclean_setweighting": "3fb5214d1e8e5bf8170efbe8114cd88b0e1e51db87c955bc588eb95ba91e4f71"}, "version": 1}
