{"results": {"casademo.tclean_memory_suite.peakmem_tclean_setweighting": 2154401792, "casademo.calibration_suite.time_applycal_callib": {"result": [26.600393971195444], "stats": [{"ci_99": [-35.57573153707199, 88.77651947946282], "q_25": 25.97863271611277, "q_75": 27.22215522627812, "min": 25.356871461030096, "max": 27.843916481360793, "mean": 26.600393971195444, "std": 1.2435225101653486, "repeat": 2, "number": 2}]}, "casademo.calibration_suite.time_bandpass": {"result": [25.192948330193758], "stats": [{"ci_99": [6.871551686897874, 43.51434497348963], "q_25": 25.0097343637608, "q_75": 25.376162296626717, "min": 24.82652039732784, "max": 25.559376263059676, "mean": 25.192948330193758, "std": 0.3664279328659177, "repeat": 2, "number": 2}]}, "casademo.calibration_suite.time_gaincal": {"result": [48.80106486030854], "stats": [{"ci_99": [32.33266594703309, 65.26946377358398], "q_25": 48.63638087117579, "q_75": 48.9657488494413, "min": 48.471696882043034, "max": 49.13043283857405, "mean": 48.80106486030854, "std": 0.329367978265509, "repeat": 2, "number": 2}]}, "casademo.flagdata_suite.time_flagdata_bandpassflag": {"result": [9.327871948247775], "stats": [{"ci_99": [7.008711902657524, 11.647031993838025], "q_25": 9.304680347791873, "q_75": 9.351063548703678, "min": 9.28148874733597, "max": 9.37425514915958, "mean": 9.327871948247775, "std": 0.046383200911805034, "repeat": 2, "number": 2}]}, "casademo.flagdata_suite.time_flagdata_list": {"result": [111.60297655058093], "stats": [{"ci_99": [108.43431078153662, 114.77164231962524], "q_25": 111.57128989289049, "q_75": 111.63466320827138, "min": 111.53960323520005, "max": 111.66634986596182, "mean": 111.60297655058093, "std": 0.0633733153808862, "repeat": 2, "number": 2}]}, "casademo.flagdata_suite.time_flagdata_list_summary": {"result": [12.059154975228012], "stats": [{"ci_99": [4.327160198241472, 19.791149752214544], "q_25": 11.981835027458146, "q_75": 12.136474922997877, "min": 11.90451507968828, "max": 12.213794870767742, "mean": 12.059154975228012, "std": 0.1546398955397308, "repeat": 2, "number": 2}]}, "casademo.flagdata_suite.time_flagdata_summary": {"result": [11.641205558087677], "stats": [{"ci_99": [-1.2265548673458397, 24.508965983521183], "q_25": 11.512527953833342, "q_75": 11.769883162342012, "min": 11.383850349579006, "max": 11.898560766596347, "mean": 11.641205558087677, "std": 0.25735520850867033, "repeat": 2, "number": 2}]}}, "params": {"arch": "x86_64", "cpu": "Intel(R) Xeon(R) CPU E5-1660 v4 @ 3.20GHz", "machine": "NRAO workstation", "num_cpu": "16", "os": "Linux 3.10.0-1160.15.2.el7.x86_64", "ram": "32GB", "python": "3.6", "pip+casatools": "6.2.1", "pip+casatasks": "6.2.1"}, "requirements": {"pip+casatools": "6.2.1", "pip+casatasks": "6.2.1"}, "commit_hash": "02e613c19b2daa1569dcd6d94448b6c4f75f3cb3", "date": 1625232723000, "env_name": "virtualenv-py3.6-pip+casatasks6.2.1.2-pip+casatools6.2.1.2", "python": "3.6", "profiles": {}, "started_at": {"casademo.tclean_memory_suite.peakmem_tclean_setweighting": 1630504158736, "casademo.calibration_suite.time_applycal_callib": 1630503592264, "casademo.calibration_suite.time_bandpass": 1630503666051, "casademo.calibration_suite.time_gaincal": 1630503744814, "casademo.flagdata_suite.time_flagdata_bandpassflag": 1630503868423, "casademo.flagdata_suite.time_flagdata_list": 1630503887220, "casademo.flagdata_suite.time_flagdata_list_summary": 1630504110367, "casademo.flagdata_suite.time_flagdata_summary": 1630504134877}, "ended_at": {"casademo.tclean_memory_suite.peakmem_tclean_setweighting": 1630504341540, "casademo.calibration_suite.time_applycal_callib": 1630503666051, "casademo.calibration_suite.time_bandpass": 1630503744813, "casademo.calibration_suite.time_gaincal": 1630503868420, "casademo.flagdata_suite.time_flagdata_bandpassflag": 1630503887219, "casademo.flagdata_suite.time_flagdata_list": 1630504110367, "casademo.flagdata_suite.time_flagdata_list_summary": 1630504134877, "casademo.flagdata_suite.time_flagdata_summary": 1630504158735}, "benchmark_version": {"casademo.tclean_memory_suite.peakmem_tclean_setweighting": "b08240b9d9211ba7e2ce323aae697e4b25deb8a6db4c5e2e48519cedc4707769", "casademo.calibration_suite.time_applycal_callib": "9ef394762fe7135f58c94c0e46a655fae93e7d107904ceff94d228f23b89a589", "casademo.calibration_suite.time_bandpass": "f706aa044f6bc64b915996b7bdd6bc5666cae0eb7c47ff9a70b5bced6c9fbd0c", "casademo.calibration_suite.time_gaincal": "56f8a9022caccdafe4240fb9a2766b2d5d56cc1c784bd724822d3b040f5b5309", "casademo.flagdata_suite.time_flagdata_bandpassflag": "f55e0ffa6be9d655555c5081a0e7bf2bc00b253273ba7c220de0bd2cfb3baf6c", "casademo.flagdata_suite.time_flagdata_list": "1a40b66ffb4a43d48af3407bae817ed4f7667fe778880859384f5f2e7c9c5d1f", "casademo.flagdata_suite.time_flagdata_list_summary": "3eb284062687484026a1defb4fceb705e83b244e37405f8794d431940ff44b08", "casademo.flagdata_suite.time_flagdata_summary": "9e569fb4e2a2f68e59c510bbf889632173be867104a4e5ba5a98d0eb110e82fb"}, "version": 1}
