{"results": {"casademo.calibration_suite.time_applycal_callib": {"result": [27.53404899290763], "stats": [{"ci_99": [-30.312470509437844, 85.38056849525304], "q_25": 26.955583797884174, "q_75": 28.112514187931083, "min": 26.37711860286072, "max": 28.690979382954538, "mean": 27.53404899290763, "std": 1.1569303900469095, "repeat": 2, "number": 2}]}, "casademo.calibration_suite.time_bandpass": {"result": [25.077816126635298], "stats": [{"ci_99": [-0.7122107387986034, 50.86784299206918], "q_25": 24.81991585798096, "q_75": 25.335716395289637, "min": 24.56201558932662, "max": 25.593616663943976, "mean": 25.077816126635298, "std": 0.515800537308678, "repeat": 2, "number": 2}]}, "casademo.calibration_suite.time_gaincal": {"result": [49.79371497221291], "stats": [{"ci_99": [49.641217350028455, 49.946212594397366], "q_25": 49.792189995991066, "q_75": 49.795239948434755, "min": 49.79066501976922, "max": 49.7967649246566, "mean": 49.79371497221291, "std": 0.003049952443689108, "repeat": 2, "number": 2}]}, "casademo.flagdata_suite.time_flagdata_bandpassflag": {"result": [31.33438217546791], "stats": [{"ci_99": [29.018846872262657, 33.64991747867316], "q_25": 31.311226822435856, "q_75": 31.35753752849996, "min": 31.288071469403803, "max": 31.380692881532013, "mean": 31.33438217546791, "std": 0.046310706064105034, "repeat": 2, "number": 2}]}, "casademo.flagdata_suite.time_flagdata_list": {"result": [133.53119605290703], "stats": [{"ci_99": [107.95857300818898, 159.10381909762506], "q_25": 133.27546982245985, "q_75": 133.78692228335422, "min": 133.01974359201267, "max": 134.0426485138014, "mean": 133.53119605290703, "std": 0.5114524608943611, "repeat": 2, "number": 2}]}, "casademo.flagdata_suite.time_flagdata_list_summary": {"result": [33.65229836641811], "stats": [{"ci_99": [14.031309347832575, 53.27328738500363], "q_25": 33.45608847623225, "q_75": 33.848508256603964, "min": 33.2598785860464, "max": 34.04471814678982, "mean": 33.65229836641811, "std": 0.39241978037171066, "repeat": 2, "number": 2}]}, "casademo.flagdata_suite.time_flagdata_summary": {"result": [33.72373943193816], "stats": [{"ci_99": [31.241643174784258, 36.205835689092055], "q_25": 33.69891846936662, "q_75": 33.748560394509695, "min": 33.67409750679508, "max": 33.773381357081234, "mean": 33.72373943193816, "std": 0.04964192514307797, "repeat": 2, "number": 2}]}, "casademo.tclean_memory_suite.peakmem_tclean_setweighting": 2033025024}, "params": {"arch": "x86_64", "cpu": "Intel(R) Xeon(R) CPU E5-1660 v4 @ 3.20GHz", "machine": "NRAO workstation", "num_cpu": "16", "os": "Linux 3.10.0-1160.15.2.el7.x86_64", "ram": "32GB", "python": "3.6", "pip+casatools": "6.2.0", "pip+casatasks": "6.2.0"}, "requirements": {"pip+casatools": "6.2.0", "pip+casatasks": "6.2.0"}, "commit_hash": "02f589887eaf05bfd6d97c68cd5bb0b9613dcca8", "date": 1609796063000, "env_name": "virtualenv-py3.6-pip+casatasks6.2.0.65-pip+casatools6.2.0.65", "python": "3.6", "profiles": {}, "started_at": {"casademo.calibration_suite.time_applycal_callib": 1630352449192, "casademo.calibration_suite.time_bandpass": 1630352530195, "casademo.calibration_suite.time_gaincal": 1630352608810, "casademo.flagdata_suite.time_flagdata_bandpassflag": 1630352732718, "casademo.flagdata_suite.time_flagdata_list": 1630352795362, "casademo.flagdata_suite.time_flagdata_list_summary": 1630353063511, "casademo.flagdata_suite.time_flagdata_summary": 1630353130112, "casademo.tclean_memory_suite.peakmem_tclean_setweighting": 1630353197515}, "ended_at": {"casademo.calibration_suite.time_applycal_callib": 1630352530195, "casademo.calibration_suite.time_bandpass": 1630352608810, "casademo.calibration_suite.time_gaincal": 1630352732715, "casademo.flagdata_suite.time_flagdata_bandpassflag": 1630352795361, "casademo.flagdata_suite.time_flagdata_list": 1630353063510, "casademo.flagdata_suite.time_flagdata_list_summary": 1630353130112, "casademo.flagdata_suite.time_flagdata_summary": 1630353197514, "casademo.tclean_memory_suite.peakmem_tclean_setweighting": 1630353791356}, "benchmark_version": {"casademo.calibration_suite.time_applycal_callib": "9ef394762fe7135f58c94c0e46a655fae93e7d107904ceff94d228f23b89a589", "casademo.calibration_suite.time_bandpass": "f706aa044f6bc64b915996b7bdd6bc5666cae0eb7c47ff9a70b5bced6c9fbd0c", "casademo.calibration_suite.time_gaincal": "56f8a9022caccdafe4240fb9a2766b2d5d56cc1c784bd724822d3b040f5b5309", "casademo.flagdata_suite.time_flagdata_bandpassflag": "f55e0ffa6be9d655555c5081a0e7bf2bc00b253273ba7c220de0bd2cfb3baf6c", "casademo.flagdata_suite.time_flagdata_list": "1a40b66ffb4a43d48af3407bae817ed4f7667fe778880859384f5f2e7c9c5d1f", "casademo.flagdata_suite.time_flagdata_list_summary": "3eb284062687484026a1defb4fceb705e83b244e37405f8794d431940ff44b08", "casademo.flagdata_suite.time_flagdata_summary": "9e569fb4e2a2f68e59c510bbf889632173be867104a4e5ba5a98d0eb110e82fb", "casademo.tclean_memory_suite.peakmem_tclean_setweighting": "b08240b9d9211ba7e2ce323aae697e4b25deb8a6db4c5e2e48519cedc4707769"}, "version": 1}
