{"results": {"casademo.calibration_suite.time_applycal_callib": {"result": [38.79096458898857], "stats": [{"ci_99": [-617.207452354487, 694.7893815324636], "q_25": 32.230980419553816, "q_75": 45.35094875842333, "min": 25.67099625011906, "max": 51.910932927858084, "mean": 38.79096458898857, "std": 13.119968338869512, "repeat": 2, "number": 2}]}, "casademo.calibration_suite.time_bandpass": {"result": [24.621475492836908], "stats": [{"ci_99": [2.064640743425116, 47.178310242248685], "q_25": 24.39590714534279, "q_75": 24.847043840331025, "min": 24.17033879784867, "max": 25.072612187825143, "mean": 24.621475492836908, "std": 0.45113669498823583, "repeat": 2, "number": 2}]}, "casademo.calibration_suite.time_gaincal": {"result": [50.165984361898154], "stats": [{"ci_99": [26.056022361386567, 74.27594636240971], "q_25": 49.92488474189304, "q_75": 50.40708398190327, "min": 49.68378512188792, "max": 50.648183601908386, "mean": 50.165984361898154, "std": 0.48219924001023173, "repeat": 2, "number": 2}]}, "casademo.flagdata_suite.time_flagdata_bandpassflag": {"result": [5.456172860926017], "stats": [{"ci_99": [2.748170855687931, 8.164174866164101], "q_25": 5.429092840873636, "q_75": 5.483252880978398, "min": 5.4020128208212554, "max": 5.510332901030779, "mean": 5.456172860926017, "std": 0.05416004010476172, "repeat": 2, "number": 2}]}, "casademo.flagdata_suite.time_flagdata_list": {"result": [105.82298145443201], "stats": [{"ci_99": [102.99649953655899, 108.64946337230504], "q_25": 105.79471663525328, "q_75": 105.85124627361074, "min": 105.76645181607455, "max": 105.87951109278947, "mean": 105.82298145443201, "std": 0.0565296383574605, "repeat": 2, "number": 2}]}, "casademo.flagdata_suite.time_flagdata_list_summary": {"result": [7.6833895922172815], "stats": [{"ci_99": [5.500090348301455, 9.866688836133106], "q_25": 7.661556599778123, "q_75": 7.70522258465644, "min": 7.639723607338965, "max": 7.727055577095598, "mean": 7.6833895922172815, "std": 0.04366598487831652, "repeat": 2, "number": 2}]}, "casademo.flagdata_suite.time_flagdata_summary": {"result": [7.282525082817301], "stats": [{"ci_99": [-0.46412553335539997, 15.029175698989995], "q_25": 7.205058576655574, "q_75": 7.359991588979028, "min": 7.127592070493847, "max": 7.437458095140755, "mean": 7.282525082817301, "std": 0.15493301232345402, "repeat": 2, "number": 2}]}, "casademo.tclean_memory_suite.peakmem_tclean_setweighting": 1864880128}, "params": {"arch": "x86_64", "cpu": "Intel(R) Xeon(R) CPU E5-1660 v4 @ 3.20GHz", "machine": "NRAO workstation", "num_cpu": "16", "os": "Linux 3.10.0-1160.15.2.el7.x86_64", "ram": "32GB", "python": "3.6", "pip+casatools": "trunk", "pip+casatasks": "trunk"}, "requirements": {"pip+casatools": "trunk", "pip+casatasks": "trunk"}, "commit_hash": "03438728be2c1bd4d29fc8a5138c225fa920fb8d", "date": 1603467100000, "env_name": "virtualenv-py3.6-pip+casatasks-trunk-pip+casatools-trunk", "python": "3.6", "profiles": {}, "started_at": {"casademo.calibration_suite.time_applycal_callib": 1630422015515, "casademo.calibration_suite.time_bandpass": 1630422143081, "casademo.calibration_suite.time_gaincal": 1630422218818, "casademo.flagdata_suite.time_flagdata_bandpassflag": 1630422342629, "casademo.flagdata_suite.time_flagdata_list": 1630422353709, "casademo.flagdata_suite.time_flagdata_list_summary": 1630422565532, "casademo.flagdata_suite.time_flagdata_summary": 1630422581065, "casademo.tclean_memory_suite.peakmem_tclean_setweighting": 1630422596003}, "ended_at": {"casademo.calibration_suite.time_applycal_callib": 1630422143081, "casademo.calibration_suite.time_bandpass": 1630422218817, "casademo.calibration_suite.time_gaincal": 1630422342621, "casademo.flagdata_suite.time_flagdata_bandpassflag": 1630422353708, "casademo.flagdata_suite.time_flagdata_list": 1630422565531, "casademo.flagdata_suite.time_flagdata_list_summary": 1630422581064, "casademo.flagdata_suite.time_flagdata_summary": 1630422596002, "casademo.tclean_memory_suite.peakmem_tclean_setweighting": 1630422890776}, "benchmark_version": {"casademo.calibration_suite.time_applycal_callib": "9ef394762fe7135f58c94c0e46a655fae93e7d107904ceff94d228f23b89a589", "casademo.calibration_suite.time_bandpass": "f706aa044f6bc64b915996b7bdd6bc5666cae0eb7c47ff9a70b5bced6c9fbd0c", "casademo.calibration_suite.time_gaincal": "56f8a9022caccdafe4240fb9a2766b2d5d56cc1c784bd724822d3b040f5b5309", "casademo.flagdata_suite.time_flagdata_bandpassflag": "f55e0ffa6be9d655555c5081a0e7bf2bc00b253273ba7c220de0bd2cfb3baf6c", "casademo.flagdata_suite.time_flagdata_list": "1a40b66ffb4a43d48af3407bae817ed4f7667fe778880859384f5f2e7c9c5d1f", "casademo.flagdata_suite.time_flagdata_list_summary": "3eb284062687484026a1defb4fceb705e83b244e37405f8794d431940ff44b08", "casademo.flagdata_suite.time_flagdata_summary": "9e569fb4e2a2f68e59c510bbf889632173be867104a4e5ba5a98d0eb110e82fb", "casademo.tclean_memory_suite.peakmem_tclean_setweighting": "b08240b9d9211ba7e2ce323aae697e4b25deb8a6db4c5e2e48519cedc4707769"}, "version": 1}
