{"results": {"casademo.calibration_suite.time_applycal_callib": {"result": [40.084827651735395], "stats": [{"ci_99": [-608.3283980074339, 688.4980533109041], "q_25": 33.6006953951437, "q_75": 46.56895990832709, "min": 27.11656313855201, "max": 53.05309216491878, "mean": 40.084827651735395, "std": 12.968264513183385, "repeat": 2, "number": 2}]}, "casademo.calibration_suite.time_bandpass": {"result": [24.47597270552069], "stats": [{"ci_99": [11.318001991137862, 37.6339434199035], "q_25": 24.34439299837686, "q_75": 24.607552412664518, "min": 24.212813291233033, "max": 24.739132119808346, "mean": 24.47597270552069, "std": 0.26315941428765655, "repeat": 2, "number": 2}]}, "casademo.calibration_suite.time_gaincal": {"result": [50.20888697193004], "stats": [{"ci_99": [36.04791314876638, 64.36986079509369], "q_25": 50.067277233698405, "q_75": 50.35049671016168, "min": 49.92566749546677, "max": 50.492106448393315, "mean": 50.20888697193004, "std": 0.28321947646327317, "repeat": 2, "number": 2}]}, "casademo.flagdata_suite.time_flagdata_bandpassflag": {"result": [30.745564380194992], "stats": [{"ci_99": [28.390278553124517, 33.10085020726547], "q_25": 30.722011521924287, "q_75": 30.769117238465697, "min": 30.698458663653582, "max": 30.7926700967364, "mean": 30.745564380194992, "std": 0.04710571654140949, "repeat": 2, "number": 2}]}, "casademo.flagdata_suite.time_flagdata_list": {"result": [132.72959088999778], "stats": [{"ci_99": [131.17093052342534, 134.28825125657022], "q_25": 132.71400428633206, "q_75": 132.7451774936635, "min": 132.69841768266633, "max": 132.76076409732923, "mean": 132.72959088999778, "std": 0.031173207331448793, "repeat": 2, "number": 2}]}, "casademo.flagdata_suite.time_flagdata_list_summary": {"result": [33.62690295511857], "stats": [{"ci_99": [33.472561430651695, 33.78124447958544], "q_25": 33.6253595398739, "q_75": 33.628446370363235, "min": 33.62381612462923, "max": 33.629989785607904, "mean": 33.62690295511857, "std": 0.0030868304893374443, "repeat": 2, "number": 2}]}, "casademo.flagdata_suite.time_flagdata_summary": {"result": [33.2250344150234], "stats": [{"ci_99": [30.559438506839797, 35.890630323207006], "q_25": 33.198378455941565, "q_75": 33.25169037410524, "min": 33.17172249685973, "max": 33.27834633318707, "mean": 33.2250344150234, "std": 0.05331191816367209, "repeat": 2, "number": 2}]}, "casademo.tclean_memory_suite.peakmem_tclean_setweighting": 2032910336}, "params": {"arch": "x86_64", "cpu": "Intel(R) Xeon(R) CPU E5-1660 v4 @ 3.20GHz", "machine": "NRAO workstation", "num_cpu": "16", "os": "Linux 3.10.0-1160.15.2.el7.x86_64", "ram": "32GB", "python": "3.6", "pip+casatools": "6.2.0", "pip+casatasks": "6.2.0"}, "requirements": {"pip+casatools": "6.2.0", "pip+casatasks": "6.2.0"}, "commit_hash": "04af6ebfd0c118f2eeb1c7a5bdeb9243a05e7630", "date": 1610961784000, "env_name": "virtualenv-py3.6-pip+casatasks6.2.0.73-pip+casatools6.2.0.73", "python": "3.6", "profiles": {}, "started_at": {"casademo.calibration_suite.time_applycal_callib": 1630067330140, "casademo.calibration_suite.time_bandpass": 1630067410191, "casademo.calibration_suite.time_gaincal": 1630067485474, "casademo.flagdata_suite.time_flagdata_bandpassflag": 1630067608634, "casademo.flagdata_suite.time_flagdata_list": 1630067670076, "casademo.flagdata_suite.time_flagdata_list_summary": 1630067935519, "casademo.flagdata_suite.time_flagdata_summary": 1630068002823, "casademo.tclean_memory_suite.peakmem_tclean_setweighting": 1630068069426}, "ended_at": {"casademo.calibration_suite.time_applycal_callib": 1630067410190, "casademo.calibration_suite.time_bandpass": 1630067485474, "casademo.calibration_suite.time_gaincal": 1630067608627, "casademo.flagdata_suite.time_flagdata_bandpassflag": 1630067670075, "casademo.flagdata_suite.time_flagdata_list": 1630067935518, "casademo.flagdata_suite.time_flagdata_list_summary": 1630068002823, "casademo.flagdata_suite.time_flagdata_summary": 1630068069426, "casademo.tclean_memory_suite.peakmem_tclean_setweighting": 1630068672982}, "benchmark_version": {"casademo.calibration_suite.time_applycal_callib": "1f6437b2270507d06f2c91c35b12dce1187d02851c4b0d0c872bbcfda3e5c4f6", "casademo.calibration_suite.time_bandpass": "a69d32cd1360ece09039f1051989506a7673f5a708021e87c81e0936374d64ce", "casademo.calibration_suite.time_gaincal": "70a393fa53b72183c406b9cc585dca7828b9b8d585b8077a80e0946ee81ebeb0", "casademo.flagdata_suite.time_flagdata_bandpassflag": "6bc01de4a73ffea44f2190b51350292cc1e1256989be0f26cc4ec77341df934a", "casademo.flagdata_suite.time_flagdata_list": "f4d15370d3c2c0c746d0c9c28b87ee190865ebfa9e210cc5773201bea0df7bf9", "casademo.flagdata_suite.time_flagdata_list_summary": "58e4c1cc3e1c3c5f723c910c861bad52078405a7026f0321526fad1a15b04ee3", "casademo.flagdata_suite.time_flagdata_summary": "7d302987a4e4e75e43325fd83f2c968688e4b8a56a6476db46a4fcc0bc003e95", "casademo.tclean_memory_suite.peakmem_tclean_setweighting": "3fb5214d1e8e5bf8170efbe8114cd88b0e1e51db87c955bc588eb95ba91e4f71"}, "version": 1}
