{"results": {"casademo.calibration_suite.time_applycal_callib": {"result": [25.97864205064252], "stats": [{"ci_99": [23.215848743449897, 28.74143535783514], "q_25": 25.951014117570594, "q_75": 26.006269983714446, "min": 25.923386184498668, "max": 26.033897916786373, "mean": 25.97864205064252, "std": 0.05525586614385247, "repeat": 2, "number": 2}]}, "casademo.calibration_suite.time_bandpass": null, "casademo.calibration_suite.time_gaincal": {"result": [50.35116861574352], "stats": [{"ci_99": [25.6808362249285, 75.02150100655851], "q_25": 50.10446529183537, "q_75": 50.59787193965167, "min": 49.85776196792722, "max": 50.84457526355982, "mean": 50.35116861574352, "std": 0.4934066478163004, "repeat": 2, "number": 2}]}, "casademo.flagdata_suite.time_flagdata_bandpassflag": {"result": [9.025271970313042], "stats": [{"ci_99": [7.873445574659854, 10.17709836596623], "q_25": 9.01375370635651, "q_75": 9.036790234269574, "min": 9.002235442399979, "max": 9.048308498226106, "mean": 9.025271970313042, "std": 0.023036527913063765, "repeat": 2, "number": 2}]}, "casademo.flagdata_suite.time_flagdata_list": {"result": [112.78385381679982], "stats": [{"ci_99": [108.84598527569324, 116.7217223579064], "q_25": 112.74447513138875, "q_75": 112.82323250221089, "min": 112.70509644597769, "max": 112.86261118762195, "mean": 112.78385381679982, "std": 0.07875737082213163, "repeat": 2, "number": 2}]}, "casademo.flagdata_suite.time_flagdata_list_summary": {"result": [11.81914419773966], "stats": [{"ci_99": [10.210909414105117, 13.427378981374202], "q_25": 11.803061849903315, "q_75": 11.835226545576006, "min": 11.78697950206697, "max": 11.851308893412352, "mean": 11.81914419773966, "std": 0.03216469567269087, "repeat": 2, "number": 2}]}, "casademo.flagdata_suite.time_flagdata_summary": {"result": [11.58532571233809], "stats": [{"ci_99": [11.028948856517673, 12.141702568158507], "q_25": 11.579761943779886, "q_75": 11.590889480896294, "min": 11.574198175221682, "max": 11.596453249454498, "mean": 11.58532571233809, "std": 0.011127537116408348, "repeat": 2, "number": 2}]}, "casademo.tclean_memory_suite.peakmem_tclean_setweighting": 1961033728, "casademo.tclean_memory_suite.track_tclean_file_descriptors_cubemode_mosaic_briggs": 128}, "params": {"arch": "x86_64", "cpu": "Intel(R) Xeon(R) CPU E5-1660 v4 @ 3.20GHz", "machine": "NRAO workstation", "num_cpu": "16", "os": "Linux 3.10.0-1160.15.2.el7.x86_64", "ram": "32GB", "python": "3.6", "pip+casatasks": "trunk"}, "requirements": {"pip+casatasks": "trunk"}, "commit_hash": "0583dddda90fa11db0f8e4cb4acfcddb55703e87", "date": 1635148470000, "env_name": "virtualenv-py3.6-pip+casatasks-trunk", "python": "3.6", "profiles": {}, "started_at": {"casademo.calibration_suite.time_applycal_callib": 1637257725269, "casademo.calibration_suite.time_bandpass": 1637257271779, "casademo.calibration_suite.time_gaincal": 1637257801562, "casademo.flagdata_suite.time_flagdata_bandpassflag": 1637257926574, "casademo.flagdata_suite.time_flagdata_list": 1637257944619, "casademo.flagdata_suite.time_flagdata_list_summary": 1637258170075, "casademo.flagdata_suite.time_flagdata_summary": 1637258193733, "casademo.tclean_memory_suite.peakmem_tclean_setweighting": 1637258216991, "casademo.tclean_memory_suite.track_tclean_file_descriptors_cubemode_mosaic_briggs": 1637258391558}, "ended_at": {"casademo.calibration_suite.time_applycal_callib": 1637257801561, "casademo.calibration_suite.time_bandpass": 1637257309176, "casademo.calibration_suite.time_gaincal": 1637257926573, "casademo.flagdata_suite.time_flagdata_bandpassflag": 1637257944619, "casademo.flagdata_suite.time_flagdata_list": 1637258170075, "casademo.flagdata_suite.time_flagdata_list_summary": 1637258193733, "casademo.flagdata_suite.time_flagdata_summary": 1637258216990, "casademo.tclean_memory_suite.peakmem_tclean_setweighting": 1637258391557, "casademo.tclean_memory_suite.track_tclean_file_descriptors_cubemode_mosaic_briggs": 1637258562494}, "benchmark_version": {"casademo.calibration_suite.time_applycal_callib": "9ef394762fe7135f58c94c0e46a655fae93e7d107904ceff94d228f23b89a589", "casademo.calibration_suite.time_bandpass": "f706aa044f6bc64b915996b7bdd6bc5666cae0eb7c47ff9a70b5bced6c9fbd0c", "casademo.calibration_suite.time_gaincal": "56f8a9022caccdafe4240fb9a2766b2d5d56cc1c784bd724822d3b040f5b5309", "casademo.flagdata_suite.time_flagdata_bandpassflag": "f55e0ffa6be9d655555c5081a0e7bf2bc00b253273ba7c220de0bd2cfb3baf6c", "casademo.flagdata_suite.time_flagdata_list": "1a40b66ffb4a43d48af3407bae817ed4f7667fe778880859384f5f2e7c9c5d1f", "casademo.flagdata_suite.time_flagdata_list_summary": "3eb284062687484026a1defb4fceb705e83b244e37405f8794d431940ff44b08", "casademo.flagdata_suite.time_flagdata_summary": "9e569fb4e2a2f68e59c510bbf889632173be867104a4e5ba5a98d0eb110e82fb", "casademo.tclean_memory_suite.peakmem_tclean_setweighting": "c89589301c2c884b40375d00ec2f343d5ebdc195afbfc70ae2f149be692e8187", "casademo.tclean_memory_suite.track_tclean_file_descriptors_cubemode_mosaic_briggs": "e3aeb6edf33f78d2db6d58dfc61576924a9768f7a205164fcd839666bde1ae63"}, "version": 1}
