{"results": {"casademo.tclean_memory_suite.peakmem_tclean_setweighting": 2154733568, "casademo.calibration_suite.time_applycal_callib": {"result": [26.617827483452857], "stats": [{"ci_99": [14.24970068782568, 38.98595427908002], "q_25": 26.494146215496585, "q_75": 26.74150875140913, "min": 26.370464947540313, "max": 26.8651900193654, "mean": 26.617827483452857, "std": 0.24736253591254354, "repeat": 2, "number": 2}]}, "casademo.calibration_suite.time_bandpass": {"result": [25.380642822245136], "stats": [{"ci_99": [-10.006605525733903, 60.767891170224146], "q_25": 25.026770338765346, "q_75": 25.734515305724926, "min": 24.672897855285555, "max": 26.088387789204717, "mean": 25.380642822245136, "std": 0.7077449669595808, "repeat": 2, "number": 2}]}, "casademo.calibration_suite.time_gaincal": {"result": [50.37203980633058], "stats": [{"ci_99": [28.04357201117091, 72.70050760149023], "q_25": 50.14875512837898, "q_75": 50.59532448428217, "min": 49.92547045042738, "max": 50.81860916223377, "mean": 50.37203980633058, "std": 0.44656935590319335, "repeat": 2, "number": 2}]}, "casademo.flagdata_suite.time_flagdata_bandpassflag": {"result": [31.200822364073247], "stats": [{"ci_99": [13.444655449595302, 48.95698927855118], "q_25": 31.023260694928467, "q_75": 31.378384033218026, "min": 30.845699025783688, "max": 31.555945702362806, "mean": 31.200822364073247, "std": 0.3551233382895589, "repeat": 2, "number": 2}]}, "casademo.flagdata_suite.time_flagdata_list": {"result": [136.2804767000489], "stats": [{"ci_99": [93.42188353417441, 179.13906986592335], "q_25": 135.85189076839015, "q_75": 136.70906263170764, "min": 135.4233048367314, "max": 137.13764856336638, "mean": 136.2804767000489, "std": 0.8571718633174896, "repeat": 2, "number": 2}]}, "casademo.flagdata_suite.time_flagdata_list_summary": {"result": [34.20285642868839], "stats": [{"ci_99": [31.763152461731806, 36.64256039564498], "q_25": 34.178459389018826, "q_75": 34.22725346835796, "min": 34.15406234934926, "max": 34.251650508027524, "mean": 34.20285642868839, "std": 0.04879407933913171, "repeat": 2, "number": 2}]}, "casademo.flagdata_suite.time_flagdata_summary": {"result": [33.98785169189796], "stats": [{"ci_99": [30.91389981051907, 37.06180357327685], "q_25": 33.95711217308417, "q_75": 34.01859121071175, "min": 33.92637265427038, "max": 34.049330729525536, "mean": 33.98785169189796, "std": 0.06147903762757778, "repeat": 2, "number": 2}]}}, "params": {"arch": "x86_64", "cpu": "Intel(R) Xeon(R) CPU E5-1660 v4 @ 3.20GHz", "machine": "NRAO workstation", "num_cpu": "16", "os": "Linux 3.10.0-1160.15.2.el7.x86_64", "ram": "32GB", "python": "3.6", "pip+casatools": "trunk", "pip+casatasks": "trunk"}, "requirements": {"pip+casatools": "trunk", "pip+casatasks": "trunk"}, "commit_hash": "09899e7025f2ebd9bf247ac87c57c070a25ba33c", "date": 1621438220000, "env_name": "virtualenv-py3.6-pip+casatasks-trunk-pip+casatools-trunk", "python": "3.6", "profiles": {}, "started_at": {"casademo.tclean_memory_suite.peakmem_tclean_setweighting": 1630095361684, "casademo.calibration_suite.time_applycal_callib": 1630094610256, "casademo.calibration_suite.time_bandpass": 1630094687100, "casademo.calibration_suite.time_gaincal": 1630094765888, "casademo.flagdata_suite.time_flagdata_bandpassflag": 1630094889340, "casademo.flagdata_suite.time_flagdata_list": 1630094951082, "casademo.flagdata_suite.time_flagdata_list_summary": 1630095225422, "casademo.flagdata_suite.time_flagdata_summary": 1630095293779}, "ended_at": {"casademo.tclean_memory_suite.peakmem_tclean_setweighting": 1630095548221, "casademo.calibration_suite.time_applycal_callib": 1630094687099, "casademo.calibration_suite.time_bandpass": 1630094765888, "casademo.calibration_suite.time_gaincal": 1630094889337, "casademo.flagdata_suite.time_flagdata_bandpassflag": 1630094951082, "casademo.flagdata_suite.time_flagdata_list": 1630095225422, "casademo.flagdata_suite.time_flagdata_list_summary": 1630095293779, "casademo.flagdata_suite.time_flagdata_summary": 1630095361684}, "benchmark_version": {"casademo.calibration_suite.time_applycal_callib": "9ef394762fe7135f58c94c0e46a655fae93e7d107904ceff94d228f23b89a589", "casademo.calibration_suite.time_bandpass": "f706aa044f6bc64b915996b7bdd6bc5666cae0eb7c47ff9a70b5bced6c9fbd0c", "casademo.calibration_suite.time_gaincal": "56f8a9022caccdafe4240fb9a2766b2d5d56cc1c784bd724822d3b040f5b5309", "casademo.flagdata_suite.time_flagdata_bandpassflag": "f55e0ffa6be9d655555c5081a0e7bf2bc00b253273ba7c220de0bd2cfb3baf6c", "casademo.flagdata_suite.time_flagdata_list": "1a40b66ffb4a43d48af3407bae817ed4f7667fe778880859384f5f2e7c9c5d1f", "casademo.flagdata_suite.time_flagdata_list_summary": "3eb284062687484026a1defb4fceb705e83b244e37405f8794d431940ff44b08", "casademo.flagdata_suite.time_flagdata_summary": "9e569fb4e2a2f68e59c510bbf889632173be867104a4e5ba5a98d0eb110e82fb", "casademo.tclean_memory_suite.peakmem_tclean_setweighting": "b08240b9d9211ba7e2ce323aae697e4b25deb8a6db4c5e2e48519cedc4707769"}, "version": 1}
