{"results": {"casademo.calibration_suite.time_applycal_callib": {"result": [25.46547225723043], "stats": [{"ci_99": [18.097983887884766, 32.83296062657609], "q_25": 25.391797373536974, "q_75": 25.539147140923887, "min": 25.318122489843518, "max": 25.612822024617344, "mean": 25.46547225723043, "std": 0.1473497673869133, "repeat": 2, "number": 2}]}, "casademo.calibration_suite.time_bandpass": {"result": [24.969166378257796], "stats": [{"ci_99": [-13.600010668626055, 63.53834342514161], "q_25": 24.583474607788958, "q_75": 25.354858148726635, "min": 24.19778283732012, "max": 25.740549919195473, "mean": 24.969166378257796, "std": 0.771383540937677, "repeat": 2, "number": 2}]}, "casademo.calibration_suite.time_gaincal": {"result": [50.578644012333825], "stats": [{"ci_99": [32.33301140344702, 68.82427662122062], "q_25": 50.39618768624496, "q_75": 50.76110033842269, "min": 50.21373136015609, "max": 50.94355666451156, "mean": 50.578644012333825, "std": 0.36491265217773616, "repeat": 2, "number": 2}]}, "casademo.flagdata_suite.time_flagdata_bandpassflag": {"result": [5.545571241527796], "stats": [{"ci_99": [4.4326399732381105, 6.65850250981748], "q_25": 5.534441928844899, "q_75": 5.556700554210693, "min": 5.523312616162002, "max": 5.5678298668935895, "mean": 5.545571241527796, "std": 0.022258625365793705, "repeat": 2, "number": 2}]}, "casademo.flagdata_suite.time_flagdata_list": {"result": [105.6547280640807], "stats": [{"ci_99": [99.87461975612678, 111.43483637203462], "q_25": 105.59692698100116, "q_75": 105.71252914716024, "min": 105.53912589792162, "max": 105.77033023023978, "mean": 105.6547280640807, "std": 0.11560216615907848, "repeat": 2, "number": 2}]}, "casademo.flagdata_suite.time_flagdata_list_summary": {"result": [7.6091709265019745], "stats": [{"ci_99": [3.9056298623327166, 11.312711990671229], "q_25": 7.572135515860282, "q_75": 7.646206337143667, "min": 7.535100105218589, "max": 7.68324174778536, "mean": 7.6091709265019745, "std": 0.07407082128338516, "repeat": 2, "number": 2}]}, "casademo.flagdata_suite.time_flagdata_summary": {"result": [7.228167805587873], "stats": [{"ci_99": [-1.3176080340053886, 15.773943645181127], "q_25": 7.14271004719194, "q_75": 7.3136255639838055, "min": 7.057252288796008, "max": 7.399083322379738, "mean": 7.228167805587873, "std": 0.17091551679186523, "repeat": 2, "number": 2}]}, "casademo.tclean_memory_suite.peakmem_tclean_setweighting": 1867022336}, "params": {"arch": "x86_64", "cpu": "Intel(R) Xeon(R) CPU E5-1660 v4 @ 3.20GHz", "machine": "NRAO workstation", "num_cpu": "16", "os": "Linux 3.10.0-1160.15.2.el7.x86_64", "ram": "32GB", "python": "3.6", "pip+casatools": "6.2.0", "pip+casatasks": "6.2.0"}, "requirements": {"pip+casatools": "6.2.0", "pip+casatasks": "6.2.0"}, "commit_hash": "0b43a251a50bc77498243c82c78f73e416df62fa", "date": 1602855041000, "env_name": "virtualenv-py3.6-pip+casatasks6.2.0.39-pip+casatools6.2.0.39", "python": "3.6", "profiles": {}, "started_at": {"casademo.calibration_suite.time_applycal_callib": 1630423677798, "casademo.calibration_suite.time_bandpass": 1630423752838, "casademo.calibration_suite.time_gaincal": 1630423828827, "casademo.flagdata_suite.time_flagdata_bandpassflag": 1630423952788, "casademo.flagdata_suite.time_flagdata_list": 1630423963868, "casademo.flagdata_suite.time_flagdata_list_summary": 1630424174989, "casademo.flagdata_suite.time_flagdata_summary": 1630424190128, "casademo.tclean_memory_suite.peakmem_tclean_setweighting": 1630424204315}, "ended_at": {"casademo.calibration_suite.time_applycal_callib": 1630423752837, "casademo.calibration_suite.time_bandpass": 1630423828827, "casademo.calibration_suite.time_gaincal": 1630423952785, "casademo.flagdata_suite.time_flagdata_bandpassflag": 1630423963867, "casademo.flagdata_suite.time_flagdata_list": 1630424174989, "casademo.flagdata_suite.time_flagdata_list_summary": 1630424190128, "casademo.flagdata_suite.time_flagdata_summary": 1630424204315, "casademo.tclean_memory_suite.peakmem_tclean_setweighting": 1630424501087}, "benchmark_version": {"casademo.calibration_suite.time_applycal_callib": "1f6437b2270507d06f2c91c35b12dce1187d02851c4b0d0c872bbcfda3e5c4f6", "casademo.calibration_suite.time_bandpass": "a69d32cd1360ece09039f1051989506a7673f5a708021e87c81e0936374d64ce", "casademo.calibration_suite.time_gaincal": "70a393fa53b72183c406b9cc585dca7828b9b8d585b8077a80e0946ee81ebeb0", "casademo.flagdata_suite.time_flagdata_bandpassflag": "6bc01de4a73ffea44f2190b51350292cc1e1256989be0f26cc4ec77341df934a", "casademo.flagdata_suite.time_flagdata_list": "f4d15370d3c2c0c746d0c9c28b87ee190865ebfa9e210cc5773201bea0df7bf9", "casademo.flagdata_suite.time_flagdata_list_summary": "58e4c1cc3e1c3c5f723c910c861bad52078405a7026f0321526fad1a15b04ee3", "casademo.flagdata_suite.time_flagdata_summary": "7d302987a4e4e75e43325fd83f2c968688e4b8a56a6476db46a4fcc0bc003e95", "casademo.tclean_memory_suite.peakmem_tclean_setweighting": "3fb5214d1e8e5bf8170efbe8114cd88b0e1e51db87c955bc588eb95ba91e4f71"}, "version": 1}
