{"results": {"casademo.tclean_memory_suite.peakmem_tclean_setweighting": 1959559168, "casademo.calibration_suite.time_applycal_callib": {"result": [26.83860624046065], "stats": [{"ci_99": [22.820388670777902, 30.856823810143393], "q_25": 26.79842406476382, "q_75": 26.878788416157477, "min": 26.758241889066994, "max": 26.918970591854304, "mean": 26.83860624046065, "std": 0.08036435139365494, "repeat": 2, "number": 2}]}, "casademo.calibration_suite.time_bandpass": {"result": [25.167557439068332], "stats": [{"ci_99": [-14.91299106949009, 65.24810594762673], "q_25": 24.766751953982748, "q_75": 25.568362924153917, "min": 24.365946468897164, "max": 25.9691684092395, "mean": 25.167557439068332, "std": 0.8016109701711684, "repeat": 2, "number": 2}]}, "casademo.calibration_suite.time_gaincal": {"result": [49.67867896473035], "stats": [{"ci_99": [32.022683965507895, 67.3346739639528], "q_25": 49.50211901473813, "q_75": 49.85523891472258, "min": 49.3255590647459, "max": 50.0317988647148, "mean": 49.67867896473035, "std": 0.35311989998444915, "repeat": 2, "number": 2}]}, "casademo.flagdata_suite.time_flagdata_bandpassflag": {"result": [9.122895852895454], "stats": [{"ci_99": [8.531315760454163, 9.714475945336744], "q_25": 9.11698005197104, "q_75": 9.128811653819866, "min": 9.111064251046628, "max": 9.13472745474428, "mean": 9.122895852895454, "std": 0.011831601848825812, "repeat": 2, "number": 2}]}, "casademo.flagdata_suite.time_flagdata_list": {"result": [111.3126057353802], "stats": [{"ci_99": [107.2310053431429, 115.39420612761751], "q_25": 111.27178973145783, "q_75": 111.35342173930258, "min": 111.23097372753546, "max": 111.39423774322495, "mean": 111.3126057353802, "std": 0.08163200784474611, "repeat": 2, "number": 2}]}, "casademo.flagdata_suite.time_flagdata_list_summary": {"result": [11.912259984994307], "stats": [{"ci_99": [8.558011848246679, 15.266508121741932], "q_25": 11.87871750362683, "q_75": 11.945802466361783, "min": 11.845175022259355, "max": 11.97934494772926, "mean": 11.912259984994307, "std": 0.06708496273495257, "repeat": 2, "number": 2}]}, "casademo.flagdata_suite.time_flagdata_summary": {"result": [11.570749092847109], "stats": [{"ci_99": [11.531519015319645, 11.609979170374572], "q_25": 11.570356792071834, "q_75": 11.571141393622383, "min": 11.56996449129656, "max": 11.571533694397658, "mean": 11.570749092847109, "std": 0.0007846015505492687, "repeat": 2, "number": 2}]}}, "params": {"arch": "x86_64", "cpu": "Intel(R) Xeon(R) CPU E5-1660 v4 @ 3.20GHz", "machine": "NRAO workstation", "num_cpu": "16", "os": "Linux 3.10.0-1160.15.2.el7.x86_64", "ram": "32GB", "python": "3.6", "pip+casatools": "6.3.0", "pip+casatasks": "6.3.0"}, "requirements": {"pip+casatools": "6.3.0", "pip+casatasks": "6.3.0"}, "commit_hash": "0c122cab70f35cfa9b1577416eb768b28e4ee5ad", "date": 1628623691000, "env_name": "virtualenv-py3.6-pip+casatasks6.3.0.38-pip+casatools6.3.0.38", "python": "3.6", "profiles": {}, "started_at": {"casademo.tclean_memory_suite.peakmem_tclean_setweighting": 1630081324159, "casademo.calibration_suite.time_applycal_callib": 1630080756192, "casademo.calibration_suite.time_bandpass": 1630080833385, "casademo.calibration_suite.time_gaincal": 1630080912901, "casademo.flagdata_suite.time_flagdata_bandpassflag": 1630081036305, "casademo.flagdata_suite.time_flagdata_list": 1630081054651, "casademo.flagdata_suite.time_flagdata_list_summary": 1630081277195, "casademo.flagdata_suite.time_flagdata_summary": 1630081300953}, "ended_at": {"casademo.tclean_memory_suite.peakmem_tclean_setweighting": 1630081497818, "casademo.calibration_suite.time_applycal_callib": 1630080833385, "casademo.calibration_suite.time_bandpass": 1630080912900, "casademo.calibration_suite.time_gaincal": 1630081036302, "casademo.flagdata_suite.time_flagdata_bandpassflag": 1630081054650, "casademo.flagdata_suite.time_flagdata_list": 1630081277194, "casademo.flagdata_suite.time_flagdata_list_summary": 1630081300952, "casademo.flagdata_suite.time_flagdata_summary": 1630081324158}, "benchmark_version": {"casademo.calibration_suite.time_applycal_callib": "9ef394762fe7135f58c94c0e46a655fae93e7d107904ceff94d228f23b89a589", "casademo.calibration_suite.time_bandpass": "f706aa044f6bc64b915996b7bdd6bc5666cae0eb7c47ff9a70b5bced6c9fbd0c", "casademo.calibration_suite.time_gaincal": "56f8a9022caccdafe4240fb9a2766b2d5d56cc1c784bd724822d3b040f5b5309", "casademo.flagdata_suite.time_flagdata_bandpassflag": "f55e0ffa6be9d655555c5081a0e7bf2bc00b253273ba7c220de0bd2cfb3baf6c", "casademo.flagdata_suite.time_flagdata_list": "1a40b66ffb4a43d48af3407bae817ed4f7667fe778880859384f5f2e7c9c5d1f", "casademo.flagdata_suite.time_flagdata_list_summary": "3eb284062687484026a1defb4fceb705e83b244e37405f8794d431940ff44b08", "casademo.flagdata_suite.time_flagdata_summary": "9e569fb4e2a2f68e59c510bbf889632173be867104a4e5ba5a98d0eb110e82fb", "casademo.tclean_memory_suite.peakmem_tclean_setweighting": "b08240b9d9211ba7e2ce323aae697e4b25deb8a6db4c5e2e48519cedc4707769"}, "version": 1}
