{"results": {"casademo.tclean_memory_suite.peakmem_tclean_setweighting": 1959559168, "casademo.calibration_suite.time_applycal_callib": {"result": [26.83860624046065], "stats": [{"ci_99": [22.820388670777902, 30.856823810143393], "q_25": 26.79842406476382, "q_75": 26.878788416157477, "min": 26.758241889066994, "max": 26.918970591854304, "mean": 26.83860624046065, "std": 0.08036435139365494, "repeat": 2, "number": 2}]}, "casademo.calibration_suite.time_bandpass": {"result": [25.167557439068332], "stats": [{"ci_99": [-14.91299106949009, 65.24810594762673], "q_25": 24.766751953982748, "q_75": 25.568362924153917, "min": 24.365946468897164, "max": 25.9691684092395, "mean": 25.167557439068332, "std": 0.8016109701711684, "repeat": 2, "number": 2}]}, "casademo.calibration_suite.time_gaincal": {"result": [49.67867896473035], "stats": [{"ci_99": [32.022683965507895, 67.3346739639528], "q_25": 49.50211901473813, "q_75": 49.85523891472258, "min": 49.3255590647459, "max": 50.0317988647148, "mean": 49.67867896473035, "std": 0.35311989998444915, "repeat": 2, "number": 2}]}, "casademo.flagdata_suite.time_flagdata_bandpassflag": {"result": [9.122895852895454], "stats": [{"ci_99": [8.531315760454163, 9.714475945336744], "q_25": 9.11698005197104, "q_75": 9.128811653819866, "min": 9.111064251046628, "max": 9.13472745474428, "mean": 9.122895852895454, "std": 0.011831601848825812, "repeat": 2, "number": 2}]}, "casademo.flagdata_suite.time_flagdata_list": {"result": [111.3126057353802], "stats": [{"ci_99": [107.2310053431429, 115.39420612761751], "q_25": 111.27178973145783, "q_75": 111.35342173930258, "min": 111.23097372753546, "max": 111.39423774322495, "mean": 111.3126057353802, "std": 0.08163200784474611, "repeat": 2, "number": 2}]}, "casademo.flagdata_suite.time_flagdata_list_summary": {"result": [11.912259984994307], "stats": [{"ci_99": [8.558011848246679, 15.266508121741932], "q_25": 11.87871750362683, "q_75": 11.945802466361783, "min": 11.845175022259355, "max": 11.97934494772926, "mean": 11.912259984994307, "std": 0.06708496273495257, "repeat": 2, "number": 2}]}, "casademo.flagdata_suite.time_flagdata_summary": {"result": [11.570749092847109], "stats": [{"ci_99": [11.531519015319645, 11.609979170374572], "q_25": 11.570356792071834, "q_75": 11.571141393622383, "min": 11.56996449129656, "max": 11.571533694397658, "mean": 11.570749092847109, "std": 0.0007846015505492687, "repeat": 2, "number": 2}]}}, "params": {"arch": "x86_64", "cpu": "Intel(R) Xeon(R) CPU E5-1660 v4 @ 3.20GHz", "machine": "NRAO workstation", "num_cpu": "16", "os": "Linux 3.10.0-1160.15.2.el7.x86_64", "ram": "32GB", "python": "3.6", "pip+casatools": "6.3.0", "pip+casatasks": "6.3.0"}, "requirements": {"pip+casatools": "6.3.0", "pip+casatasks": "6.3.0"}, "commit_hash": "0c122cab70f35cfa9b1577416eb768b28e4ee5ad", "date": 1628623691000, "env_name": "virtualenv-py3.6-pip+casatasks6.3.0.38-pip+casatools6.3.0.38", "python": "3.6", "profiles": {}, "started_at": {"casademo.tclean_memory_suite.peakmem_tclean_setweighting": 1630081324159, "casademo.calibration_suite.time_applycal_callib": 1630080756192, "casademo.calibration_suite.time_bandpass": 1630080833385, "casademo.calibration_suite.time_gaincal": 1630080912901, "casademo.flagdata_suite.time_flagdata_bandpassflag": 1630081036305, "casademo.flagdata_suite.time_flagdata_list": 1630081054651, "casademo.flagdata_suite.time_flagdata_list_summary": 1630081277195, "casademo.flagdata_suite.time_flagdata_summary": 1630081300953}, "ended_at": {"casademo.tclean_memory_suite.peakmem_tclean_setweighting": 1630081497818, "casademo.calibration_suite.time_applycal_callib": 1630080833385, "casademo.calibration_suite.time_bandpass": 1630080912900, "casademo.calibration_suite.time_gaincal": 1630081036302, "casademo.flagdata_suite.time_flagdata_bandpassflag": 1630081054650, "casademo.flagdata_suite.time_flagdata_list": 1630081277194, "casademo.flagdata_suite.time_flagdata_list_summary": 1630081300952, "casademo.flagdata_suite.time_flagdata_summary": 1630081324158}, "benchmark_version": {"casademo.tclean_memory_suite.peakmem_tclean_setweighting": "3fb5214d1e8e5bf8170efbe8114cd88b0e1e51db87c955bc588eb95ba91e4f71", "casademo.calibration_suite.time_applycal_callib": "1f6437b2270507d06f2c91c35b12dce1187d02851c4b0d0c872bbcfda3e5c4f6", "casademo.calibration_suite.time_bandpass": "a69d32cd1360ece09039f1051989506a7673f5a708021e87c81e0936374d64ce", "casademo.calibration_suite.time_gaincal": "70a393fa53b72183c406b9cc585dca7828b9b8d585b8077a80e0946ee81ebeb0", "casademo.flagdata_suite.time_flagdata_bandpassflag": "6bc01de4a73ffea44f2190b51350292cc1e1256989be0f26cc4ec77341df934a", "casademo.flagdata_suite.time_flagdata_list": "f4d15370d3c2c0c746d0c9c28b87ee190865ebfa9e210cc5773201bea0df7bf9", "casademo.flagdata_suite.time_flagdata_list_summary": "58e4c1cc3e1c3c5f723c910c861bad52078405a7026f0321526fad1a15b04ee3", "casademo.flagdata_suite.time_flagdata_summary": "7d302987a4e4e75e43325fd83f2c968688e4b8a56a6476db46a4fcc0bc003e95"}, "version": 1}
