{"results": {"casademo.calibration_suite.time_applycal_callib": {"result": [26.597945200512186], "stats": [{"ci_99": [-7.159251224482432, 60.355141625506775], "q_25": 26.26037323626224, "q_75": 26.935517164762132, "min": 25.922801272012293, "max": 27.273089129012078, "mean": 26.597945200512186, "std": 0.6751439284998924, "repeat": 2, "number": 2}]}, "casademo.calibration_suite.time_bandpass": {"result": [26.90828778152354], "stats": [{"ci_99": [-86.24010322079994, 140.0566787838469], "q_25": 25.776803871500306, "q_75": 28.039771691546775, "min": 24.64531996147707, "max": 29.17125560157001, "mean": 26.90828778152354, "std": 2.2629678200464696, "repeat": 2, "number": 2}]}, "casademo.calibration_suite.time_gaincal": {"result": [50.26501132408157], "stats": [{"ci_99": [43.98597215069458, 56.544050497468554], "q_25": 50.2022209323477, "q_75": 50.32780171581544, "min": 50.13943054061383, "max": 50.39059210754931, "mean": 50.26501132408157, "std": 0.12558078346773982, "repeat": 2, "number": 2}]}, "casademo.flagdata_suite.time_flagdata_bandpassflag": {"result": [5.6477524291258305], "stats": [{"ci_99": [4.3950602014083415, 6.900444656843319], "q_25": 5.635225506848656, "q_75": 5.660279351403005, "min": 5.622698584571481, "max": 5.67280627368018, "mean": 5.6477524291258305, "std": 0.02505384455434978, "repeat": 2, "number": 2}]}, "casademo.flagdata_suite.time_flagdata_list": {"result": [102.55542144784704], "stats": [{"ci_99": [46.29063842492178, 158.82020447077224], "q_25": 101.99277361761779, "q_75": 103.11806927807629, "min": 101.43012578738853, "max": 103.68071710830554, "mean": 102.55542144784704, "std": 1.1252956604585052, "repeat": 2, "number": 2}]}, "casademo.flagdata_suite.time_flagdata_list_summary": {"result": [7.643785192631185], "stats": [{"ci_99": [7.640833272598684, 7.646737112663686], "q_25": 7.64375567343086, "q_75": 7.64381471183151, "min": 7.643726154230535, "max": 7.643844231031835, "mean": 7.643785192631185, "std": 5.9038400650024414e-05, "repeat": 2, "number": 2}]}, "casademo.flagdata_suite.time_flagdata_summary": {"result": [7.328739727148786], "stats": [{"ci_99": [6.661298149032518, 7.996181305265053], "q_25": 7.3220653113676235, "q_75": 7.335414142929949, "min": 7.315390895586461, "max": 7.3420885587111115, "mean": 7.328739727148786, "std": 0.013348831562325358, "repeat": 2, "number": 2}]}, "casademo.tclean_memory_suite.peakmem_tclean_setweighting": 1861742592}, "params": {"arch": "x86_64", "cpu": "Intel(R) Xeon(R) CPU E5-1660 v4 @ 3.20GHz", "machine": "NRAO workstation", "num_cpu": "16", "os": "Linux 3.10.0-1160.15.2.el7.x86_64", "ram": "32GB", "python": "3.6", "pip+casatools": "6.2.0", "pip+casatasks": "6.2.0"}, "requirements": {"pip+casatools": "6.2.0", "pip+casatasks": "6.2.0"}, "commit_hash": "0eed127652c89544c3f0f2f16481ce0869322762", "date": 1600338376000, "env_name": "virtualenv-py3.6-pip+casatasks6.2.0.28-pip+casatools6.2.0.28", "python": "3.6", "profiles": {}, "started_at": {"casademo.calibration_suite.time_applycal_callib": 1630458934248, "casademo.calibration_suite.time_bandpass": 1630459010137, "casademo.calibration_suite.time_gaincal": 1630459131285, "casademo.flagdata_suite.time_flagdata_bandpassflag": 1630459255846, "casademo.flagdata_suite.time_flagdata_list": 1630459267270, "casademo.flagdata_suite.time_flagdata_list_summary": 1630459470182, "casademo.flagdata_suite.time_flagdata_summary": 1630459485514, "casademo.tclean_memory_suite.peakmem_tclean_setweighting": 1630459500251}, "ended_at": {"casademo.calibration_suite.time_applycal_callib": 1630459010137, "casademo.calibration_suite.time_bandpass": 1630459131284, "casademo.calibration_suite.time_gaincal": 1630459255839, "casademo.flagdata_suite.time_flagdata_bandpassflag": 1630459267270, "casademo.flagdata_suite.time_flagdata_list": 1630459470181, "casademo.flagdata_suite.time_flagdata_list_summary": 1630459485514, "casademo.flagdata_suite.time_flagdata_summary": 1630459500251, "casademo.tclean_memory_suite.peakmem_tclean_setweighting": 1630459797053}, "benchmark_version": {"casademo.calibration_suite.time_applycal_callib": "1f6437b2270507d06f2c91c35b12dce1187d02851c4b0d0c872bbcfda3e5c4f6", "casademo.calibration_suite.time_bandpass": "a69d32cd1360ece09039f1051989506a7673f5a708021e87c81e0936374d64ce", "casademo.calibration_suite.time_gaincal": "70a393fa53b72183c406b9cc585dca7828b9b8d585b8077a80e0946ee81ebeb0", "casademo.flagdata_suite.time_flagdata_bandpassflag": "6bc01de4a73ffea44f2190b51350292cc1e1256989be0f26cc4ec77341df934a", "casademo.flagdata_suite.time_flagdata_list": "f4d15370d3c2c0c746d0c9c28b87ee190865ebfa9e210cc5773201bea0df7bf9", "casademo.flagdata_suite.time_flagdata_list_summary": "58e4c1cc3e1c3c5f723c910c861bad52078405a7026f0321526fad1a15b04ee3", "casademo.flagdata_suite.time_flagdata_summary": "7d302987a4e4e75e43325fd83f2c968688e4b8a56a6476db46a4fcc0bc003e95", "casademo.tclean_memory_suite.peakmem_tclean_setweighting": "3fb5214d1e8e5bf8170efbe8114cd88b0e1e51db87c955bc588eb95ba91e4f71"}, "version": 1}
