{"results": {"casademo.calibration_suite.time_applycal_callib": {"result": [26.597945200512186], "stats": [{"ci_99": [-7.159251224482432, 60.355141625506775], "q_25": 26.26037323626224, "q_75": 26.935517164762132, "min": 25.922801272012293, "max": 27.273089129012078, "mean": 26.597945200512186, "std": 0.6751439284998924, "repeat": 2, "number": 2}]}, "casademo.calibration_suite.time_bandpass": {"result": [26.90828778152354], "stats": [{"ci_99": [-86.24010322079994, 140.0566787838469], "q_25": 25.776803871500306, "q_75": 28.039771691546775, "min": 24.64531996147707, "max": 29.17125560157001, "mean": 26.90828778152354, "std": 2.2629678200464696, "repeat": 2, "number": 2}]}, "casademo.calibration_suite.time_gaincal": {"result": [50.26501132408157], "stats": [{"ci_99": [43.98597215069458, 56.544050497468554], "q_25": 50.2022209323477, "q_75": 50.32780171581544, "min": 50.13943054061383, "max": 50.39059210754931, "mean": 50.26501132408157, "std": 0.12558078346773982, "repeat": 2, "number": 2}]}, "casademo.flagdata_suite.time_flagdata_bandpassflag": {"result": [5.6477524291258305], "stats": [{"ci_99": [4.3950602014083415, 6.900444656843319], "q_25": 5.635225506848656, "q_75": 5.660279351403005, "min": 5.622698584571481, "max": 5.67280627368018, "mean": 5.6477524291258305, "std": 0.02505384455434978, "repeat": 2, "number": 2}]}, "casademo.flagdata_suite.time_flagdata_list": {"result": [102.55542144784704], "stats": [{"ci_99": [46.29063842492178, 158.82020447077224], "q_25": 101.99277361761779, "q_75": 103.11806927807629, "min": 101.43012578738853, "max": 103.68071710830554, "mean": 102.55542144784704, "std": 1.1252956604585052, "repeat": 2, "number": 2}]}, "casademo.flagdata_suite.time_flagdata_list_summary": {"result": [7.643785192631185], "stats": [{"ci_99": [7.640833272598684, 7.646737112663686], "q_25": 7.64375567343086, "q_75": 7.64381471183151, "min": 7.643726154230535, "max": 7.643844231031835, "mean": 7.643785192631185, "std": 5.9038400650024414e-05, "repeat": 2, "number": 2}]}, "casademo.flagdata_suite.time_flagdata_summary": {"result": [7.328739727148786], "stats": [{"ci_99": [6.661298149032518, 7.996181305265053], "q_25": 7.3220653113676235, "q_75": 7.335414142929949, "min": 7.315390895586461, "max": 7.3420885587111115, "mean": 7.328739727148786, "std": 0.013348831562325358, "repeat": 2, "number": 2}]}, "casademo.tclean_memory_suite.peakmem_tclean_setweighting": 1861742592}, "params": {"arch": "x86_64", "cpu": "Intel(R) Xeon(R) CPU E5-1660 v4 @ 3.20GHz", "machine": "NRAO workstation", "num_cpu": "16", "os": "Linux 3.10.0-1160.15.2.el7.x86_64", "ram": "32GB", "python": "3.6", "pip+casatools": "trunk", "pip+casatasks": "trunk"}, "requirements": {"pip+casatools": "trunk", "pip+casatasks": "trunk"}, "commit_hash": "0eed127652c89544c3f0f2f16481ce0869322762", "date": 1600338376000, "env_name": "virtualenv-py3.6-pip+casatasks-trunk-pip+casatools-trunk", "python": "3.6", "profiles": {}, "started_at": {"casademo.calibration_suite.time_applycal_callib": 1630458934248, "casademo.calibration_suite.time_bandpass": 1630459010137, "casademo.calibration_suite.time_gaincal": 1630459131285, "casademo.flagdata_suite.time_flagdata_bandpassflag": 1630459255846, "casademo.flagdata_suite.time_flagdata_list": 1630459267270, "casademo.flagdata_suite.time_flagdata_list_summary": 1630459470182, "casademo.flagdata_suite.time_flagdata_summary": 1630459485514, "casademo.tclean_memory_suite.peakmem_tclean_setweighting": 1630459500251}, "ended_at": {"casademo.calibration_suite.time_applycal_callib": 1630459010137, "casademo.calibration_suite.time_bandpass": 1630459131284, "casademo.calibration_suite.time_gaincal": 1630459255839, "casademo.flagdata_suite.time_flagdata_bandpassflag": 1630459267270, "casademo.flagdata_suite.time_flagdata_list": 1630459470181, "casademo.flagdata_suite.time_flagdata_list_summary": 1630459485514, "casademo.flagdata_suite.time_flagdata_summary": 1630459500251, "casademo.tclean_memory_suite.peakmem_tclean_setweighting": 1630459797053}, "benchmark_version": {"casademo.calibration_suite.time_applycal_callib": "9ef394762fe7135f58c94c0e46a655fae93e7d107904ceff94d228f23b89a589", "casademo.calibration_suite.time_bandpass": "f706aa044f6bc64b915996b7bdd6bc5666cae0eb7c47ff9a70b5bced6c9fbd0c", "casademo.calibration_suite.time_gaincal": "56f8a9022caccdafe4240fb9a2766b2d5d56cc1c784bd724822d3b040f5b5309", "casademo.flagdata_suite.time_flagdata_bandpassflag": "f55e0ffa6be9d655555c5081a0e7bf2bc00b253273ba7c220de0bd2cfb3baf6c", "casademo.flagdata_suite.time_flagdata_list": "1a40b66ffb4a43d48af3407bae817ed4f7667fe778880859384f5f2e7c9c5d1f", "casademo.flagdata_suite.time_flagdata_list_summary": "3eb284062687484026a1defb4fceb705e83b244e37405f8794d431940ff44b08", "casademo.flagdata_suite.time_flagdata_summary": "9e569fb4e2a2f68e59c510bbf889632173be867104a4e5ba5a98d0eb110e82fb", "casademo.tclean_memory_suite.peakmem_tclean_setweighting": "b08240b9d9211ba7e2ce323aae697e4b25deb8a6db4c5e2e48519cedc4707769"}, "version": 1}
