{"results": {"casademo.calibration_suite.time_applycal_callib": {"result": [39.971178211737424], "stats": [{"ci_99": [-616.5126339294948, 696.454990352969], "q_25": 33.4063400903251, "q_75": 46.536016333149746, "min": 26.84150196891278, "max": 53.10085445456207, "mean": 39.971178211737424, "std": 13.129676242824644, "repeat": 2, "number": 2}]}, "casademo.calibration_suite.time_bandpass": {"result": [37.581430753460154], "stats": [{"ci_99": [-660.0910871585365, 735.2539486654563], "q_25": 30.604705574340187, "q_75": 44.55815593258012, "min": 23.62798039522022, "max": 51.53488111170009, "mean": 37.581430753460154, "std": 13.953450358239934, "repeat": 2, "number": 2}]}, "casademo.calibration_suite.time_gaincal": {"result": [51.30028201430105], "stats": [{"ci_99": [7.721572922775522, 94.87899110582654], "q_25": 50.86449492338579, "q_75": 51.7360691052163, "min": 50.428707832470536, "max": 52.17185619613156, "mean": 51.30028201430105, "std": 0.8715741818305105, "repeat": 2, "number": 2}]}, "casademo.flagdata_suite.time_flagdata_bandpassflag": {"result": [31.597723249113187], "stats": [{"ci_99": [10.788305879803374, 52.407140618422986], "q_25": 31.38962907542009, "q_75": 31.805817422806285, "min": 31.18153490172699, "max": 32.01391159649938, "mean": 31.597723249113187, "std": 0.41618834738619626, "repeat": 2, "number": 2}]}, "casademo.flagdata_suite.time_flagdata_list": {"result": [133.61586574907415], "stats": [{"ci_99": [130.14249416743405, 137.08923733071424], "q_25": 133.58113203325775, "q_75": 133.65059946489055, "min": 133.54639831744134, "max": 133.68533318070695, "mean": 133.61586574907415, "std": 0.06946743163280189, "repeat": 2, "number": 2}]}, "casademo.flagdata_suite.time_flagdata_list_summary": {"result": [34.05545517033897], "stats": [{"ci_99": [19.089870237978175, 49.02104010269976], "q_25": 33.905799321015365, "q_75": 34.20511101966258, "min": 33.75614347169176, "max": 34.35476686898619, "mean": 34.05545517033897, "std": 0.29931169864721596, "repeat": 2, "number": 2}]}, "casademo.flagdata_suite.time_flagdata_summary": {"result": [34.147131761536], "stats": [{"ci_99": [32.404973816126585, 35.88928970694542], "q_25": 34.12971018208191, "q_75": 34.164553340990096, "min": 34.112288602627814, "max": 34.18197492044419, "mean": 34.147131761536, "std": 0.03484315890818834, "repeat": 2, "number": 2}]}, "casademo.tclean_memory_suite.peakmem_tclean_setweighting": 1960374272}, "params": {"arch": "x86_64", "cpu": "Intel(R) Xeon(R) CPU E5-1660 v4 @ 3.20GHz", "machine": "NRAO workstation", "num_cpu": "16", "os": "Linux 3.10.0-1160.15.2.el7.x86_64", "ram": "32GB", "python": "3.6", "pip+casatools": "6.2.0", "pip+casatasks": "6.2.0"}, "requirements": {"pip+casatools": "6.2.0", "pip+casatasks": "6.2.0"}, "commit_hash": "11567b9f5914efb3aa3eff7afbdbebf12fb0e8f9", "date": 1612163192000, "env_name": "virtualenv-py3.6-pip+casatasks6.2.0.82-pip+casatools6.2.0.82", "python": "3.6", "profiles": {}, "started_at": {"casademo.calibration_suite.time_applycal_callib": 1629943456761, "casademo.calibration_suite.time_bandpass": 1629943585131, "casademo.calibration_suite.time_gaincal": 1629943659113, "casademo.flagdata_suite.time_flagdata_bandpassflag": 1629943782513, "casademo.flagdata_suite.time_flagdata_list": 1629943844956, "casademo.flagdata_suite.time_flagdata_list_summary": 1629944112101, "casademo.flagdata_suite.time_flagdata_summary": 1629944180856, "casademo.tclean_memory_suite.peakmem_tclean_setweighting": 1629944249111}, "ended_at": {"casademo.calibration_suite.time_applycal_callib": 1629943585131, "casademo.calibration_suite.time_bandpass": 1629943659113, "casademo.calibration_suite.time_gaincal": 1629943782508, "casademo.flagdata_suite.time_flagdata_bandpassflag": 1629943844956, "casademo.flagdata_suite.time_flagdata_list": 1629944112100, "casademo.flagdata_suite.time_flagdata_list_summary": 1629944180856, "casademo.flagdata_suite.time_flagdata_summary": 1629944249110, "casademo.tclean_memory_suite.peakmem_tclean_setweighting": 1629944415362}, "benchmark_version": {"casademo.calibration_suite.time_applycal_callib": "1f6437b2270507d06f2c91c35b12dce1187d02851c4b0d0c872bbcfda3e5c4f6", "casademo.calibration_suite.time_bandpass": "a69d32cd1360ece09039f1051989506a7673f5a708021e87c81e0936374d64ce", "casademo.calibration_suite.time_gaincal": "70a393fa53b72183c406b9cc585dca7828b9b8d585b8077a80e0946ee81ebeb0", "casademo.flagdata_suite.time_flagdata_bandpassflag": "6bc01de4a73ffea44f2190b51350292cc1e1256989be0f26cc4ec77341df934a", "casademo.flagdata_suite.time_flagdata_list": "f4d15370d3c2c0c746d0c9c28b87ee190865ebfa9e210cc5773201bea0df7bf9", "casademo.flagdata_suite.time_flagdata_list_summary": "58e4c1cc3e1c3c5f723c910c861bad52078405a7026f0321526fad1a15b04ee3", "casademo.flagdata_suite.time_flagdata_summary": "7d302987a4e4e75e43325fd83f2c968688e4b8a56a6476db46a4fcc0bc003e95", "casademo.tclean_memory_suite.peakmem_tclean_setweighting": "3fb5214d1e8e5bf8170efbe8114cd88b0e1e51db87c955bc588eb95ba91e4f71"}, "version": 1}
