{"results": {"casademo.calibration_suite.time_applycal_callib": {"result": [26.373301038052887], "stats": [{"ci_99": [-48.73993276944384, 101.48653484554954], "q_25": 25.62216869997792, "q_75": 27.124433376127854, "min": 24.871036361902952, "max": 27.87556571420282, "mean": 26.373301038052887, "std": 1.5022646761499345, "repeat": 2, "number": 2}]}, "casademo.calibration_suite.time_bandpass": {"result": [24.43146525719203], "stats": [{"ci_99": [17.696900740964338, 31.166029773419716], "q_25": 24.364119612029754, "q_75": 24.498810902354307, "min": 24.296773966867477, "max": 24.566156547516584, "mean": 24.43146525719203, "std": 0.13469129032455385, "repeat": 2, "number": 2}]}, "casademo.calibration_suite.time_gaincal": {"result": [49.88137419964187], "stats": [{"ci_99": [44.261175537714735, 55.501572861568995], "q_25": 49.8251722130226, "q_75": 49.93757618626114, "min": 49.768970226403326, "max": 49.99377817288041, "mean": 49.88137419964187, "std": 0.11240397323854268, "repeat": 2, "number": 2}]}, "casademo.flagdata_suite.time_flagdata_bandpassflag": {"result": [6.57550207641907], "stats": [{"ci_99": [1.4216786769684404, 11.729325475869697], "q_25": 6.523963842424564, "q_75": 6.627040310413577, "min": 6.472425608430058, "max": 6.678578544408083, "mean": 6.57550207641907, "std": 0.1030764679890126, "repeat": 2, "number": 2}]}, "casademo.flagdata_suite.time_flagdata_list": {"result": [117.18268133490346], "stats": [{"ci_99": [104.77538023632951, 129.58998243347742], "q_25": 117.05860832391772, "q_75": 117.3067543458892, "min": 116.93453531293198, "max": 117.43082735687494, "mean": 117.18268133490346, "std": 0.24814602197147906, "repeat": 2, "number": 2}]}, "casademo.flagdata_suite.time_flagdata_list_summary": {"result": [8.619442663388327], "stats": [{"ci_99": [7.954481104156002, 9.284404222620651], "q_25": 8.612793047796004, "q_75": 8.62609227898065, "min": 8.60614343220368, "max": 8.632741894572973, "mean": 8.619442663388327, "std": 0.013299231184646487, "repeat": 2, "number": 2}]}, "casademo.flagdata_suite.time_flagdata_summary": {"result": [8.401606151135638], "stats": [{"ci_99": [8.308918914524838, 8.494293387746438], "q_25": 8.40067927876953, "q_75": 8.402533023501746, "min": 8.399752406403422, "max": 8.403459895867854, "mean": 8.401606151135638, "std": 0.0018537447322160006, "repeat": 2, "number": 2}]}, "casademo.tclean_memory_suite.peakmem_tclean_setweighting": 1978241024}, "params": {"arch": "x86_64", "cpu": "Intel(R) Xeon(R) CPU E5-1660 v4 @ 3.20GHz", "machine": "NRAO workstation", "num_cpu": "16", "os": "Linux 3.10.0-1160.15.2.el7.x86_64", "ram": "32GB", "python": "3.6", "pip+casatools": "6.1.2", "pip+casatasks": "6.1.2"}, "requirements": {"pip+casatools": "6.1.2", "pip+casatasks": "6.1.2"}, "commit_hash": "1794fbb276a6a332c30974d7fe1b893853b456e4", "date": 1604432450000, "env_name": "virtualenv-py3.6-pip+casatasks6.1.2.3-pip+casatools6.1.2.3", "python": "3.6", "profiles": {}, "started_at": {"casademo.calibration_suite.time_applycal_callib": 1630530266375, "casademo.calibration_suite.time_bandpass": 1630530346876, "casademo.calibration_suite.time_gaincal": 1630530420862, "casademo.flagdata_suite.time_flagdata_bandpassflag": 1630530544770, "casademo.flagdata_suite.time_flagdata_list": 1630530558205, "casademo.flagdata_suite.time_flagdata_list_summary": 1630530793125, "casademo.flagdata_suite.time_flagdata_summary": 1630530810418, "casademo.tclean_memory_suite.peakmem_tclean_setweighting": 1630530827261}, "ended_at": {"casademo.calibration_suite.time_applycal_callib": 1630530346876, "casademo.calibration_suite.time_bandpass": 1630530420861, "casademo.calibration_suite.time_gaincal": 1630530544767, "casademo.flagdata_suite.time_flagdata_bandpassflag": 1630530558205, "casademo.flagdata_suite.time_flagdata_list": 1630530793124, "casademo.flagdata_suite.time_flagdata_list_summary": 1630530810418, "casademo.flagdata_suite.time_flagdata_summary": 1630530827260, "casademo.tclean_memory_suite.peakmem_tclean_setweighting": 1630531126014}, "benchmark_version": {"casademo.calibration_suite.time_applycal_callib": "9ef394762fe7135f58c94c0e46a655fae93e7d107904ceff94d228f23b89a589", "casademo.calibration_suite.time_bandpass": "f706aa044f6bc64b915996b7bdd6bc5666cae0eb7c47ff9a70b5bced6c9fbd0c", "casademo.calibration_suite.time_gaincal": "56f8a9022caccdafe4240fb9a2766b2d5d56cc1c784bd724822d3b040f5b5309", "casademo.flagdata_suite.time_flagdata_bandpassflag": "f55e0ffa6be9d655555c5081a0e7bf2bc00b253273ba7c220de0bd2cfb3baf6c", "casademo.flagdata_suite.time_flagdata_list": "1a40b66ffb4a43d48af3407bae817ed4f7667fe778880859384f5f2e7c9c5d1f", "casademo.flagdata_suite.time_flagdata_list_summary": "3eb284062687484026a1defb4fceb705e83b244e37405f8794d431940ff44b08", "casademo.flagdata_suite.time_flagdata_summary": "9e569fb4e2a2f68e59c510bbf889632173be867104a4e5ba5a98d0eb110e82fb", "casademo.tclean_memory_suite.peakmem_tclean_setweighting": "b08240b9d9211ba7e2ce323aae697e4b25deb8a6db4c5e2e48519cedc4707769"}, "version": 1}
