{"results": {"casademo.calibration_suite.time_applycal_callib": {"result": [33.02504599536769], "stats": [{"ci_99": [-357.2635803956073, 423.3136723863423], "q_25": 29.12215973145794, "q_75": 36.92793225927744, "min": 25.21927346754819, "max": 40.83081852318719, "mean": 33.02504599536769, "std": 7.805772527819499, "repeat": 2, "number": 2}]}, "casademo.calibration_suite.time_bandpass": {"result": [24.508054696256295], "stats": [{"ci_99": [9.789385893149301, 39.226723499363274], "q_25": 24.360868008225225, "q_75": 24.655241384287365, "min": 24.213681320194155, "max": 24.802428072318435, "mean": 24.508054696256295, "std": 0.29437337606213987, "repeat": 2, "number": 2}]}, "casademo.calibration_suite.time_gaincal": {"result": [50.476778437616304], "stats": [{"ci_99": [41.06061762361787, 59.89293925161473], "q_25": 50.38261682947632, "q_75": 50.57094004575629, "min": 50.288455221336335, "max": 50.66510165389627, "mean": 50.476778437616304, "std": 0.18832321627996862, "repeat": 2, "number": 2}]}, "casademo.flagdata_suite.time_flagdata_bandpassflag": {"result": [7.523424717830494], "stats": [{"ci_99": [6.880881280405447, 8.165968155255541], "q_25": 7.516999283456244, "q_75": 7.5298501522047445, "min": 7.510573849081993, "max": 7.536275586578995, "mean": 7.523424717830494, "std": 0.012850868748500943, "repeat": 2, "number": 2}]}, "casademo.flagdata_suite.time_flagdata_list": {"result": [120.12950654444285], "stats": [{"ci_99": [115.52574651851319, 124.7332665703725], "q_25": 120.08346894418355, "q_75": 120.17554414470214, "min": 120.03743134392425, "max": 120.22158174496144, "mean": 120.12950654444285, "std": 0.09207520051859319, "repeat": 2, "number": 2}]}, "casademo.flagdata_suite.time_flagdata_list_summary": {"result": [9.727014231262729], "stats": [{"ci_99": [8.327047471189871, 11.126980991335584], "q_25": 9.713014563662, "q_75": 9.741013898863457, "min": 9.699014896061271, "max": 9.755013566464186, "mean": 9.727014231262729, "std": 0.027999335201457143, "repeat": 2, "number": 2}]}, "casademo.flagdata_suite.time_flagdata_summary": {"result": [9.427100473083556], "stats": [{"ci_99": [7.701710641384125, 11.152490304782985], "q_25": 9.409846574766561, "q_75": 9.44435437140055, "min": 9.392592676449567, "max": 9.461608269717544, "mean": 9.427100473083556, "std": 0.03450779663398862, "repeat": 2, "number": 2}]}, "casademo.tclean_memory_suite.peakmem_tclean_setweighting": 1978404864}, "params": {"arch": "x86_64", "cpu": "Intel(R) Xeon(R) CPU E5-1660 v4 @ 3.20GHz", "machine": "NRAO workstation", "num_cpu": "16", "os": "Linux 3.10.0-1160.15.2.el7.x86_64", "ram": "32GB", "python": "3.6", "pip+casatools": "6.2.0", "pip+casatasks": "6.2.0"}, "requirements": {"pip+casatools": "6.2.0", "pip+casatasks": "6.2.0"}, "commit_hash": "1b7c58857bb9acfe1cf73e1bdca523cc8060b1b8", "date": 1598605968000, "env_name": "virtualenv-py3.6-pip+casatasks6.2.0.19-pip+casatools6.2.0.19", "python": "3.6", "profiles": {}, "started_at": {"casademo.calibration_suite.time_applycal_callib": 1629908332220, "casademo.calibration_suite.time_bandpass": 1629908449916, "casademo.calibration_suite.time_gaincal": 1629908524203, "casademo.flagdata_suite.time_flagdata_bandpassflag": 1629908647810, "casademo.flagdata_suite.time_flagdata_list": 1629908662899, "casademo.flagdata_suite.time_flagdata_list_summary": 1629908903035, "casademo.flagdata_suite.time_flagdata_summary": 1629908922483, "casademo.tclean_memory_suite.peakmem_tclean_setweighting": 1629908941330}, "ended_at": {"casademo.calibration_suite.time_applycal_callib": 1629908449915, "casademo.calibration_suite.time_bandpass": 1629908524203, "casademo.calibration_suite.time_gaincal": 1629908647807, "casademo.flagdata_suite.time_flagdata_bandpassflag": 1629908662899, "casademo.flagdata_suite.time_flagdata_list": 1629908903034, "casademo.flagdata_suite.time_flagdata_list_summary": 1629908922483, "casademo.flagdata_suite.time_flagdata_summary": 1629908941330, "casademo.tclean_memory_suite.peakmem_tclean_setweighting": 1629909239751}, "benchmark_version": {"casademo.calibration_suite.time_applycal_callib": "9ef394762fe7135f58c94c0e46a655fae93e7d107904ceff94d228f23b89a589", "casademo.calibration_suite.time_bandpass": "f706aa044f6bc64b915996b7bdd6bc5666cae0eb7c47ff9a70b5bced6c9fbd0c", "casademo.calibration_suite.time_gaincal": "56f8a9022caccdafe4240fb9a2766b2d5d56cc1c784bd724822d3b040f5b5309", "casademo.flagdata_suite.time_flagdata_bandpassflag": "f55e0ffa6be9d655555c5081a0e7bf2bc00b253273ba7c220de0bd2cfb3baf6c", "casademo.flagdata_suite.time_flagdata_list": "1a40b66ffb4a43d48af3407bae817ed4f7667fe778880859384f5f2e7c9c5d1f", "casademo.flagdata_suite.time_flagdata_list_summary": "3eb284062687484026a1defb4fceb705e83b244e37405f8794d431940ff44b08", "casademo.flagdata_suite.time_flagdata_summary": "9e569fb4e2a2f68e59c510bbf889632173be867104a4e5ba5a98d0eb110e82fb", "casademo.tclean_memory_suite.peakmem_tclean_setweighting": "b08240b9d9211ba7e2ce323aae697e4b25deb8a6db4c5e2e48519cedc4707769"}, "version": 1}
