{"results": {"casademo.calibration_suite.time_applycal_callib": {"result": [33.02504599536769], "stats": [{"ci_99": [-357.2635803956073, 423.3136723863423], "q_25": 29.12215973145794, "q_75": 36.92793225927744, "min": 25.21927346754819, "max": 40.83081852318719, "mean": 33.02504599536769, "std": 7.805772527819499, "repeat": 2, "number": 2}]}, "casademo.calibration_suite.time_bandpass": {"result": [24.508054696256295], "stats": [{"ci_99": [9.789385893149301, 39.226723499363274], "q_25": 24.360868008225225, "q_75": 24.655241384287365, "min": 24.213681320194155, "max": 24.802428072318435, "mean": 24.508054696256295, "std": 0.29437337606213987, "repeat": 2, "number": 2}]}, "casademo.calibration_suite.time_gaincal": {"result": [50.476778437616304], "stats": [{"ci_99": [41.06061762361787, 59.89293925161473], "q_25": 50.38261682947632, "q_75": 50.57094004575629, "min": 50.288455221336335, "max": 50.66510165389627, "mean": 50.476778437616304, "std": 0.18832321627996862, "repeat": 2, "number": 2}]}, "casademo.flagdata_suite.time_flagdata_bandpassflag": {"result": [7.523424717830494], "stats": [{"ci_99": [6.880881280405447, 8.165968155255541], "q_25": 7.516999283456244, "q_75": 7.5298501522047445, "min": 7.510573849081993, "max": 7.536275586578995, "mean": 7.523424717830494, "std": 0.012850868748500943, "repeat": 2, "number": 2}]}, "casademo.flagdata_suite.time_flagdata_list": {"result": [120.12950654444285], "stats": [{"ci_99": [115.52574651851319, 124.7332665703725], "q_25": 120.08346894418355, "q_75": 120.17554414470214, "min": 120.03743134392425, "max": 120.22158174496144, "mean": 120.12950654444285, "std": 0.09207520051859319, "repeat": 2, "number": 2}]}, "casademo.flagdata_suite.time_flagdata_list_summary": {"result": [9.727014231262729], "stats": [{"ci_99": [8.327047471189871, 11.126980991335584], "q_25": 9.713014563662, "q_75": 9.741013898863457, "min": 9.699014896061271, "max": 9.755013566464186, "mean": 9.727014231262729, "std": 0.027999335201457143, "repeat": 2, "number": 2}]}, "casademo.flagdata_suite.time_flagdata_summary": {"result": [9.427100473083556], "stats": [{"ci_99": [7.701710641384125, 11.152490304782985], "q_25": 9.409846574766561, "q_75": 9.44435437140055, "min": 9.392592676449567, "max": 9.461608269717544, "mean": 9.427100473083556, "std": 0.03450779663398862, "repeat": 2, "number": 2}]}, "casademo.tclean_memory_suite.peakmem_tclean_setweighting": 1978404864}, "params": {"arch": "x86_64", "cpu": "Intel(R) Xeon(R) CPU E5-1660 v4 @ 3.20GHz", "machine": "NRAO workstation", "num_cpu": "16", "os": "Linux 3.10.0-1160.15.2.el7.x86_64", "ram": "32GB", "python": "3.6", "pip+casatools": "6.2.0", "pip+casatasks": "6.2.0"}, "requirements": {"pip+casatools": "6.2.0", "pip+casatasks": "6.2.0"}, "commit_hash": "1b7c58857bb9acfe1cf73e1bdca523cc8060b1b8", "date": 1598605968000, "env_name": "virtualenv-py3.6-pip+casatasks6.2.0.19-pip+casatools6.2.0.19", "python": "3.6", "profiles": {}, "started_at": {"casademo.calibration_suite.time_applycal_callib": 1629908332220, "casademo.calibration_suite.time_bandpass": 1629908449916, "casademo.calibration_suite.time_gaincal": 1629908524203, "casademo.flagdata_suite.time_flagdata_bandpassflag": 1629908647810, "casademo.flagdata_suite.time_flagdata_list": 1629908662899, "casademo.flagdata_suite.time_flagdata_list_summary": 1629908903035, "casademo.flagdata_suite.time_flagdata_summary": 1629908922483, "casademo.tclean_memory_suite.peakmem_tclean_setweighting": 1629908941330}, "ended_at": {"casademo.calibration_suite.time_applycal_callib": 1629908449915, "casademo.calibration_suite.time_bandpass": 1629908524203, "casademo.calibration_suite.time_gaincal": 1629908647807, "casademo.flagdata_suite.time_flagdata_bandpassflag": 1629908662899, "casademo.flagdata_suite.time_flagdata_list": 1629908903034, "casademo.flagdata_suite.time_flagdata_list_summary": 1629908922483, "casademo.flagdata_suite.time_flagdata_summary": 1629908941330, "casademo.tclean_memory_suite.peakmem_tclean_setweighting": 1629909239751}, "benchmark_version": {"casademo.calibration_suite.time_applycal_callib": "1f6437b2270507d06f2c91c35b12dce1187d02851c4b0d0c872bbcfda3e5c4f6", "casademo.calibration_suite.time_bandpass": "a69d32cd1360ece09039f1051989506a7673f5a708021e87c81e0936374d64ce", "casademo.calibration_suite.time_gaincal": "70a393fa53b72183c406b9cc585dca7828b9b8d585b8077a80e0946ee81ebeb0", "casademo.flagdata_suite.time_flagdata_bandpassflag": "6bc01de4a73ffea44f2190b51350292cc1e1256989be0f26cc4ec77341df934a", "casademo.flagdata_suite.time_flagdata_list": "f4d15370d3c2c0c746d0c9c28b87ee190865ebfa9e210cc5773201bea0df7bf9", "casademo.flagdata_suite.time_flagdata_list_summary": "58e4c1cc3e1c3c5f723c910c861bad52078405a7026f0321526fad1a15b04ee3", "casademo.flagdata_suite.time_flagdata_summary": "7d302987a4e4e75e43325fd83f2c968688e4b8a56a6476db46a4fcc0bc003e95", "casademo.tclean_memory_suite.peakmem_tclean_setweighting": "3fb5214d1e8e5bf8170efbe8114cd88b0e1e51db87c955bc588eb95ba91e4f71"}, "version": 1}
