{"results": {"casademo.tclean_memory_suite.peakmem_tclean_setweighting": 2154647552, "casademo.calibration_suite.time_applycal_callib": {"result": [34.769545808434486], "stats": [{"ci_99": [-440.5775594189763, 510.1166510358449], "q_25": 30.01607475616038, "q_75": 39.523016860708594, "min": 25.26260370388627, "max": 44.2764879129827, "mean": 34.769545808434486, "std": 9.506942104548216, "repeat": 2, "number": 2}]}, "casademo.calibration_suite.time_bandpass": {"result": [25.28801960661076], "stats": [{"ci_99": [17.777113858843222, 32.79892535437829], "q_25": 25.212910549133085, "q_75": 25.363128664088435, "min": 25.13780149165541, "max": 25.43823772156611, "mean": 25.28801960661076, "std": 0.15021811495535076, "repeat": 2, "number": 2}]}, "casademo.calibration_suite.time_gaincal": {"result": [49.7745147109963], "stats": [{"ci_99": [31.31473838770762, 68.23429103428496], "q_25": 49.58991694776341, "q_75": 49.95911247422919, "min": 49.405319184530526, "max": 50.143710237462074, "mean": 49.7745147109963, "std": 0.3691955264657736, "repeat": 2, "number": 2}]}, "casademo.flagdata_suite.time_flagdata_bandpassflag": {"result": [31.881551323691383], "stats": [{"ci_99": [31.25356655358337, 32.5095360937994], "q_25": 31.875271475990303, "q_75": 31.887831171392463, "min": 31.868991628289223, "max": 31.894111019093543, "mean": 31.881551323691383, "std": 0.012559695402160287, "repeat": 2, "number": 2}]}, "casademo.flagdata_suite.time_flagdata_list": {"result": [134.62463371129707], "stats": [{"ci_99": [133.8428519726731, 135.40641544992104], "q_25": 134.61681589391083, "q_75": 134.6324515286833, "min": 134.60899807652459, "max": 134.64026934606954, "mean": 134.62463371129707, "std": 0.015635634772479534, "repeat": 2, "number": 2}]}, "casademo.flagdata_suite.time_flagdata_list_summary": {"result": [34.4560701623559], "stats": [{"ci_99": [32.25079239252955, 36.66134793218225], "q_25": 34.434017384657636, "q_75": 34.47812294005416, "min": 34.41196460695937, "max": 34.50017571775243, "mean": 34.4560701623559, "std": 0.04410555539652705, "repeat": 2, "number": 2}]}, "casademo.flagdata_suite.time_flagdata_summary": {"result": [34.1856704892125], "stats": [{"ci_99": [30.728728043148294, 37.6426129352767], "q_25": 34.151101064751856, "q_75": 34.22023991367314, "min": 34.116531640291214, "max": 34.25480933813378, "mean": 34.1856704892125, "std": 0.06913884892128408, "repeat": 2, "number": 2}]}}, "params": {"arch": "x86_64", "cpu": "Intel(R) Xeon(R) CPU E5-1660 v4 @ 3.20GHz", "machine": "NRAO workstation", "num_cpu": "16", "os": "Linux 3.10.0-1160.15.2.el7.x86_64", "ram": "32GB", "python": "3.6", "pip+casatools": "6.3.0", "pip+casatasks": "6.3.0"}, "requirements": {"pip+casatools": "6.3.0", "pip+casatasks": "6.3.0"}, "commit_hash": "1cb3b72a23675b8eae897bee6daaa32cfee61086", "date": 1622813199000, "env_name": "virtualenv-py3.6-pip+casatasks6.3.0.13-pip+casatools6.3.0.13", "python": "3.6", "profiles": {}, "started_at": {"casademo.tclean_memory_suite.peakmem_tclean_setweighting": 1630091501476, "casademo.calibration_suite.time_applycal_callib": 1630090754126, "casademo.calibration_suite.time_bandpass": 1630090828214, "casademo.calibration_suite.time_gaincal": 1630090906451, "casademo.flagdata_suite.time_flagdata_bandpassflag": 1630091031063, "casademo.flagdata_suite.time_flagdata_list": 1630091094910, "casademo.flagdata_suite.time_flagdata_list_summary": 1630091364262, "casademo.flagdata_suite.time_flagdata_summary": 1630091433170}, "ended_at": {"casademo.tclean_memory_suite.peakmem_tclean_setweighting": 1630091691934, "casademo.calibration_suite.time_applycal_callib": 1630090828213, "casademo.calibration_suite.time_bandpass": 1630090906451, "casademo.calibration_suite.time_gaincal": 1630091031060, "casademo.flagdata_suite.time_flagdata_bandpassflag": 1630091094910, "casademo.flagdata_suite.time_flagdata_list": 1630091364262, "casademo.flagdata_suite.time_flagdata_list_summary": 1630091433170, "casademo.flagdata_suite.time_flagdata_summary": 1630091501476}, "benchmark_version": {"casademo.calibration_suite.time_applycal_callib": "9ef394762fe7135f58c94c0e46a655fae93e7d107904ceff94d228f23b89a589", "casademo.calibration_suite.time_bandpass": "f706aa044f6bc64b915996b7bdd6bc5666cae0eb7c47ff9a70b5bced6c9fbd0c", "casademo.calibration_suite.time_gaincal": "56f8a9022caccdafe4240fb9a2766b2d5d56cc1c784bd724822d3b040f5b5309", "casademo.flagdata_suite.time_flagdata_bandpassflag": "f55e0ffa6be9d655555c5081a0e7bf2bc00b253273ba7c220de0bd2cfb3baf6c", "casademo.flagdata_suite.time_flagdata_list": "1a40b66ffb4a43d48af3407bae817ed4f7667fe778880859384f5f2e7c9c5d1f", "casademo.flagdata_suite.time_flagdata_list_summary": "3eb284062687484026a1defb4fceb705e83b244e37405f8794d431940ff44b08", "casademo.flagdata_suite.time_flagdata_summary": "9e569fb4e2a2f68e59c510bbf889632173be867104a4e5ba5a98d0eb110e82fb", "casademo.tclean_memory_suite.peakmem_tclean_setweighting": "b08240b9d9211ba7e2ce323aae697e4b25deb8a6db4c5e2e48519cedc4707769"}, "version": 1}
