{"results": {"casademo.tclean_memory_suite.peakmem_tclean_setweighting": 2154647552, "casademo.calibration_suite.time_applycal_callib": {"result": [34.769545808434486], "stats": [{"ci_99": [-440.5775594189763, 510.1166510358449], "q_25": 30.01607475616038, "q_75": 39.523016860708594, "min": 25.26260370388627, "max": 44.2764879129827, "mean": 34.769545808434486, "std": 9.506942104548216, "repeat": 2, "number": 2}]}, "casademo.calibration_suite.time_bandpass": {"result": [25.28801960661076], "stats": [{"ci_99": [17.777113858843222, 32.79892535437829], "q_25": 25.212910549133085, "q_75": 25.363128664088435, "min": 25.13780149165541, "max": 25.43823772156611, "mean": 25.28801960661076, "std": 0.15021811495535076, "repeat": 2, "number": 2}]}, "casademo.calibration_suite.time_gaincal": {"result": [49.7745147109963], "stats": [{"ci_99": [31.31473838770762, 68.23429103428496], "q_25": 49.58991694776341, "q_75": 49.95911247422919, "min": 49.405319184530526, "max": 50.143710237462074, "mean": 49.7745147109963, "std": 0.3691955264657736, "repeat": 2, "number": 2}]}, "casademo.flagdata_suite.time_flagdata_bandpassflag": {"result": [31.881551323691383], "stats": [{"ci_99": [31.25356655358337, 32.5095360937994], "q_25": 31.875271475990303, "q_75": 31.887831171392463, "min": 31.868991628289223, "max": 31.894111019093543, "mean": 31.881551323691383, "std": 0.012559695402160287, "repeat": 2, "number": 2}]}, "casademo.flagdata_suite.time_flagdata_list": {"result": [134.62463371129707], "stats": [{"ci_99": [133.8428519726731, 135.40641544992104], "q_25": 134.61681589391083, "q_75": 134.6324515286833, "min": 134.60899807652459, "max": 134.64026934606954, "mean": 134.62463371129707, "std": 0.015635634772479534, "repeat": 2, "number": 2}]}, "casademo.flagdata_suite.time_flagdata_list_summary": {"result": [34.4560701623559], "stats": [{"ci_99": [32.25079239252955, 36.66134793218225], "q_25": 34.434017384657636, "q_75": 34.47812294005416, "min": 34.41196460695937, "max": 34.50017571775243, "mean": 34.4560701623559, "std": 0.04410555539652705, "repeat": 2, "number": 2}]}, "casademo.flagdata_suite.time_flagdata_summary": {"result": [34.1856704892125], "stats": [{"ci_99": [30.728728043148294, 37.6426129352767], "q_25": 34.151101064751856, "q_75": 34.22023991367314, "min": 34.116531640291214, "max": 34.25480933813378, "mean": 34.1856704892125, "std": 0.06913884892128408, "repeat": 2, "number": 2}]}}, "params": {"arch": "x86_64", "cpu": "Intel(R) Xeon(R) CPU E5-1660 v4 @ 3.20GHz", "machine": "NRAO workstation", "num_cpu": "16", "os": "Linux 3.10.0-1160.15.2.el7.x86_64", "ram": "32GB", "python": "3.6", "pip+casatools": "6.3.0", "pip+casatasks": "6.3.0"}, "requirements": {"pip+casatools": "6.3.0", "pip+casatasks": "6.3.0"}, "commit_hash": "1cb3b72a23675b8eae897bee6daaa32cfee61086", "date": 1622813199000, "env_name": "virtualenv-py3.6-pip+casatasks6.3.0.13-pip+casatools6.3.0.13", "python": "3.6", "profiles": {}, "started_at": {"casademo.tclean_memory_suite.peakmem_tclean_setweighting": 1630091501476, "casademo.calibration_suite.time_applycal_callib": 1630090754126, "casademo.calibration_suite.time_bandpass": 1630090828214, "casademo.calibration_suite.time_gaincal": 1630090906451, "casademo.flagdata_suite.time_flagdata_bandpassflag": 1630091031063, "casademo.flagdata_suite.time_flagdata_list": 1630091094910, "casademo.flagdata_suite.time_flagdata_list_summary": 1630091364262, "casademo.flagdata_suite.time_flagdata_summary": 1630091433170}, "ended_at": {"casademo.tclean_memory_suite.peakmem_tclean_setweighting": 1630091691934, "casademo.calibration_suite.time_applycal_callib": 1630090828213, "casademo.calibration_suite.time_bandpass": 1630090906451, "casademo.calibration_suite.time_gaincal": 1630091031060, "casademo.flagdata_suite.time_flagdata_bandpassflag": 1630091094910, "casademo.flagdata_suite.time_flagdata_list": 1630091364262, "casademo.flagdata_suite.time_flagdata_list_summary": 1630091433170, "casademo.flagdata_suite.time_flagdata_summary": 1630091501476}, "benchmark_version": {"casademo.tclean_memory_suite.peakmem_tclean_setweighting": "3fb5214d1e8e5bf8170efbe8114cd88b0e1e51db87c955bc588eb95ba91e4f71", "casademo.calibration_suite.time_applycal_callib": "1f6437b2270507d06f2c91c35b12dce1187d02851c4b0d0c872bbcfda3e5c4f6", "casademo.calibration_suite.time_bandpass": "a69d32cd1360ece09039f1051989506a7673f5a708021e87c81e0936374d64ce", "casademo.calibration_suite.time_gaincal": "70a393fa53b72183c406b9cc585dca7828b9b8d585b8077a80e0946ee81ebeb0", "casademo.flagdata_suite.time_flagdata_bandpassflag": "6bc01de4a73ffea44f2190b51350292cc1e1256989be0f26cc4ec77341df934a", "casademo.flagdata_suite.time_flagdata_list": "f4d15370d3c2c0c746d0c9c28b87ee190865ebfa9e210cc5773201bea0df7bf9", "casademo.flagdata_suite.time_flagdata_list_summary": "58e4c1cc3e1c3c5f723c910c861bad52078405a7026f0321526fad1a15b04ee3", "casademo.flagdata_suite.time_flagdata_summary": "7d302987a4e4e75e43325fd83f2c968688e4b8a56a6476db46a4fcc0bc003e95"}, "version": 1}
