{"results": {"casademo.tclean_memory_suite.peakmem_tclean_setweighting": 1959391232, "casademo.calibration_suite.time_applycal_callib": {"result": [26.884737656917423], "stats": [{"ci_99": [-23.457746603991836, 77.22722191782664], "q_25": 26.38131281430833, "q_75": 27.388162499526516, "min": 25.877887971699238, "max": 27.891587342135608, "mean": 26.884737656917423, "std": 1.0068496852181852, "repeat": 2, "number": 2}]}, "casademo.calibration_suite.time_bandpass": {"result": [38.12961798044853], "stats": [{"ci_99": [-653.651174743427, 729.9104107043235], "q_25": 31.211810053209774, "q_75": 45.047425907687284, "min": 24.29400212597102, "max": 51.96523383492604, "mean": 38.12961798044853, "std": 13.83561585447751, "repeat": 2, "number": 2}]}, "casademo.calibration_suite.time_gaincal": {"result": [49.13309588795528], "stats": [{"ci_99": [32.36682729097083, 65.89936448493971], "q_25": 48.965433201985434, "q_75": 49.30075857392512, "min": 48.79777051601559, "max": 49.46842125989497, "mean": 49.13309588795528, "std": 0.3353253719396889, "repeat": 2, "number": 2}]}, "casademo.flagdata_suite.time_flagdata_bandpassflag": {"result": [9.04355877218768], "stats": [{"ci_99": [8.82600451959297, 9.26111302478239], "q_25": 9.041383229661733, "q_75": 9.045734314713627, "min": 9.039207687135786, "max": 9.047909857239574, "mean": 9.04355877218768, "std": 0.004351085051894188, "repeat": 2, "number": 2}]}, "casademo.flagdata_suite.time_flagdata_list": {"result": [110.32569563365541], "stats": [{"ci_99": [49.18737877276726, 171.4640124945435], "q_25": 109.71431246504653, "q_75": 110.9370788022643, "min": 109.10292929643765, "max": 111.54846197087318, "mean": 110.32569563365541, "std": 1.222766337217763, "repeat": 2, "number": 2}]}, "casademo.flagdata_suite.time_flagdata_list_summary": {"result": [11.862178067676723], "stats": [{"ci_99": [11.051845704205334, 12.672510431148112], "q_25": 11.85407474404201, "q_75": 11.870281391311437, "min": 11.845971420407295, "max": 11.87838471494615, "mean": 11.862178067676723, "std": 0.016206647269427776, "repeat": 2, "number": 2}]}, "casademo.flagdata_suite.time_flagdata_summary": {"result": [11.544493393041193], "stats": [{"ci_99": [10.57240978628397, 12.516576999798417], "q_25": 11.534772556973621, "q_75": 11.554214229108766, "min": 11.525051720906049, "max": 11.563935065176338, "mean": 11.544493393041193, "std": 0.019441672135144472, "repeat": 2, "number": 2}]}}, "params": {"arch": "x86_64", "cpu": "Intel(R) Xeon(R) CPU E5-1660 v4 @ 3.20GHz", "machine": "NRAO workstation", "num_cpu": "16", "os": "Linux 3.10.0-1160.15.2.el7.x86_64", "ram": "32GB", "python": "3.6", "pip+casatools": "trunk", "pip+casatasks": "trunk"}, "requirements": {"pip+casatools": "trunk", "pip+casatasks": "trunk"}, "commit_hash": "1f4fd512b5ce9a8546d7648105249afb4400233b", "date": 1626685954000, "env_name": "virtualenv-py3.6-pip+casatasks-trunk-pip+casatools-trunk", "python": "3.6", "profiles": {}, "started_at": {"casademo.tclean_memory_suite.peakmem_tclean_setweighting": 1630000467849, "casademo.calibration_suite.time_applycal_callib": 1629999851551, "casademo.calibration_suite.time_bandpass": 1629999930251, "casademo.calibration_suite.time_gaincal": 1630000056505, "casademo.flagdata_suite.time_flagdata_bandpassflag": 1630000179613, "casademo.flagdata_suite.time_flagdata_list": 1630000197749, "casademo.flagdata_suite.time_flagdata_list_summary": 1630000420896, "casademo.flagdata_suite.time_flagdata_summary": 1630000444693}, "ended_at": {"casademo.tclean_memory_suite.peakmem_tclean_setweighting": 1630000641581, "casademo.calibration_suite.time_applycal_callib": 1629999930250, "casademo.calibration_suite.time_bandpass": 1630000056504, "casademo.calibration_suite.time_gaincal": 1630000179605, "casademo.flagdata_suite.time_flagdata_bandpassflag": 1630000197749, "casademo.flagdata_suite.time_flagdata_list": 1630000420895, "casademo.flagdata_suite.time_flagdata_list_summary": 1630000444692, "casademo.flagdata_suite.time_flagdata_summary": 1630000467848}, "benchmark_version": {"casademo.calibration_suite.time_applycal_callib": "9ef394762fe7135f58c94c0e46a655fae93e7d107904ceff94d228f23b89a589", "casademo.calibration_suite.time_bandpass": "f706aa044f6bc64b915996b7bdd6bc5666cae0eb7c47ff9a70b5bced6c9fbd0c", "casademo.calibration_suite.time_gaincal": "56f8a9022caccdafe4240fb9a2766b2d5d56cc1c784bd724822d3b040f5b5309", "casademo.flagdata_suite.time_flagdata_bandpassflag": "f55e0ffa6be9d655555c5081a0e7bf2bc00b253273ba7c220de0bd2cfb3baf6c", "casademo.flagdata_suite.time_flagdata_list": "1a40b66ffb4a43d48af3407bae817ed4f7667fe778880859384f5f2e7c9c5d1f", "casademo.flagdata_suite.time_flagdata_list_summary": "3eb284062687484026a1defb4fceb705e83b244e37405f8794d431940ff44b08", "casademo.flagdata_suite.time_flagdata_summary": "9e569fb4e2a2f68e59c510bbf889632173be867104a4e5ba5a98d0eb110e82fb", "casademo.tclean_memory_suite.peakmem_tclean_setweighting": "b08240b9d9211ba7e2ce323aae697e4b25deb8a6db4c5e2e48519cedc4707769"}, "version": 1}
