{"results": {"casademo.calibration_suite.time_applycal_callib": {"result": [21.567464301129803], "stats": [{"ci_99": [-188.2760525958147, 231.41098119807413], "q_25": 19.469029132160358, "q_75": 23.665899470099248, "min": 17.370593963190913, "max": 25.764334639068693, "mean": 21.567464301129803, "std": 4.19687033793889, "repeat": 2, "number": 2}]}, "casademo.calibration_suite.time_bandpass": {"result": [25.582173955161124], "stats": [{"ci_99": [25.197464576456696, 25.966883333865553], "q_25": 25.57832686137408, "q_75": 25.58602104894817, "min": 25.574479767587036, "max": 25.589868142735213, "mean": 25.582173955161124, "std": 0.0076941875740885735, "repeat": 2, "number": 2}]}, "casademo.calibration_suite.time_gaincal": {"result": [50.00258945953101], "stats": [{"ci_99": [47.553609042428434, 52.451569876633584], "q_25": 49.97809965535998, "q_75": 50.027079263702035, "min": 49.95360985118896, "max": 50.05156906787306, "mean": 50.00258945953101, "std": 0.048979608342051506, "repeat": 2, "number": 2}]}, "casademo.flagdata_suite.time_flagdata_bandpassflag": {"result": [5.657702174270526], "stats": [{"ci_99": [5.480540999909863, 5.834863348631188], "q_25": 5.655930562526919, "q_75": 5.659473786014132, "min": 5.654158950783312, "max": 5.661245397757739, "mean": 5.657702174270526, "std": 0.003543223487213254, "repeat": 2, "number": 2}]}, "casademo.flagdata_suite.time_flagdata_list": {"result": [103.66774887382053], "stats": [{"ci_99": [99.87655978486873, 107.45893796277232], "q_25": 103.62983698293101, "q_75": 103.70566076471005, "min": 103.59192509204149, "max": 103.74357265559956, "mean": 103.66774887382053, "std": 0.07582378177903593, "repeat": 2, "number": 2}]}, "casademo.flagdata_suite.time_flagdata_list_summary": {"result": [7.6566166039556265], "stats": [{"ci_99": [7.095163807272911, 8.218069400638342], "q_25": 7.651002075988799, "q_75": 7.662231131922454, "min": 7.645387548021972, "max": 7.667845659889281, "mean": 7.6566166039556265, "std": 0.011229055933654308, "repeat": 2, "number": 2}]}, "casademo.flagdata_suite.time_flagdata_summary": {"result": [7.339358838042244], "stats": [{"ci_99": [6.702726458432153, 7.975991217652335], "q_25": 7.332992514246143, "q_75": 7.345725161838345, "min": 7.3266261904500425, "max": 7.352091485634446, "mean": 7.339358838042244, "std": 0.012732647592201829, "repeat": 2, "number": 2}]}, "casademo.tclean_memory_suite.peakmem_tclean_setweighting": 1861742592}, "params": {"arch": "x86_64", "cpu": "Intel(R) Xeon(R) CPU E5-1660 v4 @ 3.20GHz", "machine": "NRAO workstation", "num_cpu": "16", "os": "Linux 3.10.0-1160.15.2.el7.x86_64", "ram": "32GB", "python": "3.6", "pip+casatools": "6.2.0", "pip+casatasks": "6.2.0"}, "requirements": {"pip+casatools": "6.2.0", "pip+casatasks": "6.2.0"}, "commit_hash": "1fb23ec7db5543a5fe4c450c6be2998f8eb28983", "date": 1600155033000, "env_name": "virtualenv-py3.6-pip+casatasks6.2.0.26-pip+casatools6.2.0.26", "python": "3.6", "profiles": {}, "started_at": {"casademo.calibration_suite.time_applycal_callib": 1630460517220, "casademo.calibration_suite.time_bandpass": 1630460592408, "casademo.calibration_suite.time_gaincal": 1630460668651, "casademo.flagdata_suite.time_flagdata_bandpassflag": 1630460792461, "casademo.flagdata_suite.time_flagdata_list": 1630460803842, "casademo.flagdata_suite.time_flagdata_list_summary": 1630461011105, "casademo.flagdata_suite.time_flagdata_summary": 1630461026445, "casademo.tclean_memory_suite.peakmem_tclean_setweighting": 1630461041133}, "ended_at": {"casademo.calibration_suite.time_applycal_callib": 1630460592408, "casademo.calibration_suite.time_bandpass": 1630460668650, "casademo.calibration_suite.time_gaincal": 1630460792454, "casademo.flagdata_suite.time_flagdata_bandpassflag": 1630460803841, "casademo.flagdata_suite.time_flagdata_list": 1630461011105, "casademo.flagdata_suite.time_flagdata_list_summary": 1630461026445, "casademo.flagdata_suite.time_flagdata_summary": 1630461041133, "casademo.tclean_memory_suite.peakmem_tclean_setweighting": 1630461341884}, "benchmark_version": {"casademo.calibration_suite.time_applycal_callib": "1f6437b2270507d06f2c91c35b12dce1187d02851c4b0d0c872bbcfda3e5c4f6", "casademo.calibration_suite.time_bandpass": "a69d32cd1360ece09039f1051989506a7673f5a708021e87c81e0936374d64ce", "casademo.calibration_suite.time_gaincal": "70a393fa53b72183c406b9cc585dca7828b9b8d585b8077a80e0946ee81ebeb0", "casademo.flagdata_suite.time_flagdata_bandpassflag": "6bc01de4a73ffea44f2190b51350292cc1e1256989be0f26cc4ec77341df934a", "casademo.flagdata_suite.time_flagdata_list": "f4d15370d3c2c0c746d0c9c28b87ee190865ebfa9e210cc5773201bea0df7bf9", "casademo.flagdata_suite.time_flagdata_list_summary": "58e4c1cc3e1c3c5f723c910c861bad52078405a7026f0321526fad1a15b04ee3", "casademo.flagdata_suite.time_flagdata_summary": "7d302987a4e4e75e43325fd83f2c968688e4b8a56a6476db46a4fcc0bc003e95", "casademo.tclean_memory_suite.peakmem_tclean_setweighting": "3fb5214d1e8e5bf8170efbe8114cd88b0e1e51db87c955bc588eb95ba91e4f71"}, "version": 1}
