{"results": {"casademo.calibration_suite.time_applycal_callib": {"result": [26.662247337633744], "stats": [{"ci_99": [-42.231014812598005, 95.55550948786544], "q_25": 25.973314716131426, "q_75": 27.35117995913606, "min": 25.28438209462911, "max": 28.04011258063838, "mean": 26.662247337633744, "std": 1.377865243004635, "repeat": 2, "number": 2}]}, "casademo.calibration_suite.time_bandpass": {"result": [24.683335941052064], "stats": [{"ci_99": [-1.1433652199339122, 50.51003710203802], "q_25": 24.425068929442205, "q_75": 24.941602952661924, "min": 24.166801917832345, "max": 25.199869964271784, "mean": 24.683335941052064, "std": 0.5165340232197195, "repeat": 2, "number": 2}]}, "casademo.calibration_suite.time_gaincal": {"result": [50.21419671783224], "stats": [{"ci_99": [41.6428167601116, 58.78557667555287], "q_25": 50.12848291825503, "q_75": 50.299910517409444, "min": 50.042769118677825, "max": 50.38562431698665, "mean": 50.21419671783224, "std": 0.17142759915441275, "repeat": 2, "number": 2}]}, "casademo.flagdata_suite.time_flagdata_bandpassflag": {"result": [32.19422509591095], "stats": [{"ci_99": [32.142537449719384, 32.24591274210252], "q_25": 32.193708219449036, "q_75": 32.19474197237287, "min": 32.19319134298712, "max": 32.19525884883478, "mean": 32.19422509591095, "std": 0.0010337529238313437, "repeat": 2, "number": 2}]}, "casademo.flagdata_suite.time_flagdata_list": {"result": [134.96771246637218], "stats": [{"ci_99": [132.70248112012632, 137.23294381261803], "q_25": 134.94506015290972, "q_75": 134.99036477983464, "min": 134.92240783944726, "max": 135.0130170932971, "mean": 134.96771246637218, "std": 0.0453046269249171, "repeat": 2, "number": 2}]}, "casademo.flagdata_suite.time_flagdata_list_summary": {"result": [35.07614188012667], "stats": [{"ci_99": [23.59861866454594, 46.55366509570739], "q_25": 34.96136664797086, "q_75": 35.19091711228248, "min": 34.846591415815055, "max": 35.305692344438285, "mean": 35.07614188012667, "std": 0.22955046431161463, "repeat": 2, "number": 2}]}, "casademo.flagdata_suite.time_flagdata_summary": {"result": [34.57369828200899], "stats": [{"ci_99": [34.03490110603161, 35.11249545798637], "q_25": 34.56831031024922, "q_75": 34.579086253768764, "min": 34.56292233848944, "max": 34.58447422552854, "mean": 34.57369828200899, "std": 0.010775943519547582, "repeat": 2, "number": 2}]}, "casademo.tclean_memory_suite.peakmem_tclean_setweighting": 1960558592}, "params": {"arch": "x86_64", "cpu": "Intel(R) Xeon(R) CPU E5-1660 v4 @ 3.20GHz", "machine": "NRAO workstation", "num_cpu": "16", "os": "Linux 3.10.0-1160.15.2.el7.x86_64", "ram": "32GB", "python": "3.6", "pip+casatools": "6.2.0", "pip+casatasks": "6.2.0"}, "requirements": {"pip+casatools": "6.2.0", "pip+casatasks": "6.2.0"}, "commit_hash": "2059f169909a75036977aa84caac7b2aca744d15", "date": 1613507346000, "env_name": "virtualenv-py3.6-pip+casatasks6.2.0.89-pip+casatools6.2.0.89", "python": "3.6", "profiles": {}, "started_at": {"casademo.calibration_suite.time_applycal_callib": 1630112219877, "casademo.calibration_suite.time_bandpass": 1630112294064, "casademo.calibration_suite.time_gaincal": 1630112373277, "casademo.flagdata_suite.time_flagdata_bandpassflag": 1630112497989, "casademo.flagdata_suite.time_flagdata_list": 1630112562437, "casademo.flagdata_suite.time_flagdata_list_summary": 1630112832340, "casademo.flagdata_suite.time_flagdata_summary": 1630112902099, "casademo.tclean_memory_suite.peakmem_tclean_setweighting": 1630112971309}, "ended_at": {"casademo.calibration_suite.time_applycal_callib": 1630112294063, "casademo.calibration_suite.time_bandpass": 1630112373277, "casademo.calibration_suite.time_gaincal": 1630112497985, "casademo.flagdata_suite.time_flagdata_bandpassflag": 1630112562437, "casademo.flagdata_suite.time_flagdata_list": 1630112832339, "casademo.flagdata_suite.time_flagdata_list_summary": 1630112902099, "casademo.flagdata_suite.time_flagdata_summary": 1630112971308, "casademo.tclean_memory_suite.peakmem_tclean_setweighting": 1630113138855}, "benchmark_version": {"casademo.calibration_suite.time_applycal_callib": "1f6437b2270507d06f2c91c35b12dce1187d02851c4b0d0c872bbcfda3e5c4f6", "casademo.calibration_suite.time_bandpass": "a69d32cd1360ece09039f1051989506a7673f5a708021e87c81e0936374d64ce", "casademo.calibration_suite.time_gaincal": "70a393fa53b72183c406b9cc585dca7828b9b8d585b8077a80e0946ee81ebeb0", "casademo.flagdata_suite.time_flagdata_bandpassflag": "6bc01de4a73ffea44f2190b51350292cc1e1256989be0f26cc4ec77341df934a", "casademo.flagdata_suite.time_flagdata_list": "f4d15370d3c2c0c746d0c9c28b87ee190865ebfa9e210cc5773201bea0df7bf9", "casademo.flagdata_suite.time_flagdata_list_summary": "58e4c1cc3e1c3c5f723c910c861bad52078405a7026f0321526fad1a15b04ee3", "casademo.flagdata_suite.time_flagdata_summary": "7d302987a4e4e75e43325fd83f2c968688e4b8a56a6476db46a4fcc0bc003e95", "casademo.tclean_memory_suite.peakmem_tclean_setweighting": "3fb5214d1e8e5bf8170efbe8114cd88b0e1e51db87c955bc588eb95ba91e4f71"}, "version": 1}
