{"results": {"casademo.tclean_memory_suite.peakmem_tclean_setweighting": 1959464960, "casademo.calibration_suite.time_applycal_callib": {"result": [32.29949007439427], "stats": [{"ci_99": [-299.60925146075897, 364.2082316095472], "q_25": 28.98040265904274, "q_75": 35.6185774897458, "min": 25.661315243691206, "max": 38.937664905097336, "mean": 32.29949007439427, "std": 6.638174830703065, "repeat": 2, "number": 2}]}, "casademo.calibration_suite.time_bandpass": {"result": [25.187187791336328], "stats": [{"ci_99": [-24.36477305786684, 74.73914864053945], "q_25": 24.691668182844296, "q_75": 25.68270739982836, "min": 24.196148574352264, "max": 26.17822700832039, "mean": 25.187187791336328, "std": 0.9910392169840634, "repeat": 2, "number": 2}]}, "casademo.calibration_suite.time_gaincal": {"result": [50.17834788467735], "stats": [{"ci_99": [40.704353836365044, 59.65234193298965], "q_25": 50.08360794419423, "q_75": 50.273087825160474, "min": 49.988868003711104, "max": 50.3678277656436, "mean": 50.17834788467735, "std": 0.18947988096624613, "repeat": 2, "number": 2}]}, "casademo.flagdata_suite.time_flagdata_bandpassflag": {"result": [9.16624276782386], "stats": [{"ci_99": [4.5839547796640545, 13.748530755983662], "q_25": 9.120419887942262, "q_75": 9.212065647705458, "min": 9.074597008060664, "max": 9.257888527587056, "mean": 9.16624276782386, "std": 0.09164575976319611, "repeat": 2, "number": 2}]}, "casademo.flagdata_suite.time_flagdata_list": {"result": [111.44257594831288], "stats": [{"ci_99": [104.59126566536725, 118.29388623125851], "q_25": 111.37406284548342, "q_75": 111.51108905114233, "min": 111.30554974265397, "max": 111.57960215397179, "mean": 111.44257594831288, "std": 0.13702620565891266, "repeat": 2, "number": 2}]}, "casademo.flagdata_suite.time_flagdata_list_summary": {"result": [11.896915161982179], "stats": [{"ci_99": [6.486049490980804, 17.30778083298355], "q_25": 11.842806505272165, "q_75": 11.951023818692192, "min": 11.788697848562151, "max": 12.005132475402206, "mean": 11.896915161982179, "std": 0.1082173134200275, "repeat": 2, "number": 2}]}, "casademo.flagdata_suite.time_flagdata_summary": {"result": [11.489042117027566], "stats": [{"ci_99": [-0.37933247978799045, 23.35741671384311], "q_25": 11.37035837105941, "q_75": 11.607725862995721, "min": 11.251674625091255, "max": 11.726409608963877, "mean": 11.489042117027566, "std": 0.23736749193631113, "repeat": 2, "number": 2}]}}, "params": {"arch": "x86_64", "cpu": "Intel(R) Xeon(R) CPU E5-1660 v4 @ 3.20GHz", "machine": "NRAO workstation", "num_cpu": "16", "os": "Linux 3.10.0-1160.15.2.el7.x86_64", "ram": "32GB", "python": "3.6", "pip+casatools": "6.3.0", "pip+casatasks": "6.3.0"}, "requirements": {"pip+casatools": "6.3.0", "pip+casatasks": "6.3.0"}, "commit_hash": "223c9292a5136f8b68f72a3699ce08b756f4cee4", "date": 1626088445000, "env_name": "virtualenv-py3.6-pip+casatasks6.3.0.25-pip+casatools6.3.0.25", "python": "3.6", "profiles": {}, "started_at": {"casademo.tclean_memory_suite.peakmem_tclean_setweighting": 1630002138410, "casademo.calibration_suite.time_applycal_callib": 1630001576580, "casademo.calibration_suite.time_bandpass": 1630001650417, "casademo.calibration_suite.time_gaincal": 1630001727155, "casademo.flagdata_suite.time_flagdata_bandpassflag": 1630001850916, "casademo.flagdata_suite.time_flagdata_list": 1630001869503, "casademo.flagdata_suite.time_flagdata_list_summary": 1630002092197, "casademo.flagdata_suite.time_flagdata_summary": 1630002115855}, "ended_at": {"casademo.tclean_memory_suite.peakmem_tclean_setweighting": 1630002310889, "casademo.calibration_suite.time_applycal_callib": 1630001650417, "casademo.calibration_suite.time_bandpass": 1630001727155, "casademo.calibration_suite.time_gaincal": 1630001850911, "casademo.flagdata_suite.time_flagdata_bandpassflag": 1630001869502, "casademo.flagdata_suite.time_flagdata_list": 1630002092196, "casademo.flagdata_suite.time_flagdata_list_summary": 1630002115854, "casademo.flagdata_suite.time_flagdata_summary": 1630002138410}, "benchmark_version": {"casademo.calibration_suite.time_applycal_callib": "9ef394762fe7135f58c94c0e46a655fae93e7d107904ceff94d228f23b89a589", "casademo.calibration_suite.time_bandpass": "f706aa044f6bc64b915996b7bdd6bc5666cae0eb7c47ff9a70b5bced6c9fbd0c", "casademo.calibration_suite.time_gaincal": "56f8a9022caccdafe4240fb9a2766b2d5d56cc1c784bd724822d3b040f5b5309", "casademo.flagdata_suite.time_flagdata_bandpassflag": "f55e0ffa6be9d655555c5081a0e7bf2bc00b253273ba7c220de0bd2cfb3baf6c", "casademo.flagdata_suite.time_flagdata_list": "1a40b66ffb4a43d48af3407bae817ed4f7667fe778880859384f5f2e7c9c5d1f", "casademo.flagdata_suite.time_flagdata_list_summary": "3eb284062687484026a1defb4fceb705e83b244e37405f8794d431940ff44b08", "casademo.flagdata_suite.time_flagdata_summary": "9e569fb4e2a2f68e59c510bbf889632173be867104a4e5ba5a98d0eb110e82fb", "casademo.tclean_memory_suite.peakmem_tclean_setweighting": "b08240b9d9211ba7e2ce323aae697e4b25deb8a6db4c5e2e48519cedc4707769"}, "version": 1}
