{"results": {"casademo.tclean_memory_suite.peakmem_tclean_setweighting": 1959383040, "casademo.calibration_suite.time_applycal_callib": {"result": [27.171402308391407], "stats": [{"ci_99": [23.0612242014613, 31.28158041532151], "q_25": 27.130300527322106, "q_75": 27.212504089460708, "min": 27.089198746252805, "max": 27.25360587053001, "mean": 27.171402308391407, "std": 0.08220356213860214, "repeat": 2, "number": 2}]}, "casademo.calibration_suite.time_bandpass": {"result": [33.54497529310174], "stats": [{"ci_99": [-424.5342717322055, 491.6242223184086], "q_25": 28.96418282284867, "q_75": 38.125767763354816, "min": 24.383390352595598, "max": 42.70656023360789, "mean": 33.54497529310174, "std": 9.161584940506145, "repeat": 2, "number": 2}]}, "casademo.calibration_suite.time_gaincal": {"result": [50.011660382151604], "stats": [{"ci_99": [36.86094418168068, 63.162376582622514], "q_25": 49.880153220146894, "q_75": 50.14316754415631, "min": 49.748646058142185, "max": 50.27467470616102, "mean": 50.011660382151604, "std": 0.2630143240094185, "repeat": 2, "number": 2}]}, "casademo.flagdata_suite.time_flagdata_bandpassflag": {"result": [9.322197160683572], "stats": [{"ci_99": [9.111852136440575, 9.53254218492657], "q_25": 9.320093710441142, "q_75": 9.324300610926002, "min": 9.317990260198712, "max": 9.326404061168432, "mean": 9.322197160683572, "std": 0.004206900484859943, "repeat": 2, "number": 2}]}, "casademo.flagdata_suite.time_flagdata_list": {"result": [112.06837924034335], "stats": [{"ci_99": [106.8622097147163, 117.2745487659704], "q_25": 112.01631754508708, "q_75": 112.12044093559962, "min": 111.9642558498308, "max": 112.17250263085589, "mean": 112.06837924034335, "std": 0.10412339051254094, "repeat": 2, "number": 2}]}, "casademo.flagdata_suite.time_flagdata_list_summary": {"result": [12.016892378916964], "stats": [{"ci_99": [10.998401212738827, 13.035383545095101], "q_25": 12.006707467255183, "q_75": 12.027077290578745, "min": 11.996522555593401, "max": 12.037262202240527, "mean": 12.016892378916964, "std": 0.02036982332356274, "repeat": 2, "number": 2}]}, "casademo.flagdata_suite.time_flagdata_summary": {"result": [11.724105284549296], "stats": [{"ci_99": [11.491607868112624, 11.956602700985968], "q_25": 11.72178031038493, "q_75": 11.726430258713663, "min": 11.719455336220562, "max": 11.72875523287803, "mean": 11.724105284549296, "std": 0.004649948328733444, "repeat": 2, "number": 2}]}}, "params": {"arch": "x86_64", "cpu": "Intel(R) Xeon(R) CPU E5-1660 v4 @ 3.20GHz", "machine": "NRAO workstation", "num_cpu": "16", "os": "Linux 3.10.0-1160.15.2.el7.x86_64", "ram": "32GB", "python": "3.6", "pip+casatools": "trunk", "pip+casatasks": "trunk"}, "requirements": {"pip+casatools": "trunk", "pip+casatasks": "trunk"}, "commit_hash": "2302e3bdd186c6ab939acef47f56557f2043847d", "date": 1627484526000, "env_name": "virtualenv-py3.6-pip+casatasks-trunk-pip+casatools-trunk", "python": "3.6", "profiles": {}, "started_at": {"casademo.tclean_memory_suite.peakmem_tclean_setweighting": 1630514307502, "casademo.calibration_suite.time_applycal_callib": 1630513701490, "casademo.calibration_suite.time_bandpass": 1630513780683, "casademo.calibration_suite.time_gaincal": 1630513892929, "casademo.flagdata_suite.time_flagdata_bandpassflag": 1630514016741, "casademo.flagdata_suite.time_flagdata_list": 1630514035437, "casademo.flagdata_suite.time_flagdata_list_summary": 1630514259836, "casademo.flagdata_suite.time_flagdata_summary": 1630514283995}, "ended_at": {"casademo.tclean_memory_suite.peakmem_tclean_setweighting": 1630514480200, "casademo.calibration_suite.time_applycal_callib": 1630513780683, "casademo.calibration_suite.time_bandpass": 1630513892929, "casademo.calibration_suite.time_gaincal": 1630514016738, "casademo.flagdata_suite.time_flagdata_bandpassflag": 1630514035437, "casademo.flagdata_suite.time_flagdata_list": 1630514259836, "casademo.flagdata_suite.time_flagdata_list_summary": 1630514283995, "casademo.flagdata_suite.time_flagdata_summary": 1630514307502}, "benchmark_version": {"casademo.calibration_suite.time_applycal_callib": "9ef394762fe7135f58c94c0e46a655fae93e7d107904ceff94d228f23b89a589", "casademo.calibration_suite.time_bandpass": "f706aa044f6bc64b915996b7bdd6bc5666cae0eb7c47ff9a70b5bced6c9fbd0c", "casademo.calibration_suite.time_gaincal": "56f8a9022caccdafe4240fb9a2766b2d5d56cc1c784bd724822d3b040f5b5309", "casademo.flagdata_suite.time_flagdata_bandpassflag": "f55e0ffa6be9d655555c5081a0e7bf2bc00b253273ba7c220de0bd2cfb3baf6c", "casademo.flagdata_suite.time_flagdata_list": "1a40b66ffb4a43d48af3407bae817ed4f7667fe778880859384f5f2e7c9c5d1f", "casademo.flagdata_suite.time_flagdata_list_summary": "3eb284062687484026a1defb4fceb705e83b244e37405f8794d431940ff44b08", "casademo.flagdata_suite.time_flagdata_summary": "9e569fb4e2a2f68e59c510bbf889632173be867104a4e5ba5a98d0eb110e82fb", "casademo.tclean_memory_suite.peakmem_tclean_setweighting": "b08240b9d9211ba7e2ce323aae697e4b25deb8a6db4c5e2e48519cedc4707769"}, "version": 1}
