{"results": {"casademo.calibration_suite.time_applycal_callib": {"result": [48.87661823583767], "stats": [{"ci_99": [-75.71472971187904, 173.46796618355427], "q_25": 47.6307047563605, "q_75": 50.122531715314835, "min": 46.384791276883334, "max": 51.368445194792, "mean": 48.87661823583767, "std": 2.4918269589543343, "repeat": 2, "number": 2}]}, "casademo.calibration_suite.time_bandpass": {"result": [35.97783234901726], "stats": [{"ci_99": [-571.6087122401223, 643.5643769381562], "q_25": 29.901966903125867, "q_75": 42.05369779490866, "min": 23.826101457234472, "max": 48.12956324080005, "mean": 35.97783234901726, "std": 12.15173089178279, "repeat": 2, "number": 2}]}, "casademo.calibration_suite.time_gaincal": {"result": [49.68912301026285], "stats": [{"ci_99": [36.30254883226007, 63.07569718826561], "q_25": 49.55525726848282, "q_75": 49.822988752042875, "min": 49.42139152670279, "max": 49.9568544938229, "mean": 49.68912301026285, "std": 0.2677314835600555, "repeat": 2, "number": 2}]}, "casademo.flagdata_suite.time_flagdata_bandpassflag": {"result": [5.662668542470783], "stats": [{"ci_99": [5.267604160588235, 6.057732924353331], "q_25": 5.6587178986519575, "q_75": 5.6666191862896085, "min": 5.654767254833132, "max": 5.670569830108434, "mean": 5.662668542470783, "std": 0.007901287637650967, "repeat": 2, "number": 2}]}, "casademo.flagdata_suite.time_flagdata_list": {"result": [107.24903245386668], "stats": [{"ci_99": [104.81774324248545, 109.6803216652479], "q_25": 107.22471956175286, "q_75": 107.27334534598049, "min": 107.20040666963905, "max": 107.2976582380943, "mean": 107.24903245386668, "std": 0.048625784227624536, "repeat": 2, "number": 2}]}, "casademo.flagdata_suite.time_flagdata_list_summary": {"result": [8.036306594498456], "stats": [{"ci_99": [6.410110626369715, 9.662502562627195], "q_25": 8.020044634817168, "q_75": 8.052568554179743, "min": 8.00378267513588, "max": 8.06883051386103, "mean": 8.036306594498456, "std": 0.032523919362574816, "repeat": 2, "number": 2}]}, "casademo.flagdata_suite.time_flagdata_summary": {"result": [7.727154431864619], "stats": [{"ci_99": [7.549563906155527, 7.904744957573712], "q_25": 7.725378526607528, "q_75": 7.72893033712171, "min": 7.723602621350437, "max": 7.730706242378801, "mean": 7.727154431864619, "std": 0.0035518105141818523, "repeat": 2, "number": 2}]}, "casademo.tclean_memory_suite.peakmem_tclean_setweighting": 1865015296}, "params": {"arch": "x86_64", "cpu": "Intel(R) Xeon(R) CPU E5-1660 v4 @ 3.20GHz", "machine": "NRAO workstation", "num_cpu": "16", "os": "Linux 3.10.0-1160.15.2.el7.x86_64", "ram": "32GB", "python": "3.6", "pip+casatools": "6.2.0", "pip+casatasks": "6.2.0"}, "requirements": {"pip+casatools": "6.2.0", "pip+casatasks": "6.2.0"}, "commit_hash": "23e59e98758b7d730edb5665fbff519743c28ce5", "date": 1600878613000, "env_name": "virtualenv-py3.6-pip+casatasks6.2.0.30-pip+casatools6.2.0.30", "python": "3.6", "profiles": {}, "started_at": {"casademo.calibration_suite.time_applycal_callib": 1630171545348, "casademo.calibration_suite.time_bandpass": 1630171672316, "casademo.calibration_suite.time_gaincal": 1630171793808, "casademo.flagdata_suite.time_flagdata_bandpassflag": 1630171917217, "casademo.flagdata_suite.time_flagdata_list": 1630171928598, "casademo.flagdata_suite.time_flagdata_list_summary": 1630172143066, "casademo.flagdata_suite.time_flagdata_summary": 1630172159249, "casademo.tclean_memory_suite.peakmem_tclean_setweighting": 1630172174739}, "ended_at": {"casademo.calibration_suite.time_applycal_callib": 1630171672315, "casademo.calibration_suite.time_bandpass": 1630171793807, "casademo.calibration_suite.time_gaincal": 1630171917210, "casademo.flagdata_suite.time_flagdata_bandpassflag": 1630171928597, "casademo.flagdata_suite.time_flagdata_list": 1630172143066, "casademo.flagdata_suite.time_flagdata_list_summary": 1630172159249, "casademo.flagdata_suite.time_flagdata_summary": 1630172174739, "casademo.tclean_memory_suite.peakmem_tclean_setweighting": 1630172468287}, "benchmark_version": {"casademo.calibration_suite.time_applycal_callib": "9ef394762fe7135f58c94c0e46a655fae93e7d107904ceff94d228f23b89a589", "casademo.calibration_suite.time_bandpass": "f706aa044f6bc64b915996b7bdd6bc5666cae0eb7c47ff9a70b5bced6c9fbd0c", "casademo.calibration_suite.time_gaincal": "56f8a9022caccdafe4240fb9a2766b2d5d56cc1c784bd724822d3b040f5b5309", "casademo.flagdata_suite.time_flagdata_bandpassflag": "f55e0ffa6be9d655555c5081a0e7bf2bc00b253273ba7c220de0bd2cfb3baf6c", "casademo.flagdata_suite.time_flagdata_list": "1a40b66ffb4a43d48af3407bae817ed4f7667fe778880859384f5f2e7c9c5d1f", "casademo.flagdata_suite.time_flagdata_list_summary": "3eb284062687484026a1defb4fceb705e83b244e37405f8794d431940ff44b08", "casademo.flagdata_suite.time_flagdata_summary": "9e569fb4e2a2f68e59c510bbf889632173be867104a4e5ba5a98d0eb110e82fb", "casademo.tclean_memory_suite.peakmem_tclean_setweighting": "b08240b9d9211ba7e2ce323aae697e4b25deb8a6db4c5e2e48519cedc4707769"}, "version": 1}
