{"results": {"casademo.calibration_suite.time_applycal_callib": {"result": [48.87661823583767], "stats": [{"ci_99": [-75.71472971187904, 173.46796618355427], "q_25": 47.6307047563605, "q_75": 50.122531715314835, "min": 46.384791276883334, "max": 51.368445194792, "mean": 48.87661823583767, "std": 2.4918269589543343, "repeat": 2, "number": 2}]}, "casademo.calibration_suite.time_bandpass": {"result": [35.97783234901726], "stats": [{"ci_99": [-571.6087122401223, 643.5643769381562], "q_25": 29.901966903125867, "q_75": 42.05369779490866, "min": 23.826101457234472, "max": 48.12956324080005, "mean": 35.97783234901726, "std": 12.15173089178279, "repeat": 2, "number": 2}]}, "casademo.calibration_suite.time_gaincal": {"result": [49.68912301026285], "stats": [{"ci_99": [36.30254883226007, 63.07569718826561], "q_25": 49.55525726848282, "q_75": 49.822988752042875, "min": 49.42139152670279, "max": 49.9568544938229, "mean": 49.68912301026285, "std": 0.2677314835600555, "repeat": 2, "number": 2}]}, "casademo.flagdata_suite.time_flagdata_bandpassflag": {"result": [5.662668542470783], "stats": [{"ci_99": [5.267604160588235, 6.057732924353331], "q_25": 5.6587178986519575, "q_75": 5.6666191862896085, "min": 5.654767254833132, "max": 5.670569830108434, "mean": 5.662668542470783, "std": 0.007901287637650967, "repeat": 2, "number": 2}]}, "casademo.flagdata_suite.time_flagdata_list": {"result": [107.24903245386668], "stats": [{"ci_99": [104.81774324248545, 109.6803216652479], "q_25": 107.22471956175286, "q_75": 107.27334534598049, "min": 107.20040666963905, "max": 107.2976582380943, "mean": 107.24903245386668, "std": 0.048625784227624536, "repeat": 2, "number": 2}]}, "casademo.flagdata_suite.time_flagdata_list_summary": {"result": [8.036306594498456], "stats": [{"ci_99": [6.410110626369715, 9.662502562627195], "q_25": 8.020044634817168, "q_75": 8.052568554179743, "min": 8.00378267513588, "max": 8.06883051386103, "mean": 8.036306594498456, "std": 0.032523919362574816, "repeat": 2, "number": 2}]}, "casademo.flagdata_suite.time_flagdata_summary": {"result": [7.727154431864619], "stats": [{"ci_99": [7.549563906155527, 7.904744957573712], "q_25": 7.725378526607528, "q_75": 7.72893033712171, "min": 7.723602621350437, "max": 7.730706242378801, "mean": 7.727154431864619, "std": 0.0035518105141818523, "repeat": 2, "number": 2}]}, "casademo.tclean_memory_suite.peakmem_tclean_setweighting": 1865015296}, "params": {"arch": "x86_64", "cpu": "Intel(R) Xeon(R) CPU E5-1660 v4 @ 3.20GHz", "machine": "NRAO workstation", "num_cpu": "16", "os": "Linux 3.10.0-1160.15.2.el7.x86_64", "ram": "32GB", "python": "3.6", "pip+casatools": "6.2.0", "pip+casatasks": "6.2.0"}, "requirements": {"pip+casatools": "6.2.0", "pip+casatasks": "6.2.0"}, "commit_hash": "23e59e98758b7d730edb5665fbff519743c28ce5", "date": 1600878613000, "env_name": "virtualenv-py3.6-pip+casatasks6.2.0.30-pip+casatools6.2.0.30", "python": "3.6", "profiles": {}, "started_at": {"casademo.calibration_suite.time_applycal_callib": 1630171545348, "casademo.calibration_suite.time_bandpass": 1630171672316, "casademo.calibration_suite.time_gaincal": 1630171793808, "casademo.flagdata_suite.time_flagdata_bandpassflag": 1630171917217, "casademo.flagdata_suite.time_flagdata_list": 1630171928598, "casademo.flagdata_suite.time_flagdata_list_summary": 1630172143066, "casademo.flagdata_suite.time_flagdata_summary": 1630172159249, "casademo.tclean_memory_suite.peakmem_tclean_setweighting": 1630172174739}, "ended_at": {"casademo.calibration_suite.time_applycal_callib": 1630171672315, "casademo.calibration_suite.time_bandpass": 1630171793807, "casademo.calibration_suite.time_gaincal": 1630171917210, "casademo.flagdata_suite.time_flagdata_bandpassflag": 1630171928597, "casademo.flagdata_suite.time_flagdata_list": 1630172143066, "casademo.flagdata_suite.time_flagdata_list_summary": 1630172159249, "casademo.flagdata_suite.time_flagdata_summary": 1630172174739, "casademo.tclean_memory_suite.peakmem_tclean_setweighting": 1630172468287}, "benchmark_version": {"casademo.calibration_suite.time_applycal_callib": "1f6437b2270507d06f2c91c35b12dce1187d02851c4b0d0c872bbcfda3e5c4f6", "casademo.calibration_suite.time_bandpass": "a69d32cd1360ece09039f1051989506a7673f5a708021e87c81e0936374d64ce", "casademo.calibration_suite.time_gaincal": "70a393fa53b72183c406b9cc585dca7828b9b8d585b8077a80e0946ee81ebeb0", "casademo.flagdata_suite.time_flagdata_bandpassflag": "6bc01de4a73ffea44f2190b51350292cc1e1256989be0f26cc4ec77341df934a", "casademo.flagdata_suite.time_flagdata_list": "f4d15370d3c2c0c746d0c9c28b87ee190865ebfa9e210cc5773201bea0df7bf9", "casademo.flagdata_suite.time_flagdata_list_summary": "58e4c1cc3e1c3c5f723c910c861bad52078405a7026f0321526fad1a15b04ee3", "casademo.flagdata_suite.time_flagdata_summary": "7d302987a4e4e75e43325fd83f2c968688e4b8a56a6476db46a4fcc0bc003e95", "casademo.tclean_memory_suite.peakmem_tclean_setweighting": "3fb5214d1e8e5bf8170efbe8114cd88b0e1e51db87c955bc588eb95ba91e4f71"}, "version": 1}
