{"results": {"casademo.tclean_memory_suite.peakmem_tclean_setweighting": 1959444480, "casademo.calibration_suite.time_applycal_callib": {"result": [26.74736723047681], "stats": [{"ci_99": [-12.156405938090757, 65.65114039904435], "q_25": 26.358329498791136, "q_75": 27.136404962162487, "min": 25.96929176710546, "max": 27.525442693848163, "mean": 26.74736723047681, "std": 0.7780754633713514, "repeat": 2, "number": 2}]}, "casademo.calibration_suite.time_bandpass": {"result": [33.43230792484246], "stats": [{"ci_99": [-38.43495298246853, 105.2995688321534], "q_25": 32.71363531576935, "q_75": 34.15098053391557, "min": 31.994962706696242, "max": 34.86965314298868, "mean": 33.43230792484246, "std": 1.4373452181462198, "repeat": 2, "number": 2}]}, "casademo.calibration_suite.time_gaincal": {"result": [50.23158700950444], "stats": [{"ci_99": [45.125120350159705, 55.33805366884916], "q_25": 50.18052234291099, "q_75": 50.282651676097885, "min": 50.12945767631754, "max": 50.33371634269133, "mean": 50.23158700950444, "std": 0.10212933318689466, "repeat": 2, "number": 2}]}, "casademo.flagdata_suite.time_flagdata_bandpassflag": {"result": [32.146672832081094], "stats": [{"ci_99": [30.82362421299331, 33.46972145116888], "q_25": 32.13344234589022, "q_75": 32.15990331827197, "min": 32.12021185969934, "max": 32.17313380446285, "mean": 32.146672832081094, "std": 0.02646097238175571, "repeat": 2, "number": 2}]}, "casademo.flagdata_suite.time_flagdata_list": {"result": [133.2582459091209], "stats": [{"ci_99": [54.19708306482062, 212.3194087534211], "q_25": 132.46763428067788, "q_75": 134.0488575375639, "min": 131.67702265223488, "max": 134.8394691660069, "mean": 133.2582459091209, "std": 1.5812232568860054, "repeat": 2, "number": 2}]}, "casademo.flagdata_suite.time_flagdata_list_summary": {"result": [34.853431078605354], "stats": [{"ci_99": [30.58050380460918, 39.12635835260153], "q_25": 34.81070180586539, "q_75": 34.896160351345316, "min": 34.76797253312543, "max": 34.93888962408528, "mean": 34.853431078605354, "std": 0.08545854547992349, "repeat": 2, "number": 2}]}, "casademo.flagdata_suite.time_flagdata_summary": {"result": [34.59407292958349], "stats": [{"ci_99": [33.135465152561665, 36.052680706605315], "q_25": 34.57948685181327, "q_75": 34.60865900735371, "min": 34.56490077404305, "max": 34.623245085123926, "mean": 34.59407292958349, "std": 0.029172155540436506, "repeat": 2, "number": 2}]}}, "params": {"arch": "x86_64", "cpu": "Intel(R) Xeon(R) CPU E5-1660 v4 @ 3.20GHz", "machine": "NRAO workstation", "num_cpu": "16", "os": "Linux 3.10.0-1160.15.2.el7.x86_64", "ram": "32GB", "python": "3.6", "pip+casatools": "6.3.0", "pip+casatasks": "6.3.0"}, "requirements": {"pip+casatools": "6.3.0", "pip+casatasks": "6.3.0"}, "commit_hash": "2ae7f817150121da094b9000bbeca24b7b09bf8c", "date": 1624893609000, "env_name": "virtualenv-py3.6-pip+casatasks6.3.0.22-pip+casatools6.3.0.22", "python": "3.6", "profiles": {}, "started_at": {"casademo.tclean_memory_suite.peakmem_tclean_setweighting": 1630010126517, "casademo.calibration_suite.time_applycal_callib": 1630009338744, "casademo.calibration_suite.time_bandpass": 1630009413532, "casademo.calibration_suite.time_gaincal": 1630009536787, "casademo.flagdata_suite.time_flagdata_bandpassflag": 1630009659987, "casademo.flagdata_suite.time_flagdata_list": 1630009724267, "casademo.flagdata_suite.time_flagdata_list_summary": 1630009987702, "casademo.flagdata_suite.time_flagdata_summary": 1630010057310}, "ended_at": {"casademo.tclean_memory_suite.peakmem_tclean_setweighting": 1630010300459, "casademo.calibration_suite.time_applycal_callib": 1630009413531, "casademo.calibration_suite.time_bandpass": 1630009536786, "casademo.calibration_suite.time_gaincal": 1630009659979, "casademo.flagdata_suite.time_flagdata_bandpassflag": 1630009724267, "casademo.flagdata_suite.time_flagdata_list": 1630009987701, "casademo.flagdata_suite.time_flagdata_list_summary": 1630010057309, "casademo.flagdata_suite.time_flagdata_summary": 1630010126516}, "benchmark_version": {"casademo.tclean_memory_suite.peakmem_tclean_setweighting": "3fb5214d1e8e5bf8170efbe8114cd88b0e1e51db87c955bc588eb95ba91e4f71", "casademo.calibration_suite.time_applycal_callib": "1f6437b2270507d06f2c91c35b12dce1187d02851c4b0d0c872bbcfda3e5c4f6", "casademo.calibration_suite.time_bandpass": "a69d32cd1360ece09039f1051989506a7673f5a708021e87c81e0936374d64ce", "casademo.calibration_suite.time_gaincal": "70a393fa53b72183c406b9cc585dca7828b9b8d585b8077a80e0946ee81ebeb0", "casademo.flagdata_suite.time_flagdata_bandpassflag": "6bc01de4a73ffea44f2190b51350292cc1e1256989be0f26cc4ec77341df934a", "casademo.flagdata_suite.time_flagdata_list": "f4d15370d3c2c0c746d0c9c28b87ee190865ebfa9e210cc5773201bea0df7bf9", "casademo.flagdata_suite.time_flagdata_list_summary": "58e4c1cc3e1c3c5f723c910c861bad52078405a7026f0321526fad1a15b04ee3", "casademo.flagdata_suite.time_flagdata_summary": "7d302987a4e4e75e43325fd83f2c968688e4b8a56a6476db46a4fcc0bc003e95"}, "version": 1}
