{"results": {"casademo.tclean_memory_suite.peakmem_tclean_setweighting": 1959444480, "casademo.calibration_suite.time_applycal_callib": {"result": [26.74736723047681], "stats": [{"ci_99": [-12.156405938090757, 65.65114039904435], "q_25": 26.358329498791136, "q_75": 27.136404962162487, "min": 25.96929176710546, "max": 27.525442693848163, "mean": 26.74736723047681, "std": 0.7780754633713514, "repeat": 2, "number": 2}]}, "casademo.calibration_suite.time_bandpass": {"result": [33.43230792484246], "stats": [{"ci_99": [-38.43495298246853, 105.2995688321534], "q_25": 32.71363531576935, "q_75": 34.15098053391557, "min": 31.994962706696242, "max": 34.86965314298868, "mean": 33.43230792484246, "std": 1.4373452181462198, "repeat": 2, "number": 2}]}, "casademo.calibration_suite.time_gaincal": {"result": [50.23158700950444], "stats": [{"ci_99": [45.125120350159705, 55.33805366884916], "q_25": 50.18052234291099, "q_75": 50.282651676097885, "min": 50.12945767631754, "max": 50.33371634269133, "mean": 50.23158700950444, "std": 0.10212933318689466, "repeat": 2, "number": 2}]}, "casademo.flagdata_suite.time_flagdata_bandpassflag": {"result": [32.146672832081094], "stats": [{"ci_99": [30.82362421299331, 33.46972145116888], "q_25": 32.13344234589022, "q_75": 32.15990331827197, "min": 32.12021185969934, "max": 32.17313380446285, "mean": 32.146672832081094, "std": 0.02646097238175571, "repeat": 2, "number": 2}]}, "casademo.flagdata_suite.time_flagdata_list": {"result": [133.2582459091209], "stats": [{"ci_99": [54.19708306482062, 212.3194087534211], "q_25": 132.46763428067788, "q_75": 134.0488575375639, "min": 131.67702265223488, "max": 134.8394691660069, "mean": 133.2582459091209, "std": 1.5812232568860054, "repeat": 2, "number": 2}]}, "casademo.flagdata_suite.time_flagdata_list_summary": {"result": [34.853431078605354], "stats": [{"ci_99": [30.58050380460918, 39.12635835260153], "q_25": 34.81070180586539, "q_75": 34.896160351345316, "min": 34.76797253312543, "max": 34.93888962408528, "mean": 34.853431078605354, "std": 0.08545854547992349, "repeat": 2, "number": 2}]}, "casademo.flagdata_suite.time_flagdata_summary": {"result": [34.59407292958349], "stats": [{"ci_99": [33.135465152561665, 36.052680706605315], "q_25": 34.57948685181327, "q_75": 34.60865900735371, "min": 34.56490077404305, "max": 34.623245085123926, "mean": 34.59407292958349, "std": 0.029172155540436506, "repeat": 2, "number": 2}]}}, "params": {"arch": "x86_64", "cpu": "Intel(R) Xeon(R) CPU E5-1660 v4 @ 3.20GHz", "machine": "NRAO workstation", "num_cpu": "16", "os": "Linux 3.10.0-1160.15.2.el7.x86_64", "ram": "32GB", "python": "3.6", "pip+casatools": "6.3.0", "pip+casatasks": "6.3.0"}, "requirements": {"pip+casatools": "6.3.0", "pip+casatasks": "6.3.0"}, "commit_hash": "2ae7f817150121da094b9000bbeca24b7b09bf8c", "date": 1624893609000, "env_name": "virtualenv-py3.6-pip+casatasks6.3.0.22-pip+casatools6.3.0.22", "python": "3.6", "profiles": {}, "started_at": {"casademo.tclean_memory_suite.peakmem_tclean_setweighting": 1630010126517, "casademo.calibration_suite.time_applycal_callib": 1630009338744, "casademo.calibration_suite.time_bandpass": 1630009413532, "casademo.calibration_suite.time_gaincal": 1630009536787, "casademo.flagdata_suite.time_flagdata_bandpassflag": 1630009659987, "casademo.flagdata_suite.time_flagdata_list": 1630009724267, "casademo.flagdata_suite.time_flagdata_list_summary": 1630009987702, "casademo.flagdata_suite.time_flagdata_summary": 1630010057310}, "ended_at": {"casademo.tclean_memory_suite.peakmem_tclean_setweighting": 1630010300459, "casademo.calibration_suite.time_applycal_callib": 1630009413531, "casademo.calibration_suite.time_bandpass": 1630009536786, "casademo.calibration_suite.time_gaincal": 1630009659979, "casademo.flagdata_suite.time_flagdata_bandpassflag": 1630009724267, "casademo.flagdata_suite.time_flagdata_list": 1630009987701, "casademo.flagdata_suite.time_flagdata_list_summary": 1630010057309, "casademo.flagdata_suite.time_flagdata_summary": 1630010126516}, "benchmark_version": {"casademo.calibration_suite.time_applycal_callib": "9ef394762fe7135f58c94c0e46a655fae93e7d107904ceff94d228f23b89a589", "casademo.calibration_suite.time_bandpass": "f706aa044f6bc64b915996b7bdd6bc5666cae0eb7c47ff9a70b5bced6c9fbd0c", "casademo.calibration_suite.time_gaincal": "56f8a9022caccdafe4240fb9a2766b2d5d56cc1c784bd724822d3b040f5b5309", "casademo.flagdata_suite.time_flagdata_bandpassflag": "f55e0ffa6be9d655555c5081a0e7bf2bc00b253273ba7c220de0bd2cfb3baf6c", "casademo.flagdata_suite.time_flagdata_list": "1a40b66ffb4a43d48af3407bae817ed4f7667fe778880859384f5f2e7c9c5d1f", "casademo.flagdata_suite.time_flagdata_list_summary": "3eb284062687484026a1defb4fceb705e83b244e37405f8794d431940ff44b08", "casademo.flagdata_suite.time_flagdata_summary": "9e569fb4e2a2f68e59c510bbf889632173be867104a4e5ba5a98d0eb110e82fb", "casademo.tclean_memory_suite.peakmem_tclean_setweighting": "b08240b9d9211ba7e2ce323aae697e4b25deb8a6db4c5e2e48519cedc4707769"}, "version": 1}
