{"results": {"casademo.tclean_memory_suite.peakmem_tclean_setweighting": 2154549248, "casademo.calibration_suite.time_applycal_callib": {"result": [35.848175352206454], "stats": [{"ci_99": [-413.41586042917334, 485.11221113358584], "q_25": 31.355534994392656, "q_75": 40.34081571002025, "min": 26.862894636578858, "max": 44.83345606783405, "mean": 35.848175352206454, "std": 8.985280715627596, "repeat": 2, "number": 2}]}, "casademo.calibration_suite.time_bandpass": {"result": [37.47400975204073], "stats": [{"ci_99": [-617.0088169665541, 691.956836470635], "q_25": 30.92918148485478, "q_75": 44.01883801922668, "min": 24.38435321766883, "max": 50.56366628641263, "mean": 37.47400975204073, "std": 13.089656534371898, "repeat": 2, "number": 2}]}, "casademo.calibration_suite.time_gaincal": {"result": [50.40111175435595], "stats": [{"ci_99": [39.008572422200814, 61.79365108651108], "q_25": 50.2871863610344, "q_75": 50.5150371476775, "min": 50.17326096771285, "max": 50.628962540999055, "mean": 50.40111175435595, "std": 0.22785078664310277, "repeat": 2, "number": 2}]}, "casademo.flagdata_suite.time_flagdata_bandpassflag": {"result": [32.27557400194928], "stats": [{"ci_99": [31.69101015618071, 32.86013784771785], "q_25": 32.269728363491595, "q_75": 32.281419640406966, "min": 32.26388272503391, "max": 32.28726527886465, "mean": 32.27557400194928, "std": 0.011691276915371418, "repeat": 2, "number": 2}]}, "casademo.flagdata_suite.time_flagdata_list": {"result": [134.70864323107526], "stats": [{"ci_99": [60.90564738633111, 208.51163907581935], "q_25": 133.97061327262782, "q_75": 135.4466731895227, "min": 133.23258331418037, "max": 136.18470314797014, "mean": 134.70864323107526, "std": 1.476059916894883, "repeat": 2, "number": 2}]}, "casademo.flagdata_suite.time_flagdata_list_summary": {"result": [34.394054311094806], "stats": [{"ci_99": [32.18981600203551, 36.5982926201541], "q_25": 34.37201192800421, "q_75": 34.4160966941854, "min": 34.34996954491362, "max": 34.43813907727599, "mean": 34.394054311094806, "std": 0.04408476618118584, "repeat": 2, "number": 2}]}, "casademo.flagdata_suite.time_flagdata_summary": {"result": [33.234811302041635], "stats": [{"ci_99": [29.14872725517489, 37.32089534890838], "q_25": 33.19395046157297, "q_75": 33.2756721425103, "min": 33.1530896211043, "max": 33.31653298297897, "mean": 33.234811302041635, "std": 0.0817216809373349, "repeat": 2, "number": 2}]}}, "params": {"arch": "x86_64", "cpu": "Intel(R) Xeon(R) CPU E5-1660 v4 @ 3.20GHz", "machine": "NRAO workstation", "num_cpu": "16", "os": "Linux 3.10.0-1160.15.2.el7.x86_64", "ram": "32GB", "python": "3.6", "pip+casatools": "trunk", "pip+casatasks": "trunk"}, "requirements": {"pip+casatools": "trunk", "pip+casatasks": "trunk"}, "commit_hash": "2b65672a9d9bf93db03fb61affa76ab2d3c232bc", "date": 1621330539000, "env_name": "virtualenv-py3.6-pip+casatasks-trunk-pip+casatools-trunk", "python": "3.6", "profiles": {}, "started_at": {"casademo.tclean_memory_suite.peakmem_tclean_setweighting": 1630207628108, "casademo.calibration_suite.time_applycal_callib": 1630206831139, "casademo.calibration_suite.time_bandpass": 1630206908333, "casademo.calibration_suite.time_gaincal": 1630207032584, "casademo.flagdata_suite.time_flagdata_bandpassflag": 1630207155946, "casademo.flagdata_suite.time_flagdata_list": 1630207220545, "casademo.flagdata_suite.time_flagdata_list_summary": 1630207492999, "casademo.flagdata_suite.time_flagdata_summary": 1630207561757}, "ended_at": {"casademo.tclean_memory_suite.peakmem_tclean_setweighting": 1630207816803, "casademo.calibration_suite.time_applycal_callib": 1630206908333, "casademo.calibration_suite.time_bandpass": 1630207032584, "casademo.calibration_suite.time_gaincal": 1630207155939, "casademo.flagdata_suite.time_flagdata_bandpassflag": 1630207220544, "casademo.flagdata_suite.time_flagdata_list": 1630207492998, "casademo.flagdata_suite.time_flagdata_list_summary": 1630207561756, "casademo.flagdata_suite.time_flagdata_summary": 1630207628107}, "benchmark_version": {"casademo.calibration_suite.time_applycal_callib": "9ef394762fe7135f58c94c0e46a655fae93e7d107904ceff94d228f23b89a589", "casademo.calibration_suite.time_bandpass": "f706aa044f6bc64b915996b7bdd6bc5666cae0eb7c47ff9a70b5bced6c9fbd0c", "casademo.calibration_suite.time_gaincal": "56f8a9022caccdafe4240fb9a2766b2d5d56cc1c784bd724822d3b040f5b5309", "casademo.flagdata_suite.time_flagdata_bandpassflag": "f55e0ffa6be9d655555c5081a0e7bf2bc00b253273ba7c220de0bd2cfb3baf6c", "casademo.flagdata_suite.time_flagdata_list": "1a40b66ffb4a43d48af3407bae817ed4f7667fe778880859384f5f2e7c9c5d1f", "casademo.flagdata_suite.time_flagdata_list_summary": "3eb284062687484026a1defb4fceb705e83b244e37405f8794d431940ff44b08", "casademo.flagdata_suite.time_flagdata_summary": "9e569fb4e2a2f68e59c510bbf889632173be867104a4e5ba5a98d0eb110e82fb", "casademo.tclean_memory_suite.peakmem_tclean_setweighting": "b08240b9d9211ba7e2ce323aae697e4b25deb8a6db4c5e2e48519cedc4707769"}, "version": 1}
