{"results": {"casademo.tclean_memory_suite.peakmem_tclean_setweighting": 2154549248, "casademo.calibration_suite.time_applycal_callib": {"result": [35.848175352206454], "stats": [{"ci_99": [-413.41586042917334, 485.11221113358584], "q_25": 31.355534994392656, "q_75": 40.34081571002025, "min": 26.862894636578858, "max": 44.83345606783405, "mean": 35.848175352206454, "std": 8.985280715627596, "repeat": 2, "number": 2}]}, "casademo.calibration_suite.time_bandpass": {"result": [37.47400975204073], "stats": [{"ci_99": [-617.0088169665541, 691.956836470635], "q_25": 30.92918148485478, "q_75": 44.01883801922668, "min": 24.38435321766883, "max": 50.56366628641263, "mean": 37.47400975204073, "std": 13.089656534371898, "repeat": 2, "number": 2}]}, "casademo.calibration_suite.time_gaincal": {"result": [50.40111175435595], "stats": [{"ci_99": [39.008572422200814, 61.79365108651108], "q_25": 50.2871863610344, "q_75": 50.5150371476775, "min": 50.17326096771285, "max": 50.628962540999055, "mean": 50.40111175435595, "std": 0.22785078664310277, "repeat": 2, "number": 2}]}, "casademo.flagdata_suite.time_flagdata_bandpassflag": {"result": [32.27557400194928], "stats": [{"ci_99": [31.69101015618071, 32.86013784771785], "q_25": 32.269728363491595, "q_75": 32.281419640406966, "min": 32.26388272503391, "max": 32.28726527886465, "mean": 32.27557400194928, "std": 0.011691276915371418, "repeat": 2, "number": 2}]}, "casademo.flagdata_suite.time_flagdata_list": {"result": [134.70864323107526], "stats": [{"ci_99": [60.90564738633111, 208.51163907581935], "q_25": 133.97061327262782, "q_75": 135.4466731895227, "min": 133.23258331418037, "max": 136.18470314797014, "mean": 134.70864323107526, "std": 1.476059916894883, "repeat": 2, "number": 2}]}, "casademo.flagdata_suite.time_flagdata_list_summary": {"result": [34.394054311094806], "stats": [{"ci_99": [32.18981600203551, 36.5982926201541], "q_25": 34.37201192800421, "q_75": 34.4160966941854, "min": 34.34996954491362, "max": 34.43813907727599, "mean": 34.394054311094806, "std": 0.04408476618118584, "repeat": 2, "number": 2}]}, "casademo.flagdata_suite.time_flagdata_summary": {"result": [33.234811302041635], "stats": [{"ci_99": [29.14872725517489, 37.32089534890838], "q_25": 33.19395046157297, "q_75": 33.2756721425103, "min": 33.1530896211043, "max": 33.31653298297897, "mean": 33.234811302041635, "std": 0.0817216809373349, "repeat": 2, "number": 2}]}}, "params": {"arch": "x86_64", "cpu": "Intel(R) Xeon(R) CPU E5-1660 v4 @ 3.20GHz", "machine": "NRAO workstation", "num_cpu": "16", "os": "Linux 3.10.0-1160.15.2.el7.x86_64", "ram": "32GB", "python": "3.6", "pip+casatools": "6.3.0", "pip+casatasks": "6.3.0"}, "requirements": {"pip+casatools": "6.3.0", "pip+casatasks": "6.3.0"}, "commit_hash": "2b65672a9d9bf93db03fb61affa76ab2d3c232bc", "date": 1621330539000, "env_name": "virtualenv-py3.6-pip+casatasks6.3.0.7-pip+casatools6.3.0.7", "python": "3.6", "profiles": {}, "started_at": {"casademo.tclean_memory_suite.peakmem_tclean_setweighting": 1630207628108, "casademo.calibration_suite.time_applycal_callib": 1630206831139, "casademo.calibration_suite.time_bandpass": 1630206908333, "casademo.calibration_suite.time_gaincal": 1630207032584, "casademo.flagdata_suite.time_flagdata_bandpassflag": 1630207155946, "casademo.flagdata_suite.time_flagdata_list": 1630207220545, "casademo.flagdata_suite.time_flagdata_list_summary": 1630207492999, "casademo.flagdata_suite.time_flagdata_summary": 1630207561757}, "ended_at": {"casademo.tclean_memory_suite.peakmem_tclean_setweighting": 1630207816803, "casademo.calibration_suite.time_applycal_callib": 1630206908333, "casademo.calibration_suite.time_bandpass": 1630207032584, "casademo.calibration_suite.time_gaincal": 1630207155939, "casademo.flagdata_suite.time_flagdata_bandpassflag": 1630207220544, "casademo.flagdata_suite.time_flagdata_list": 1630207492998, "casademo.flagdata_suite.time_flagdata_list_summary": 1630207561756, "casademo.flagdata_suite.time_flagdata_summary": 1630207628107}, "benchmark_version": {"casademo.tclean_memory_suite.peakmem_tclean_setweighting": "3fb5214d1e8e5bf8170efbe8114cd88b0e1e51db87c955bc588eb95ba91e4f71", "casademo.calibration_suite.time_applycal_callib": "1f6437b2270507d06f2c91c35b12dce1187d02851c4b0d0c872bbcfda3e5c4f6", "casademo.calibration_suite.time_bandpass": "a69d32cd1360ece09039f1051989506a7673f5a708021e87c81e0936374d64ce", "casademo.calibration_suite.time_gaincal": "70a393fa53b72183c406b9cc585dca7828b9b8d585b8077a80e0946ee81ebeb0", "casademo.flagdata_suite.time_flagdata_bandpassflag": "6bc01de4a73ffea44f2190b51350292cc1e1256989be0f26cc4ec77341df934a", "casademo.flagdata_suite.time_flagdata_list": "f4d15370d3c2c0c746d0c9c28b87ee190865ebfa9e210cc5773201bea0df7bf9", "casademo.flagdata_suite.time_flagdata_list_summary": "58e4c1cc3e1c3c5f723c910c861bad52078405a7026f0321526fad1a15b04ee3", "casademo.flagdata_suite.time_flagdata_summary": "7d302987a4e4e75e43325fd83f2c968688e4b8a56a6476db46a4fcc0bc003e95"}, "version": 1}
