{"results": {"casademo.calibration_suite.time_applycal_callib": {"result": [31.235563232796267], "stats": [{"ci_99": [-222.50215429649688, 284.9732807620892], "q_25": 28.698186057503335, "q_75": 33.7729404080892, "min": 26.160808882210404, "max": 36.31031758338213, "mean": 31.235563232796267, "std": 5.074754350585863, "repeat": 2, "number": 2}]}, "casademo.calibration_suite.time_bandpass": {"result": [25.561598434345797], "stats": [{"ci_99": [-12.880491824122146, 64.00368869281371], "q_25": 25.177177531761117, "q_75": 25.946019336930476, "min": 24.792756629176438, "max": 26.330440239515156, "mean": 25.561598434345797, "std": 0.7688418051693588, "repeat": 2, "number": 2}]}, "casademo.calibration_suite.time_gaincal": {"result": [50.34015555516817], "stats": [{"ci_99": [43.339621912455186, 57.34068919788114], "q_25": 50.27015021874104, "q_75": 50.4101608915953, "min": 50.20014488231391, "max": 50.480166228022426, "mean": 50.34015555516817, "std": 0.1400106728542596, "repeat": 2, "number": 2}]}, "casademo.flagdata_suite.time_flagdata_bandpassflag": {"result": [31.92435883032158], "stats": [{"ci_99": [28.041737345512956, 35.806980315130204], "q_25": 31.885532615473494, "q_75": 31.963185045169666, "min": 31.846706400625408, "max": 32.00201126001775, "mean": 31.92435883032158, "std": 0.07765242969617248, "repeat": 2, "number": 2}]}, "casademo.flagdata_suite.time_flagdata_list": {"result": [134.5855284887366], "stats": [{"ci_99": [132.492282864172, 136.6787741133012], "q_25": 134.56459603249095, "q_75": 134.60646094498225, "min": 134.5436635762453, "max": 134.6273934012279, "mean": 134.5855284887366, "std": 0.04186491249129176, "repeat": 2, "number": 2}]}, "casademo.flagdata_suite.time_flagdata_list_summary": {"result": [34.67354905279353], "stats": [{"ci_99": [30.475011472124606, 38.87208663346246], "q_25": 34.63156367698684, "q_75": 34.71553442860022, "min": 34.589578301180154, "max": 34.75751980440691, "mean": 34.67354905279353, "std": 0.08397075161337852, "repeat": 2, "number": 2}]}, "casademo.flagdata_suite.time_flagdata_summary": {"result": [34.3861696512904], "stats": [{"ci_99": [33.006502324016765, 35.76583697856404], "q_25": 34.372372978017665, "q_75": 34.39996632456314, "min": 34.35857630474493, "max": 34.413762997835875, "mean": 34.3861696512904, "std": 0.02759334654547274, "repeat": 2, "number": 2}]}, "casademo.tclean_memory_suite.peakmem_tclean_setweighting": 1960230912}, "params": {"arch": "x86_64", "cpu": "Intel(R) Xeon(R) CPU E5-1660 v4 @ 3.20GHz", "machine": "NRAO workstation", "num_cpu": "16", "os": "Linux 3.10.0-1160.15.2.el7.x86_64", "ram": "32GB", "python": "3.6", "pip+casatools": "6.2.0", "pip+casatasks": "6.2.0"}, "requirements": {"pip+casatools": "6.2.0", "pip+casatasks": "6.2.0"}, "commit_hash": "2c7b2bd9ae788cdeac9db3fb622404e008af39d5", "date": 1615536800000, "env_name": "virtualenv-py3.6-pip+casatasks6.2.0.105-pip+casatools6.2.0.105", "python": "3.6", "profiles": {}, "started_at": {"casademo.calibration_suite.time_applycal_callib": 1629998154877, "casademo.calibration_suite.time_bandpass": 1629998270513, "casademo.calibration_suite.time_gaincal": 1629998344987, "casademo.flagdata_suite.time_flagdata_bandpassflag": 1629998469737, "casademo.flagdata_suite.time_flagdata_list": 1629998533802, "casademo.flagdata_suite.time_flagdata_list_summary": 1629998803125, "casademo.flagdata_suite.time_flagdata_summary": 1629998872703, "casademo.tclean_memory_suite.peakmem_tclean_setweighting": 1629998941460}, "ended_at": {"casademo.calibration_suite.time_applycal_callib": 1629998270513, "casademo.calibration_suite.time_bandpass": 1629998344987, "casademo.calibration_suite.time_gaincal": 1629998469734, "casademo.flagdata_suite.time_flagdata_bandpassflag": 1629998533801, "casademo.flagdata_suite.time_flagdata_list": 1629998803125, "casademo.flagdata_suite.time_flagdata_list_summary": 1629998872703, "casademo.flagdata_suite.time_flagdata_summary": 1629998941459, "casademo.tclean_memory_suite.peakmem_tclean_setweighting": 1629999109229}, "benchmark_version": {"casademo.calibration_suite.time_applycal_callib": "1f6437b2270507d06f2c91c35b12dce1187d02851c4b0d0c872bbcfda3e5c4f6", "casademo.calibration_suite.time_bandpass": "a69d32cd1360ece09039f1051989506a7673f5a708021e87c81e0936374d64ce", "casademo.calibration_suite.time_gaincal": "70a393fa53b72183c406b9cc585dca7828b9b8d585b8077a80e0946ee81ebeb0", "casademo.flagdata_suite.time_flagdata_bandpassflag": "6bc01de4a73ffea44f2190b51350292cc1e1256989be0f26cc4ec77341df934a", "casademo.flagdata_suite.time_flagdata_list": "f4d15370d3c2c0c746d0c9c28b87ee190865ebfa9e210cc5773201bea0df7bf9", "casademo.flagdata_suite.time_flagdata_list_summary": "58e4c1cc3e1c3c5f723c910c861bad52078405a7026f0321526fad1a15b04ee3", "casademo.flagdata_suite.time_flagdata_summary": "7d302987a4e4e75e43325fd83f2c968688e4b8a56a6476db46a4fcc0bc003e95", "casademo.tclean_memory_suite.peakmem_tclean_setweighting": "3fb5214d1e8e5bf8170efbe8114cd88b0e1e51db87c955bc588eb95ba91e4f71"}, "version": 1}
