{"results": {"casademo.calibration_suite.time_applycal_callib": {"result": [31.235563232796267], "stats": [{"ci_99": [-222.50215429649688, 284.9732807620892], "q_25": 28.698186057503335, "q_75": 33.7729404080892, "min": 26.160808882210404, "max": 36.31031758338213, "mean": 31.235563232796267, "std": 5.074754350585863, "repeat": 2, "number": 2}]}, "casademo.calibration_suite.time_bandpass": {"result": [25.561598434345797], "stats": [{"ci_99": [-12.880491824122146, 64.00368869281371], "q_25": 25.177177531761117, "q_75": 25.946019336930476, "min": 24.792756629176438, "max": 26.330440239515156, "mean": 25.561598434345797, "std": 0.7688418051693588, "repeat": 2, "number": 2}]}, "casademo.calibration_suite.time_gaincal": {"result": [50.34015555516817], "stats": [{"ci_99": [43.339621912455186, 57.34068919788114], "q_25": 50.27015021874104, "q_75": 50.4101608915953, "min": 50.20014488231391, "max": 50.480166228022426, "mean": 50.34015555516817, "std": 0.1400106728542596, "repeat": 2, "number": 2}]}, "casademo.flagdata_suite.time_flagdata_bandpassflag": {"result": [31.92435883032158], "stats": [{"ci_99": [28.041737345512956, 35.806980315130204], "q_25": 31.885532615473494, "q_75": 31.963185045169666, "min": 31.846706400625408, "max": 32.00201126001775, "mean": 31.92435883032158, "std": 0.07765242969617248, "repeat": 2, "number": 2}]}, "casademo.flagdata_suite.time_flagdata_list": {"result": [134.5855284887366], "stats": [{"ci_99": [132.492282864172, 136.6787741133012], "q_25": 134.56459603249095, "q_75": 134.60646094498225, "min": 134.5436635762453, "max": 134.6273934012279, "mean": 134.5855284887366, "std": 0.04186491249129176, "repeat": 2, "number": 2}]}, "casademo.flagdata_suite.time_flagdata_list_summary": {"result": [34.67354905279353], "stats": [{"ci_99": [30.475011472124606, 38.87208663346246], "q_25": 34.63156367698684, "q_75": 34.71553442860022, "min": 34.589578301180154, "max": 34.75751980440691, "mean": 34.67354905279353, "std": 0.08397075161337852, "repeat": 2, "number": 2}]}, "casademo.flagdata_suite.time_flagdata_summary": {"result": [34.3861696512904], "stats": [{"ci_99": [33.006502324016765, 35.76583697856404], "q_25": 34.372372978017665, "q_75": 34.39996632456314, "min": 34.35857630474493, "max": 34.413762997835875, "mean": 34.3861696512904, "std": 0.02759334654547274, "repeat": 2, "number": 2}]}, "casademo.tclean_memory_suite.peakmem_tclean_setweighting": 1960230912}, "params": {"arch": "x86_64", "cpu": "Intel(R) Xeon(R) CPU E5-1660 v4 @ 3.20GHz", "machine": "NRAO workstation", "num_cpu": "16", "os": "Linux 3.10.0-1160.15.2.el7.x86_64", "ram": "32GB", "python": "3.6", "pip+casatools": "trunk", "pip+casatasks": "trunk"}, "requirements": {"pip+casatools": "trunk", "pip+casatasks": "trunk"}, "commit_hash": "2c7b2bd9ae788cdeac9db3fb622404e008af39d5", "date": 1615536800000, "env_name": "virtualenv-py3.6-pip+casatasks-trunk-pip+casatools-trunk", "python": "3.6", "profiles": {}, "started_at": {"casademo.calibration_suite.time_applycal_callib": 1629998154877, "casademo.calibration_suite.time_bandpass": 1629998270513, "casademo.calibration_suite.time_gaincal": 1629998344987, "casademo.flagdata_suite.time_flagdata_bandpassflag": 1629998469737, "casademo.flagdata_suite.time_flagdata_list": 1629998533802, "casademo.flagdata_suite.time_flagdata_list_summary": 1629998803125, "casademo.flagdata_suite.time_flagdata_summary": 1629998872703, "casademo.tclean_memory_suite.peakmem_tclean_setweighting": 1629998941460}, "ended_at": {"casademo.calibration_suite.time_applycal_callib": 1629998270513, "casademo.calibration_suite.time_bandpass": 1629998344987, "casademo.calibration_suite.time_gaincal": 1629998469734, "casademo.flagdata_suite.time_flagdata_bandpassflag": 1629998533801, "casademo.flagdata_suite.time_flagdata_list": 1629998803125, "casademo.flagdata_suite.time_flagdata_list_summary": 1629998872703, "casademo.flagdata_suite.time_flagdata_summary": 1629998941459, "casademo.tclean_memory_suite.peakmem_tclean_setweighting": 1629999109229}, "benchmark_version": {"casademo.calibration_suite.time_applycal_callib": "9ef394762fe7135f58c94c0e46a655fae93e7d107904ceff94d228f23b89a589", "casademo.calibration_suite.time_bandpass": "f706aa044f6bc64b915996b7bdd6bc5666cae0eb7c47ff9a70b5bced6c9fbd0c", "casademo.calibration_suite.time_gaincal": "56f8a9022caccdafe4240fb9a2766b2d5d56cc1c784bd724822d3b040f5b5309", "casademo.flagdata_suite.time_flagdata_bandpassflag": "f55e0ffa6be9d655555c5081a0e7bf2bc00b253273ba7c220de0bd2cfb3baf6c", "casademo.flagdata_suite.time_flagdata_list": "1a40b66ffb4a43d48af3407bae817ed4f7667fe778880859384f5f2e7c9c5d1f", "casademo.flagdata_suite.time_flagdata_list_summary": "3eb284062687484026a1defb4fceb705e83b244e37405f8794d431940ff44b08", "casademo.flagdata_suite.time_flagdata_summary": "9e569fb4e2a2f68e59c510bbf889632173be867104a4e5ba5a98d0eb110e82fb", "casademo.tclean_memory_suite.peakmem_tclean_setweighting": "b08240b9d9211ba7e2ce323aae697e4b25deb8a6db4c5e2e48519cedc4707769"}, "version": 1}
