{"results": {"casademo.calibration_suite.time_applycal_callib": {"result": [37.93011972378008], "stats": [{"ci_99": [-577.5002843707334, 653.360523818293], "q_25": 31.775815682834946, "q_75": 44.084423764725216, "min": 25.62151164188981, "max": 50.23872780567035, "mean": 37.93011972378008, "std": 12.30860808189027, "repeat": 2, "number": 2}]}, "casademo.calibration_suite.time_bandpass": {"result": [24.508240229450166], "stats": [{"ci_99": [13.400260956957936, 35.61621950194239], "q_25": 24.397160436725244, "q_75": 24.61932002217509, "min": 24.28608064400032, "max": 24.73039981490001, "mean": 24.508240229450166, "std": 0.2221595854498446, "repeat": 2, "number": 2}]}, "casademo.calibration_suite.time_gaincal": {"result": [50.232867466285825], "stats": [{"ci_99": [26.028836553916335, 74.43689837865529], "q_25": 49.99082715716213, "q_75": 50.47490777540952, "min": 49.748786848038435, "max": 50.716948084533215, "mean": 50.232867466285825, "std": 0.4840806182473898, "repeat": 2, "number": 2}]}, "casademo.flagdata_suite.time_flagdata_bandpassflag": {"result": [31.23308054637164], "stats": [{"ci_99": [31.206176127307117, 31.25998496543616], "q_25": 31.232811502180994, "q_75": 31.233349590562284, "min": 31.23254245799035, "max": 31.23361863475293, "mean": 31.23308054637164, "std": 0.0005380883812904358, "repeat": 2, "number": 2}]}, "casademo.flagdata_suite.time_flagdata_list": {"result": [133.16332110436633], "stats": [{"ci_99": [127.37243761541322, 138.95420459331945], "q_25": 133.1054122694768, "q_75": 133.22122993925586, "min": 133.04750343458727, "max": 133.2791387741454, "mean": 133.16332110436633, "std": 0.11581766977906227, "repeat": 2, "number": 2}]}, "casademo.flagdata_suite.time_flagdata_list_summary": {"result": [34.04122204706073], "stats": [{"ci_99": [33.576353524811566, 34.50609056930989], "q_25": 34.03657336183824, "q_75": 34.04587073228322, "min": 34.031924676615745, "max": 34.05051941750571, "mean": 34.04122204706073, "std": 0.009297370444983244, "repeat": 2, "number": 2}]}, "casademo.flagdata_suite.time_flagdata_summary": {"result": [33.768523164559156], "stats": [{"ci_99": [31.153228372801095, 36.383817956317216], "q_25": 33.742370216641575, "q_75": 33.794676112476736, "min": 33.716217268723994, "max": 33.82082906039432, "mean": 33.768523164559156, "std": 0.05230589583516121, "repeat": 2, "number": 2}]}, "casademo.tclean_memory_suite.peakmem_tclean_setweighting": 2032992256}, "params": {"arch": "x86_64", "cpu": "Intel(R) Xeon(R) CPU E5-1660 v4 @ 3.20GHz", "machine": "NRAO workstation", "num_cpu": "16", "os": "Linux 3.10.0-1160.15.2.el7.x86_64", "ram": "32GB", "python": "3.6", "pip+casatools": "6.2.0", "pip+casatasks": "6.2.0"}, "requirements": {"pip+casatools": "6.2.0", "pip+casatasks": "6.2.0"}, "commit_hash": "2c8f033c3b3cc1b5a32ca7dfbb570e17f894f49f", "date": 1611668579000, "env_name": "virtualenv-py3.6-pip+casatasks6.2.0.78-pip+casatools6.2.0.78", "python": "3.6", "profiles": {}, "started_at": {"casademo.calibration_suite.time_applycal_callib": 1630340620141, "casademo.calibration_suite.time_bandpass": 1630340695731, "casademo.calibration_suite.time_gaincal": 1630340771268, "casademo.flagdata_suite.time_flagdata_bandpassflag": 1630340894579, "casademo.flagdata_suite.time_flagdata_list": 1630340957123, "casademo.flagdata_suite.time_flagdata_list_summary": 1630341223267, "casademo.flagdata_suite.time_flagdata_summary": 1630341291422, "casademo.tclean_memory_suite.peakmem_tclean_setweighting": 1630341359126}, "ended_at": {"casademo.calibration_suite.time_applycal_callib": 1630340695731, "casademo.calibration_suite.time_bandpass": 1630340771267, "casademo.calibration_suite.time_gaincal": 1630340894571, "casademo.flagdata_suite.time_flagdata_bandpassflag": 1630340957122, "casademo.flagdata_suite.time_flagdata_list": 1630341223266, "casademo.flagdata_suite.time_flagdata_list_summary": 1630341291422, "casademo.flagdata_suite.time_flagdata_summary": 1630341359126, "casademo.tclean_memory_suite.peakmem_tclean_setweighting": 1630341955193}, "benchmark_version": {"casademo.calibration_suite.time_applycal_callib": "1f6437b2270507d06f2c91c35b12dce1187d02851c4b0d0c872bbcfda3e5c4f6", "casademo.calibration_suite.time_bandpass": "a69d32cd1360ece09039f1051989506a7673f5a708021e87c81e0936374d64ce", "casademo.calibration_suite.time_gaincal": "70a393fa53b72183c406b9cc585dca7828b9b8d585b8077a80e0946ee81ebeb0", "casademo.flagdata_suite.time_flagdata_bandpassflag": "6bc01de4a73ffea44f2190b51350292cc1e1256989be0f26cc4ec77341df934a", "casademo.flagdata_suite.time_flagdata_list": "f4d15370d3c2c0c746d0c9c28b87ee190865ebfa9e210cc5773201bea0df7bf9", "casademo.flagdata_suite.time_flagdata_list_summary": "58e4c1cc3e1c3c5f723c910c861bad52078405a7026f0321526fad1a15b04ee3", "casademo.flagdata_suite.time_flagdata_summary": "7d302987a4e4e75e43325fd83f2c968688e4b8a56a6476db46a4fcc0bc003e95", "casademo.tclean_memory_suite.peakmem_tclean_setweighting": "3fb5214d1e8e5bf8170efbe8114cd88b0e1e51db87c955bc588eb95ba91e4f71"}, "version": 1}
