{"results": {"casademo.calibration_suite.time_applycal_callib": {"result": [48.8048522376921], "stats": [{"ci_99": [-83.92577376286499, 181.53547823824908], "q_25": 47.47754597768653, "q_75": 50.132158497697674, "min": 46.15023971768096, "max": 51.459464757703245, "mean": 48.8048522376921, "std": 2.654612520011142, "repeat": 2, "number": 2}]}, "casademo.calibration_suite.time_bandpass": {"result": [24.633328091120347], "stats": [{"ci_99": [7.432671122485772, 41.83398505975491], "q_25": 24.461321521434, "q_75": 24.805334660806693, "min": 24.289314951747656, "max": 24.97734123049304, "mean": 24.633328091120347, "std": 0.3440131393726915, "repeat": 2, "number": 2}]}, "casademo.calibration_suite.time_gaincal": {"result": [50.88697790238075], "stats": [{"ci_99": [49.38312772032805, 52.39082808443345], "q_25": 50.87193940056022, "q_75": 50.90201640420128, "min": 50.856900898739696, "max": 50.917054906021804, "mean": 50.88697790238075, "std": 0.030077003641054034, "repeat": 2, "number": 2}]}, "casademo.flagdata_suite.time_flagdata_bandpassflag": {"result": [31.64659362891689], "stats": [{"ci_99": [29.831726212520152, 33.46146104531363], "q_25": 31.628444954752922, "q_75": 31.664742303080857, "min": 31.610296280588955, "max": 31.682890977244824, "mean": 31.64659362891689, "std": 0.03629734832793474, "repeat": 2, "number": 2}]}, "casademo.flagdata_suite.time_flagdata_list": {"result": [133.83030582149513], "stats": [{"ci_99": [132.32721930067055, 135.3333923423197], "q_25": 133.81527495628688, "q_75": 133.84533668670338, "min": 133.80024409107864, "max": 133.86036755191162, "mean": 133.83030582149513, "std": 0.030061730416491628, "repeat": 2, "number": 2}]}, "casademo.flagdata_suite.time_flagdata_list_summary": {"result": [34.48095785663463], "stats": [{"ci_99": [29.991894280305132, 38.97002143296413], "q_25": 34.43606722087134, "q_75": 34.52584849239793, "min": 34.39117658510804, "max": 34.57073912816122, "mean": 34.48095785663463, "std": 0.08978127152658999, "repeat": 2, "number": 2}]}, "casademo.flagdata_suite.time_flagdata_summary": {"result": [33.87547206087038], "stats": [{"ci_99": [33.67531451815739, 34.075629603583366], "q_25": 33.87347048544325, "q_75": 33.87747363629751, "min": 33.87146891001612, "max": 33.87947521172464, "mean": 33.87547206087038, "std": 0.004003150854259729, "repeat": 2, "number": 2}]}, "casademo.tclean_memory_suite.peakmem_tclean_setweighting": 2032750592}, "params": {"arch": "x86_64", "cpu": "Intel(R) Xeon(R) CPU E5-1660 v4 @ 3.20GHz", "machine": "NRAO workstation", "num_cpu": "16", "os": "Linux 3.10.0-1160.15.2.el7.x86_64", "ram": "32GB", "python": "3.6", "pip+casatools": "6.2.0", "pip+casatasks": "6.2.0"}, "requirements": {"pip+casatools": "6.2.0", "pip+casatasks": "6.2.0"}, "commit_hash": "2f8d0298f8a898cafe838cb2c5617bff1b8b58ac", "date": 1608633034000, "env_name": "virtualenv-py3.6-pip+casatasks6.2.0.63-pip+casatools6.2.0.63", "python": "3.6", "profiles": {}, "started_at": {"casademo.calibration_suite.time_applycal_callib": 1630364790213, "casademo.calibration_suite.time_bandpass": 1630364914770, "casademo.calibration_suite.time_gaincal": 1630364991833, "casademo.flagdata_suite.time_flagdata_bandpassflag": 1630365115090, "casademo.flagdata_suite.time_flagdata_list": 1630365178536, "casademo.flagdata_suite.time_flagdata_list_summary": 1630365446335, "casademo.flagdata_suite.time_flagdata_summary": 1630365515543, "casademo.tclean_memory_suite.peakmem_tclean_setweighting": 1630365583349}, "ended_at": {"casademo.calibration_suite.time_applycal_callib": 1630364914769, "casademo.calibration_suite.time_bandpass": 1630364991833, "casademo.calibration_suite.time_gaincal": 1630365115086, "casademo.flagdata_suite.time_flagdata_bandpassflag": 1630365178536, "casademo.flagdata_suite.time_flagdata_list": 1630365446334, "casademo.flagdata_suite.time_flagdata_list_summary": 1630365515543, "casademo.flagdata_suite.time_flagdata_summary": 1630365583348, "casademo.tclean_memory_suite.peakmem_tclean_setweighting": 1630366174729}, "benchmark_version": {"casademo.calibration_suite.time_applycal_callib": "1f6437b2270507d06f2c91c35b12dce1187d02851c4b0d0c872bbcfda3e5c4f6", "casademo.calibration_suite.time_bandpass": "a69d32cd1360ece09039f1051989506a7673f5a708021e87c81e0936374d64ce", "casademo.calibration_suite.time_gaincal": "70a393fa53b72183c406b9cc585dca7828b9b8d585b8077a80e0946ee81ebeb0", "casademo.flagdata_suite.time_flagdata_bandpassflag": "6bc01de4a73ffea44f2190b51350292cc1e1256989be0f26cc4ec77341df934a", "casademo.flagdata_suite.time_flagdata_list": "f4d15370d3c2c0c746d0c9c28b87ee190865ebfa9e210cc5773201bea0df7bf9", "casademo.flagdata_suite.time_flagdata_list_summary": "58e4c1cc3e1c3c5f723c910c861bad52078405a7026f0321526fad1a15b04ee3", "casademo.flagdata_suite.time_flagdata_summary": "7d302987a4e4e75e43325fd83f2c968688e4b8a56a6476db46a4fcc0bc003e95", "casademo.tclean_memory_suite.peakmem_tclean_setweighting": "3fb5214d1e8e5bf8170efbe8114cd88b0e1e51db87c955bc588eb95ba91e4f71"}, "version": 1}
