{"results": {"casademo.tclean_memory_suite.peakmem_tclean_setweighting": 1978290176, "casademo.calibration_suite.time_applycal_callib": {"result": [36.71307661361061], "stats": [{"ci_99": [-267.10333341243677, 340.5294866396577], "q_25": 33.67491251335014, "q_75": 39.751240713871084, "min": 30.636748413089663, "max": 42.78940481413156, "mean": 36.71307661361061, "std": 6.076328200520948, "repeat": 2, "number": 2}]}, "casademo.calibration_suite.time_bandpass": {"result": [24.18832497159019], "stats": [{"ci_99": [14.424949651118368, 33.95170029206201], "q_25": 24.090691218385473, "q_75": 24.28595872479491, "min": 23.993057465180755, "max": 24.383592477999628, "mean": 24.18832497159019, "std": 0.19526750640943646, "repeat": 2, "number": 2}]}, "casademo.calibration_suite.time_gaincal": {"result": [50.168225687230006], "stats": [{"ci_99": [42.43456089752726, 57.90189047693274], "q_25": 50.09088903933298, "q_75": 50.24556233512703, "min": 50.01355239143595, "max": 50.32289898302406, "mean": 50.168225687230006, "std": 0.15467329579405487, "repeat": 2, "number": 2}]}, "casademo.flagdata_suite.time_flagdata_bandpassflag": {"result": [6.521292136749253], "stats": [{"ci_99": [2.979626926826313, 10.062957346672189], "q_25": 6.485875484650023, "q_75": 6.556708788848482, "min": 6.450458832550794, "max": 6.5921254409477115, "mean": 6.521292136749253, "std": 0.07083330419845879, "repeat": 2, "number": 2}]}, "casademo.flagdata_suite.time_flagdata_list": {"result": [116.06663309200667], "stats": [{"ci_99": [48.831612415844575, 183.3016537681687], "q_25": 115.39428288524505, "q_75": 116.73898329876829, "min": 114.72193267848343, "max": 117.41133350552991, "mean": 116.06663309200667, "std": 1.3447004135232419, "repeat": 2, "number": 2}]}, "casademo.flagdata_suite.time_flagdata_list_summary": {"result": [8.583809373201802], "stats": [{"ci_99": [6.660586824407801, 10.507031921995802], "q_25": 8.564577147713862, "q_75": 8.603041598689742, "min": 8.545344922225922, "max": 8.622273824177682, "mean": 8.583809373201802, "std": 0.03846445097588003, "repeat": 2, "number": 2}]}, "casademo.flagdata_suite.time_flagdata_summary": {"result": [8.145261001540348], "stats": [{"ci_99": [8.064118579262868, 8.226403423817828], "q_25": 8.144449577317573, "q_75": 8.146072425763123, "min": 8.143638153094798, "max": 8.146883849985898, "mean": 8.145261001540348, "std": 0.0016228484455496073, "repeat": 2, "number": 2}]}}, "params": {"arch": "x86_64", "cpu": "Intel(R) Xeon(R) CPU E5-1660 v4 @ 3.20GHz", "machine": "NRAO workstation", "num_cpu": "16", "os": "Linux 3.10.0-1160.15.2.el7.x86_64", "ram": "32GB", "python": "3.6", "pip+casatools": "trunk", "pip+casatasks": "trunk"}, "requirements": {"pip+casatools": "trunk", "pip+casatasks": "trunk"}, "commit_hash": "3442b967dbbb51c44d51335dbb69ba11ffa3f5e8", "date": 1607380426000, "env_name": "virtualenv-py3.6-pip+casatasks-trunk-pip+casatools-trunk", "python": "3.6", "profiles": {}, "started_at": {"casademo.tclean_memory_suite.peakmem_tclean_setweighting": 1630548807176, "casademo.calibration_suite.time_applycal_callib": 1630548241272, "casademo.calibration_suite.time_bandpass": 1630548326988, "casademo.calibration_suite.time_gaincal": 1630548401875, "casademo.flagdata_suite.time_flagdata_bandpassflag": 1630548525434, "casademo.flagdata_suite.time_flagdata_list": 1630548538668, "casademo.flagdata_suite.time_flagdata_list_summary": 1630548773541, "casademo.flagdata_suite.time_flagdata_summary": 1630548790835}, "ended_at": {"casademo.tclean_memory_suite.peakmem_tclean_setweighting": 1630549113809, "casademo.calibration_suite.time_applycal_callib": 1630548326987, "casademo.calibration_suite.time_bandpass": 1630548401875, "casademo.calibration_suite.time_gaincal": 1630548525426, "casademo.flagdata_suite.time_flagdata_bandpassflag": 1630548538668, "casademo.flagdata_suite.time_flagdata_list": 1630548773541, "casademo.flagdata_suite.time_flagdata_list_summary": 1630548790834, "casademo.flagdata_suite.time_flagdata_summary": 1630548807175}, "benchmark_version": {"casademo.tclean_memory_suite.peakmem_tclean_setweighting": "b08240b9d9211ba7e2ce323aae697e4b25deb8a6db4c5e2e48519cedc4707769", "casademo.calibration_suite.time_applycal_callib": "9ef394762fe7135f58c94c0e46a655fae93e7d107904ceff94d228f23b89a589", "casademo.calibration_suite.time_bandpass": "f706aa044f6bc64b915996b7bdd6bc5666cae0eb7c47ff9a70b5bced6c9fbd0c", "casademo.calibration_suite.time_gaincal": "56f8a9022caccdafe4240fb9a2766b2d5d56cc1c784bd724822d3b040f5b5309", "casademo.flagdata_suite.time_flagdata_bandpassflag": "f55e0ffa6be9d655555c5081a0e7bf2bc00b253273ba7c220de0bd2cfb3baf6c", "casademo.flagdata_suite.time_flagdata_list": "1a40b66ffb4a43d48af3407bae817ed4f7667fe778880859384f5f2e7c9c5d1f", "casademo.flagdata_suite.time_flagdata_list_summary": "3eb284062687484026a1defb4fceb705e83b244e37405f8794d431940ff44b08", "casademo.flagdata_suite.time_flagdata_summary": "9e569fb4e2a2f68e59c510bbf889632173be867104a4e5ba5a98d0eb110e82fb"}, "version": 1}
