{"results": {"casademo.tclean_memory_suite.peakmem_tclean_setweighting": 2154598400, "casademo.calibration_suite.time_applycal_callib": {"result": [28.066235322738066], "stats": [{"ci_99": [21.128356918459758, 35.00411372701637], "q_25": 27.996856538695283, "q_75": 28.13561410678085, "min": 27.9274777546525, "max": 28.204992890823632, "mean": 28.066235322738066, "std": 0.13875756808556616, "repeat": 2, "number": 2}]}, "casademo.calibration_suite.time_bandpass": {"result": [32.640573169104755], "stats": [{"ci_99": [-375.09075322095305, 440.3718995591622], "q_25": 28.563259905204177, "q_75": 36.71788643300533, "min": 24.4859466413036, "max": 40.79519969690591, "mean": 32.640573169104755, "std": 8.154626527801156, "repeat": 2, "number": 2}]}, "casademo.calibration_suite.time_gaincal": {"result": [50.029013582272455], "stats": [{"ci_99": [42.3696635842789, 57.68836358026601], "q_25": 49.95242008229252, "q_75": 50.10560708225239, "min": 49.875826582312584, "max": 50.182200582232326, "mean": 50.029013582272455, "std": 0.15318699995987117, "repeat": 2, "number": 2}]}, "casademo.flagdata_suite.time_flagdata_bandpassflag": {"result": [32.074570431839675], "stats": [{"ci_99": [30.40349735831842, 33.74564350536093], "q_25": 32.05785970110446, "q_75": 32.09128116257489, "min": 32.04114897036925, "max": 32.1079918933101, "mean": 32.074570431839675, "std": 0.03342146147042513, "repeat": 2, "number": 2}]}, "casademo.flagdata_suite.time_flagdata_list": {"result": [133.69440384418704], "stats": [{"ci_99": [81.95751761528663, 185.43129007308738], "q_25": 133.17703498189803, "q_75": 134.21177270647604, "min": 132.65966611960903, "max": 134.72914156876504, "mean": 133.69440384418704, "std": 1.034737724578008, "repeat": 2, "number": 2}]}, "casademo.flagdata_suite.time_flagdata_list_summary": {"result": [34.31055704015307], "stats": [{"ci_99": [17.87497351062484, 50.74614056968129], "q_25": 34.14620120485779, "q_75": 34.474912875448354, "min": 33.98184536956251, "max": 34.639268710743636, "mean": 34.31055704015307, "std": 0.3287116705905646, "repeat": 2, "number": 2}]}, "casademo.flagdata_suite.time_flagdata_summary": {"result": [33.529595823492855], "stats": [{"ci_99": [-4.518232585396618, 71.5774242323823], "q_25": 33.14911753940396, "q_75": 33.91007410758175, "min": 32.768639255315065, "max": 34.290552391670644, "mean": 33.529595823492855, "std": 0.7609565681777894, "repeat": 2, "number": 2}]}}, "params": {"arch": "x86_64", "cpu": "Intel(R) Xeon(R) CPU E5-1660 v4 @ 3.20GHz", "machine": "NRAO workstation", "num_cpu": "16", "os": "Linux 3.10.0-1160.15.2.el7.x86_64", "ram": "32GB", "python": "3.6", "pip+casatools": "6.3.0", "pip+casatasks": "6.3.0"}, "requirements": {"pip+casatools": "6.3.0", "pip+casatasks": "6.3.0"}, "commit_hash": "346390ca20c76f0c25c1168c4f48ad5f6c42050d", "date": 1624280726000, "env_name": "virtualenv-py3.6-pip+casatasks6.3.0.18-pip+casatools6.3.0.18", "python": "3.6", "profiles": {}, "started_at": {"casademo.tclean_memory_suite.peakmem_tclean_setweighting": 1630087549112, "casademo.calibration_suite.time_applycal_callib": 1630086755295, "casademo.calibration_suite.time_bandpass": 1630086835497, "casademo.calibration_suite.time_gaincal": 1630086958349, "casademo.flagdata_suite.time_flagdata_bandpassflag": 1630087081556, "casademo.flagdata_suite.time_flagdata_list": 1630087145703, "casademo.flagdata_suite.time_flagdata_list_summary": 1630087411095, "casademo.flagdata_suite.time_flagdata_summary": 1630087480454}, "ended_at": {"casademo.tclean_memory_suite.peakmem_tclean_setweighting": 1630087733038, "casademo.calibration_suite.time_applycal_callib": 1630086835497, "casademo.calibration_suite.time_bandpass": 1630086958348, "casademo.calibration_suite.time_gaincal": 1630087081553, "casademo.flagdata_suite.time_flagdata_bandpassflag": 1630087145703, "casademo.flagdata_suite.time_flagdata_list": 1630087411095, "casademo.flagdata_suite.time_flagdata_list_summary": 1630087480454, "casademo.flagdata_suite.time_flagdata_summary": 1630087549112}, "benchmark_version": {"casademo.tclean_memory_suite.peakmem_tclean_setweighting": "3fb5214d1e8e5bf8170efbe8114cd88b0e1e51db87c955bc588eb95ba91e4f71", "casademo.calibration_suite.time_applycal_callib": "1f6437b2270507d06f2c91c35b12dce1187d02851c4b0d0c872bbcfda3e5c4f6", "casademo.calibration_suite.time_bandpass": "a69d32cd1360ece09039f1051989506a7673f5a708021e87c81e0936374d64ce", "casademo.calibration_suite.time_gaincal": "70a393fa53b72183c406b9cc585dca7828b9b8d585b8077a80e0946ee81ebeb0", "casademo.flagdata_suite.time_flagdata_bandpassflag": "6bc01de4a73ffea44f2190b51350292cc1e1256989be0f26cc4ec77341df934a", "casademo.flagdata_suite.time_flagdata_list": "f4d15370d3c2c0c746d0c9c28b87ee190865ebfa9e210cc5773201bea0df7bf9", "casademo.flagdata_suite.time_flagdata_list_summary": "58e4c1cc3e1c3c5f723c910c861bad52078405a7026f0321526fad1a15b04ee3", "casademo.flagdata_suite.time_flagdata_summary": "7d302987a4e4e75e43325fd83f2c968688e4b8a56a6476db46a4fcc0bc003e95"}, "version": 1}
