{"results": {"casademo.tclean_memory_suite.peakmem_tclean_setweighting": 2154598400, "casademo.calibration_suite.time_applycal_callib": {"result": [28.066235322738066], "stats": [{"ci_99": [21.128356918459758, 35.00411372701637], "q_25": 27.996856538695283, "q_75": 28.13561410678085, "min": 27.9274777546525, "max": 28.204992890823632, "mean": 28.066235322738066, "std": 0.13875756808556616, "repeat": 2, "number": 2}]}, "casademo.calibration_suite.time_bandpass": {"result": [32.640573169104755], "stats": [{"ci_99": [-375.09075322095305, 440.3718995591622], "q_25": 28.563259905204177, "q_75": 36.71788643300533, "min": 24.4859466413036, "max": 40.79519969690591, "mean": 32.640573169104755, "std": 8.154626527801156, "repeat": 2, "number": 2}]}, "casademo.calibration_suite.time_gaincal": {"result": [50.029013582272455], "stats": [{"ci_99": [42.3696635842789, 57.68836358026601], "q_25": 49.95242008229252, "q_75": 50.10560708225239, "min": 49.875826582312584, "max": 50.182200582232326, "mean": 50.029013582272455, "std": 0.15318699995987117, "repeat": 2, "number": 2}]}, "casademo.flagdata_suite.time_flagdata_bandpassflag": {"result": [32.074570431839675], "stats": [{"ci_99": [30.40349735831842, 33.74564350536093], "q_25": 32.05785970110446, "q_75": 32.09128116257489, "min": 32.04114897036925, "max": 32.1079918933101, "mean": 32.074570431839675, "std": 0.03342146147042513, "repeat": 2, "number": 2}]}, "casademo.flagdata_suite.time_flagdata_list": {"result": [133.69440384418704], "stats": [{"ci_99": [81.95751761528663, 185.43129007308738], "q_25": 133.17703498189803, "q_75": 134.21177270647604, "min": 132.65966611960903, "max": 134.72914156876504, "mean": 133.69440384418704, "std": 1.034737724578008, "repeat": 2, "number": 2}]}, "casademo.flagdata_suite.time_flagdata_list_summary": {"result": [34.31055704015307], "stats": [{"ci_99": [17.87497351062484, 50.74614056968129], "q_25": 34.14620120485779, "q_75": 34.474912875448354, "min": 33.98184536956251, "max": 34.639268710743636, "mean": 34.31055704015307, "std": 0.3287116705905646, "repeat": 2, "number": 2}]}, "casademo.flagdata_suite.time_flagdata_summary": {"result": [33.529595823492855], "stats": [{"ci_99": [-4.518232585396618, 71.5774242323823], "q_25": 33.14911753940396, "q_75": 33.91007410758175, "min": 32.768639255315065, "max": 34.290552391670644, "mean": 33.529595823492855, "std": 0.7609565681777894, "repeat": 2, "number": 2}]}}, "params": {"arch": "x86_64", "cpu": "Intel(R) Xeon(R) CPU E5-1660 v4 @ 3.20GHz", "machine": "NRAO workstation", "num_cpu": "16", "os": "Linux 3.10.0-1160.15.2.el7.x86_64", "ram": "32GB", "python": "3.6", "pip+casatools": "6.3.0", "pip+casatasks": "6.3.0"}, "requirements": {"pip+casatools": "6.3.0", "pip+casatasks": "6.3.0"}, "commit_hash": "346390ca20c76f0c25c1168c4f48ad5f6c42050d", "date": 1624280726000, "env_name": "virtualenv-py3.6-pip+casatasks6.3.0.18-pip+casatools6.3.0.18", "python": "3.6", "profiles": {}, "started_at": {"casademo.tclean_memory_suite.peakmem_tclean_setweighting": 1630087549112, "casademo.calibration_suite.time_applycal_callib": 1630086755295, "casademo.calibration_suite.time_bandpass": 1630086835497, "casademo.calibration_suite.time_gaincal": 1630086958349, "casademo.flagdata_suite.time_flagdata_bandpassflag": 1630087081556, "casademo.flagdata_suite.time_flagdata_list": 1630087145703, "casademo.flagdata_suite.time_flagdata_list_summary": 1630087411095, "casademo.flagdata_suite.time_flagdata_summary": 1630087480454}, "ended_at": {"casademo.tclean_memory_suite.peakmem_tclean_setweighting": 1630087733038, "casademo.calibration_suite.time_applycal_callib": 1630086835497, "casademo.calibration_suite.time_bandpass": 1630086958348, "casademo.calibration_suite.time_gaincal": 1630087081553, "casademo.flagdata_suite.time_flagdata_bandpassflag": 1630087145703, "casademo.flagdata_suite.time_flagdata_list": 1630087411095, "casademo.flagdata_suite.time_flagdata_list_summary": 1630087480454, "casademo.flagdata_suite.time_flagdata_summary": 1630087549112}, "benchmark_version": {"casademo.calibration_suite.time_applycal_callib": "9ef394762fe7135f58c94c0e46a655fae93e7d107904ceff94d228f23b89a589", "casademo.calibration_suite.time_bandpass": "f706aa044f6bc64b915996b7bdd6bc5666cae0eb7c47ff9a70b5bced6c9fbd0c", "casademo.calibration_suite.time_gaincal": "56f8a9022caccdafe4240fb9a2766b2d5d56cc1c784bd724822d3b040f5b5309", "casademo.flagdata_suite.time_flagdata_bandpassflag": "f55e0ffa6be9d655555c5081a0e7bf2bc00b253273ba7c220de0bd2cfb3baf6c", "casademo.flagdata_suite.time_flagdata_list": "1a40b66ffb4a43d48af3407bae817ed4f7667fe778880859384f5f2e7c9c5d1f", "casademo.flagdata_suite.time_flagdata_list_summary": "3eb284062687484026a1defb4fceb705e83b244e37405f8794d431940ff44b08", "casademo.flagdata_suite.time_flagdata_summary": "9e569fb4e2a2f68e59c510bbf889632173be867104a4e5ba5a98d0eb110e82fb", "casademo.tclean_memory_suite.peakmem_tclean_setweighting": "b08240b9d9211ba7e2ce323aae697e4b25deb8a6db4c5e2e48519cedc4707769"}, "version": 1}
