{"results": {"casademo.calibration_suite.time_applycal_callib": {"result": [25.53359011793509], "stats": [{"ci_99": [4.749101541470736, 46.31807869439943], "q_25": 25.325745232170448, "q_75": 25.741435003699735, "min": 25.117900346405804, "max": 25.94927988946438, "mean": 25.53359011793509, "std": 0.4156897715292871, "repeat": 2, "number": 2}]}, "casademo.calibration_suite.time_bandpass": {"result": [27.444103832589462], "stats": [{"ci_99": [-118.35887907561846, 173.24708674079727], "q_25": 25.986074003507383, "q_75": 28.90213366167154, "min": 24.528044174425304, "max": 30.36016349075362, "mean": 27.444103832589462, "std": 2.9160596581641585, "repeat": 2, "number": 2}]}, "casademo.calibration_suite.time_gaincal": {"result": [49.0692171882838], "stats": [{"ci_99": [16.040968467481434, 82.09746590908614], "q_25": 48.73893470107578, "q_75": 49.399499675491825, "min": 48.408652213867754, "max": 49.72978216269985, "mean": 49.0692171882838, "std": 0.6605649744160473, "repeat": 2, "number": 2}]}, "casademo.flagdata_suite.time_flagdata_bandpassflag": {"result": [6.492415197659284], "stats": [{"ci_99": [6.130605062004179, 6.854225333314389], "q_25": 6.488797096302733, "q_75": 6.496033299015835, "min": 6.485178994946182, "max": 6.499651400372386, "mean": 6.492415197659284, "std": 0.007236202713102102, "repeat": 2, "number": 2}]}, "casademo.flagdata_suite.time_flagdata_list": {"result": [115.6975443107076], "stats": [{"ci_99": [113.00267035653815, 118.39241826487705], "q_25": 115.6705955711659, "q_75": 115.7244930502493, "min": 115.64364683162421, "max": 115.75144178979099, "mean": 115.6975443107076, "std": 0.053897479083389044, "repeat": 2, "number": 2}]}, "casademo.flagdata_suite.time_flagdata_list_summary": {"result": [8.60344468220137], "stats": [{"ci_99": [7.036236392566934, 10.170652971835805], "q_25": 8.587772599305026, "q_75": 8.619116765097715, "min": 8.572100516408682, "max": 8.63478884799406, "mean": 8.60344468220137, "std": 0.03134416579268873, "repeat": 2, "number": 2}]}, "casademo.flagdata_suite.time_flagdata_summary": {"result": [8.324983549537137], "stats": [{"ci_99": [7.7211847610305995, 8.928782338043675], "q_25": 8.318945561652072, "q_75": 8.331021537422203, "min": 8.312907573767006, "max": 8.337059525307268, "mean": 8.324983549537137, "std": 0.012075975770130754, "repeat": 2, "number": 2}]}, "casademo.tclean_memory_suite.peakmem_tclean_setweighting": 1978408960}, "params": {"arch": "x86_64", "cpu": "Intel(R) Xeon(R) CPU E5-1660 v4 @ 3.20GHz", "machine": "NRAO workstation", "num_cpu": "16", "os": "Linux 3.10.0-1160.15.2.el7.x86_64", "ram": "32GB", "python": "3.6", "pip+casatools": "trunk", "pip+casatasks": "trunk"}, "requirements": {"pip+casatools": "trunk", "pip+casatasks": "trunk"}, "commit_hash": "353eb19ddcc63a021798112cf86b766374a8306a", "date": 1608059681000, "env_name": "virtualenv-py3.6-pip+casatasks-trunk-pip+casatools-trunk", "python": "3.6", "profiles": {}, "started_at": {"casademo.calibration_suite.time_applycal_callib": 1630520239052, "casademo.calibration_suite.time_bandpass": 1630520315043, "casademo.calibration_suite.time_gaincal": 1630520436644, "casademo.flagdata_suite.time_flagdata_bandpassflag": 1630520560753, "casademo.flagdata_suite.time_flagdata_list": 1630520573787, "casademo.flagdata_suite.time_flagdata_list_summary": 1630520805154, "casademo.flagdata_suite.time_flagdata_summary": 1630520822348, "casademo.tclean_memory_suite.peakmem_tclean_setweighting": 1630520839040}, "ended_at": {"casademo.calibration_suite.time_applycal_callib": 1630520315042, "casademo.calibration_suite.time_bandpass": 1630520436644, "casademo.calibration_suite.time_gaincal": 1630520560748, "casademo.flagdata_suite.time_flagdata_bandpassflag": 1630520573787, "casademo.flagdata_suite.time_flagdata_list": 1630520805154, "casademo.flagdata_suite.time_flagdata_list_summary": 1630520822348, "casademo.flagdata_suite.time_flagdata_summary": 1630520839040, "casademo.tclean_memory_suite.peakmem_tclean_setweighting": 1630521135113}, "benchmark_version": {"casademo.calibration_suite.time_applycal_callib": "9ef394762fe7135f58c94c0e46a655fae93e7d107904ceff94d228f23b89a589", "casademo.calibration_suite.time_bandpass": "f706aa044f6bc64b915996b7bdd6bc5666cae0eb7c47ff9a70b5bced6c9fbd0c", "casademo.calibration_suite.time_gaincal": "56f8a9022caccdafe4240fb9a2766b2d5d56cc1c784bd724822d3b040f5b5309", "casademo.flagdata_suite.time_flagdata_bandpassflag": "f55e0ffa6be9d655555c5081a0e7bf2bc00b253273ba7c220de0bd2cfb3baf6c", "casademo.flagdata_suite.time_flagdata_list": "1a40b66ffb4a43d48af3407bae817ed4f7667fe778880859384f5f2e7c9c5d1f", "casademo.flagdata_suite.time_flagdata_list_summary": "3eb284062687484026a1defb4fceb705e83b244e37405f8794d431940ff44b08", "casademo.flagdata_suite.time_flagdata_summary": "9e569fb4e2a2f68e59c510bbf889632173be867104a4e5ba5a98d0eb110e82fb", "casademo.tclean_memory_suite.peakmem_tclean_setweighting": "b08240b9d9211ba7e2ce323aae697e4b25deb8a6db4c5e2e48519cedc4707769"}, "version": 1}
