{"results": {"casademo.tclean_memory_suite.peakmem_tclean_setweighting": 2252017664, "casademo.calibration_suite.time_applycal_callib": {"result": [29.664848981192335], "stats": [{"ci_99": [-141.62855321425013, 200.95825117663466], "q_25": 27.95191495923791, "q_75": 31.37778300314676, "min": 26.238980937283486, "max": 33.090717025101185, "mean": 29.664848981192335, "std": 3.4258680439088494, "repeat": 2, "number": 2}]}, "casademo.calibration_suite.time_bandpass": {"result": [25.321606062585488], "stats": [{"ci_99": [21.03683740622364, 29.606374718947333], "q_25": 25.27875837602187, "q_75": 25.364453749149106, "min": 25.23591068945825, "max": 25.407301435712725, "mean": 25.321606062585488, "std": 0.08569537312723696, "repeat": 2, "number": 2}]}, "casademo.calibration_suite.time_gaincal": {"result": [50.77896273951046], "stats": [{"ci_99": [18.07572779734619, 83.4821976816747], "q_25": 50.45193039008882, "q_75": 51.105995088932104, "min": 50.124898040667176, "max": 51.43302743835375, "mean": 50.77896273951046, "std": 0.6540646988432854, "repeat": 2, "number": 2}]}, "casademo.flagdata_suite.time_flagdata_bandpassflag": {"result": [32.07596698333509], "stats": [{"ci_99": [31.739628345472738, 32.41230562119745], "q_25": 32.07260359695647, "q_75": 32.079330369713716, "min": 32.069240210577846, "max": 32.08269375609234, "mean": 32.07596698333509, "std": 0.00672677275724709, "repeat": 2, "number": 2}]}, "casademo.flagdata_suite.time_flagdata_list": {"result": [134.42612743051723], "stats": [{"ci_99": [128.98324605589733, 139.86900880513713], "q_25": 134.37169861677103, "q_75": 134.48055624426343, "min": 134.31726980302483, "max": 134.53498505800962, "mean": 134.42612743051723, "std": 0.10885762749239802, "repeat": 2, "number": 2}]}, "casademo.flagdata_suite.time_flagdata_list_summary": {"result": [34.68363143922761], "stats": [{"ci_99": [29.762776111718267, 39.60448676673695], "q_25": 34.63442288595252, "q_75": 34.732839992502704, "min": 34.585214332677424, "max": 34.7820485457778, "mean": 34.68363143922761, "std": 0.09841710655018687, "repeat": 2, "number": 2}]}, "casademo.flagdata_suite.time_flagdata_summary": {"result": [34.36386505095288], "stats": [{"ci_99": [26.567028685938567, 42.16070141596719], "q_25": 34.28589668730274, "q_75": 34.441833414603025, "min": 34.207928323652595, "max": 34.51980177825317, "mean": 34.36386505095288, "std": 0.1559367273002863, "repeat": 2, "number": 2}]}}, "params": {"arch": "x86_64", "cpu": "Intel(R) Xeon(R) CPU E5-1660 v4 @ 3.20GHz", "machine": "NRAO workstation", "num_cpu": "16", "os": "Linux 3.10.0-1160.15.2.el7.x86_64", "ram": "32GB", "python": "3.6", "pip+casatools": "6.2.0", "pip+casatasks": "6.2.0"}, "requirements": {"pip+casatools": "6.2.0", "pip+casatasks": "6.2.0"}, "commit_hash": "35e846d582d22801cc11b1382f2073da50df3018", "date": 1619463646000, "env_name": "virtualenv-py3.6-pip+casatasks6.2.0.117-pip+casatools6.2.0.117", "python": "3.6", "profiles": {}, "started_at": {"casademo.tclean_memory_suite.peakmem_tclean_setweighting": 1629928445763, "casademo.calibration_suite.time_applycal_callib": 1629927696870, "casademo.calibration_suite.time_bandpass": 1629927773211, "casademo.calibration_suite.time_gaincal": 1629927851753, "casademo.flagdata_suite.time_flagdata_bandpassflag": 1629927974753, "casademo.flagdata_suite.time_flagdata_list": 1629928038950, "casademo.flagdata_suite.time_flagdata_list_summary": 1629928308101, "casademo.flagdata_suite.time_flagdata_summary": 1629928377310}, "ended_at": {"casademo.tclean_memory_suite.peakmem_tclean_setweighting": 1629928626282, "casademo.calibration_suite.time_applycal_callib": 1629927773211, "casademo.calibration_suite.time_bandpass": 1629927851753, "casademo.calibration_suite.time_gaincal": 1629927974746, "casademo.flagdata_suite.time_flagdata_bandpassflag": 1629928038950, "casademo.flagdata_suite.time_flagdata_list": 1629928308100, "casademo.flagdata_suite.time_flagdata_list_summary": 1629928377309, "casademo.flagdata_suite.time_flagdata_summary": 1629928445763}, "benchmark_version": {"casademo.tclean_memory_suite.peakmem_tclean_setweighting": "3fb5214d1e8e5bf8170efbe8114cd88b0e1e51db87c955bc588eb95ba91e4f71", "casademo.calibration_suite.time_applycal_callib": "1f6437b2270507d06f2c91c35b12dce1187d02851c4b0d0c872bbcfda3e5c4f6", "casademo.calibration_suite.time_bandpass": "a69d32cd1360ece09039f1051989506a7673f5a708021e87c81e0936374d64ce", "casademo.calibration_suite.time_gaincal": "70a393fa53b72183c406b9cc585dca7828b9b8d585b8077a80e0946ee81ebeb0", "casademo.flagdata_suite.time_flagdata_bandpassflag": "6bc01de4a73ffea44f2190b51350292cc1e1256989be0f26cc4ec77341df934a", "casademo.flagdata_suite.time_flagdata_list": "f4d15370d3c2c0c746d0c9c28b87ee190865ebfa9e210cc5773201bea0df7bf9", "casademo.flagdata_suite.time_flagdata_list_summary": "58e4c1cc3e1c3c5f723c910c861bad52078405a7026f0321526fad1a15b04ee3", "casademo.flagdata_suite.time_flagdata_summary": "7d302987a4e4e75e43325fd83f2c968688e4b8a56a6476db46a4fcc0bc003e95"}, "version": 1}
