{"results": {"casademo.tclean_memory_suite.peakmem_tclean_setweighting": 2252017664, "casademo.calibration_suite.time_applycal_callib": {"result": [29.664848981192335], "stats": [{"ci_99": [-141.62855321425013, 200.95825117663466], "q_25": 27.95191495923791, "q_75": 31.37778300314676, "min": 26.238980937283486, "max": 33.090717025101185, "mean": 29.664848981192335, "std": 3.4258680439088494, "repeat": 2, "number": 2}]}, "casademo.calibration_suite.time_bandpass": {"result": [25.321606062585488], "stats": [{"ci_99": [21.03683740622364, 29.606374718947333], "q_25": 25.27875837602187, "q_75": 25.364453749149106, "min": 25.23591068945825, "max": 25.407301435712725, "mean": 25.321606062585488, "std": 0.08569537312723696, "repeat": 2, "number": 2}]}, "casademo.calibration_suite.time_gaincal": {"result": [50.77896273951046], "stats": [{"ci_99": [18.07572779734619, 83.4821976816747], "q_25": 50.45193039008882, "q_75": 51.105995088932104, "min": 50.124898040667176, "max": 51.43302743835375, "mean": 50.77896273951046, "std": 0.6540646988432854, "repeat": 2, "number": 2}]}, "casademo.flagdata_suite.time_flagdata_bandpassflag": {"result": [32.07596698333509], "stats": [{"ci_99": [31.739628345472738, 32.41230562119745], "q_25": 32.07260359695647, "q_75": 32.079330369713716, "min": 32.069240210577846, "max": 32.08269375609234, "mean": 32.07596698333509, "std": 0.00672677275724709, "repeat": 2, "number": 2}]}, "casademo.flagdata_suite.time_flagdata_list": {"result": [134.42612743051723], "stats": [{"ci_99": [128.98324605589733, 139.86900880513713], "q_25": 134.37169861677103, "q_75": 134.48055624426343, "min": 134.31726980302483, "max": 134.53498505800962, "mean": 134.42612743051723, "std": 0.10885762749239802, "repeat": 2, "number": 2}]}, "casademo.flagdata_suite.time_flagdata_list_summary": {"result": [34.68363143922761], "stats": [{"ci_99": [29.762776111718267, 39.60448676673695], "q_25": 34.63442288595252, "q_75": 34.732839992502704, "min": 34.585214332677424, "max": 34.7820485457778, "mean": 34.68363143922761, "std": 0.09841710655018687, "repeat": 2, "number": 2}]}, "casademo.flagdata_suite.time_flagdata_summary": {"result": [34.36386505095288], "stats": [{"ci_99": [26.567028685938567, 42.16070141596719], "q_25": 34.28589668730274, "q_75": 34.441833414603025, "min": 34.207928323652595, "max": 34.51980177825317, "mean": 34.36386505095288, "std": 0.1559367273002863, "repeat": 2, "number": 2}]}}, "params": {"arch": "x86_64", "cpu": "Intel(R) Xeon(R) CPU E5-1660 v4 @ 3.20GHz", "machine": "NRAO workstation", "num_cpu": "16", "os": "Linux 3.10.0-1160.15.2.el7.x86_64", "ram": "32GB", "python": "3.6", "pip+casatools": "6.2.0", "pip+casatasks": "6.2.0"}, "requirements": {"pip+casatools": "6.2.0", "pip+casatasks": "6.2.0"}, "commit_hash": "35e846d582d22801cc11b1382f2073da50df3018", "date": 1619463646000, "env_name": "virtualenv-py3.6-pip+casatasks6.2.0.117-pip+casatools6.2.0.117", "python": "3.6", "profiles": {}, "started_at": {"casademo.tclean_memory_suite.peakmem_tclean_setweighting": 1629928445763, "casademo.calibration_suite.time_applycal_callib": 1629927696870, "casademo.calibration_suite.time_bandpass": 1629927773211, "casademo.calibration_suite.time_gaincal": 1629927851753, "casademo.flagdata_suite.time_flagdata_bandpassflag": 1629927974753, "casademo.flagdata_suite.time_flagdata_list": 1629928038950, "casademo.flagdata_suite.time_flagdata_list_summary": 1629928308101, "casademo.flagdata_suite.time_flagdata_summary": 1629928377310}, "ended_at": {"casademo.tclean_memory_suite.peakmem_tclean_setweighting": 1629928626282, "casademo.calibration_suite.time_applycal_callib": 1629927773211, "casademo.calibration_suite.time_bandpass": 1629927851753, "casademo.calibration_suite.time_gaincal": 1629927974746, "casademo.flagdata_suite.time_flagdata_bandpassflag": 1629928038950, "casademo.flagdata_suite.time_flagdata_list": 1629928308100, "casademo.flagdata_suite.time_flagdata_list_summary": 1629928377309, "casademo.flagdata_suite.time_flagdata_summary": 1629928445763}, "benchmark_version": {"casademo.calibration_suite.time_applycal_callib": "9ef394762fe7135f58c94c0e46a655fae93e7d107904ceff94d228f23b89a589", "casademo.calibration_suite.time_bandpass": "f706aa044f6bc64b915996b7bdd6bc5666cae0eb7c47ff9a70b5bced6c9fbd0c", "casademo.calibration_suite.time_gaincal": "56f8a9022caccdafe4240fb9a2766b2d5d56cc1c784bd724822d3b040f5b5309", "casademo.flagdata_suite.time_flagdata_bandpassflag": "f55e0ffa6be9d655555c5081a0e7bf2bc00b253273ba7c220de0bd2cfb3baf6c", "casademo.flagdata_suite.time_flagdata_list": "1a40b66ffb4a43d48af3407bae817ed4f7667fe778880859384f5f2e7c9c5d1f", "casademo.flagdata_suite.time_flagdata_list_summary": "3eb284062687484026a1defb4fceb705e83b244e37405f8794d431940ff44b08", "casademo.flagdata_suite.time_flagdata_summary": "9e569fb4e2a2f68e59c510bbf889632173be867104a4e5ba5a98d0eb110e82fb", "casademo.tclean_memory_suite.peakmem_tclean_setweighting": "b08240b9d9211ba7e2ce323aae697e4b25deb8a6db4c5e2e48519cedc4707769"}, "version": 1}
