{"results": {"casademo.calibration_suite.time_applycal_callib": {"result": [26.03282687580213], "stats": [{"ci_99": [10.843407165724784, 41.22224658587946], "q_25": 25.880932678701356, "q_75": 26.184721072902903, "min": 25.729038481600583, "max": 26.336615270003676, "mean": 26.03282687580213, "std": 0.3037883942015469, "repeat": 2, "number": 2}]}, "casademo.calibration_suite.time_bandpass": {"result": [25.38015574356541], "stats": [{"ci_99": [24.051038102712482, 26.70927338441834], "q_25": 25.36686456715688, "q_75": 25.39344691997394, "min": 25.353573390748352, "max": 25.40673809638247, "mean": 25.38015574356541, "std": 0.026582352817058563, "repeat": 2, "number": 2}]}, "casademo.calibration_suite.time_gaincal": {"result": [50.94213023013435], "stats": [{"ci_99": [45.18314252537675, 56.70111793489195], "q_25": 50.88454035308678, "q_75": 50.99972010718193, "min": 50.8269504760392, "max": 51.057309984229505, "mean": 50.94213023013435, "std": 0.11517975409515202, "repeat": 2, "number": 2}]}, "casademo.flagdata_suite.time_flagdata_bandpassflag": {"result": [31.372573459055275], "stats": [{"ci_99": [28.727857139427215, 34.017289778683335], "q_25": 31.346126295858994, "q_75": 31.399020622251555, "min": 31.319679132662714, "max": 31.425467785447836, "mean": 31.372573459055275, "std": 0.0528943263925612, "repeat": 2, "number": 2}]}, "casademo.flagdata_suite.time_flagdata_list": {"result": [133.21324094361626], "stats": [{"ci_99": [57.06371534545906, 209.3627665417734], "q_25": 132.45174568763468, "q_75": 133.97473619959783, "min": 131.6902504316531, "max": 134.7362314555794, "mean": 133.21324094361626, "std": 1.522990511963144, "repeat": 2, "number": 2}]}, "casademo.flagdata_suite.time_flagdata_list_summary": {"result": [33.2950642388314], "stats": [{"ci_99": [30.046550050377846, 36.543578427284956], "q_25": 33.262579096946865, "q_75": 33.327549380715936, "min": 33.23009395506233, "max": 33.36003452260047, "mean": 33.2950642388314, "std": 0.0649702837690711, "repeat": 2, "number": 2}]}, "casademo.flagdata_suite.time_flagdata_summary": {"result": [32.32830636086874], "stats": [{"ci_99": [29.205672956304625, 35.45093976543285], "q_25": 32.297080026823096, "q_75": 32.35953269491438, "min": 32.265853692777455, "max": 32.39075902896002, "mean": 32.32830636086874, "std": 0.06245266809128225, "repeat": 2, "number": 2}]}, "casademo.tclean_memory_suite.peakmem_tclean_setweighting": 1960214528}, "params": {"arch": "x86_64", "cpu": "Intel(R) Xeon(R) CPU E5-1660 v4 @ 3.20GHz", "machine": "NRAO workstation", "num_cpu": "16", "os": "Linux 3.10.0-1160.15.2.el7.x86_64", "ram": "32GB", "python": "3.6", "pip+casatools": "6.2.0", "pip+casatasks": "6.2.0"}, "requirements": {"pip+casatools": "6.2.0", "pip+casatasks": "6.2.0"}, "commit_hash": "367c54a0cf031082e9cc8cf71480d58e147fc9aa", "date": 1615389233000, "env_name": "virtualenv-py3.6-pip+casatasks6.2.0.103-pip+casatools6.2.0.103", "python": "3.6", "profiles": {}, "started_at": {"casademo.calibration_suite.time_applycal_callib": 1629916491983, "casademo.calibration_suite.time_bandpass": 1629916568027, "casademo.calibration_suite.time_gaincal": 1629916643563, "casademo.flagdata_suite.time_flagdata_bandpassflag": 1629916767532, "casademo.flagdata_suite.time_flagdata_list": 1629916830225, "casademo.flagdata_suite.time_flagdata_list_summary": 1629917093663, "casademo.flagdata_suite.time_flagdata_summary": 1629917160165, "casademo.tclean_memory_suite.peakmem_tclean_setweighting": 1629917225014}, "ended_at": {"casademo.calibration_suite.time_applycal_callib": 1629916568026, "casademo.calibration_suite.time_bandpass": 1629916643563, "casademo.calibration_suite.time_gaincal": 1629916767518, "casademo.flagdata_suite.time_flagdata_bandpassflag": 1629916830225, "casademo.flagdata_suite.time_flagdata_list": 1629917093663, "casademo.flagdata_suite.time_flagdata_list_summary": 1629917160165, "casademo.flagdata_suite.time_flagdata_summary": 1629917225014, "casademo.tclean_memory_suite.peakmem_tclean_setweighting": 1629917395841}, "benchmark_version": {"casademo.calibration_suite.time_applycal_callib": "9ef394762fe7135f58c94c0e46a655fae93e7d107904ceff94d228f23b89a589", "casademo.calibration_suite.time_bandpass": "f706aa044f6bc64b915996b7bdd6bc5666cae0eb7c47ff9a70b5bced6c9fbd0c", "casademo.calibration_suite.time_gaincal": "56f8a9022caccdafe4240fb9a2766b2d5d56cc1c784bd724822d3b040f5b5309", "casademo.flagdata_suite.time_flagdata_bandpassflag": "f55e0ffa6be9d655555c5081a0e7bf2bc00b253273ba7c220de0bd2cfb3baf6c", "casademo.flagdata_suite.time_flagdata_list": "1a40b66ffb4a43d48af3407bae817ed4f7667fe778880859384f5f2e7c9c5d1f", "casademo.flagdata_suite.time_flagdata_list_summary": "3eb284062687484026a1defb4fceb705e83b244e37405f8794d431940ff44b08", "casademo.flagdata_suite.time_flagdata_summary": "9e569fb4e2a2f68e59c510bbf889632173be867104a4e5ba5a98d0eb110e82fb", "casademo.tclean_memory_suite.peakmem_tclean_setweighting": "b08240b9d9211ba7e2ce323aae697e4b25deb8a6db4c5e2e48519cedc4707769"}, "version": 1}
