{"results": {"casademo.calibration_suite.time_applycal_callib": {"result": [46.68651904840954], "stats": [{"ci_99": [-71.7351729918737, 165.10821108869266], "q_25": 45.502302128006704, "q_75": 47.87073596881237, "min": 44.31808520760387, "max": 49.0549528892152, "mean": 46.68651904840954, "std": 2.3684338408056647, "repeat": 2, "number": 2}]}, "casademo.calibration_suite.time_bandpass": {"result": [24.767805754672736], "stats": [{"ci_99": [-0.21136882482096553, 49.746980334166416], "q_25": 24.5180140088778, "q_75": 25.017597500467673, "min": 24.268222263082862, "max": 25.26738924626261, "mean": 24.767805754672736, "std": 0.49958349158987403, "repeat": 2, "number": 2}]}, "casademo.calibration_suite.time_gaincal": {"result": [50.30377845210023], "stats": [{"ci_99": [13.375757184578106, 87.23179971962233], "q_25": 49.93449823942501, "q_75": 50.67305866477545, "min": 49.56521802674979, "max": 51.042338877450675, "mean": 50.30377845210023, "std": 0.7385604253504425, "repeat": 2, "number": 2}]}, "casademo.flagdata_suite.time_flagdata_bandpassflag": {"result": [30.998938074335456], "stats": [{"ci_99": [28.44823099207133, 33.54964515659958], "q_25": 30.973431003512815, "q_75": 31.024445145158097, "min": 30.947923932690173, "max": 31.04995221598074, "mean": 30.998938074335456, "std": 0.05101414164528251, "repeat": 2, "number": 2}]}, "casademo.flagdata_suite.time_flagdata_list": {"result": [132.9384156386368], "stats": [{"ci_99": [52.41980288410559, 213.45702839316795], "q_25": 132.13322951109149, "q_75": 133.7436017661821, "min": 131.32804338354617, "max": 134.54878789372742, "mean": 132.9384156386368, "std": 1.610372255090624, "repeat": 2, "number": 2}]}, "casademo.flagdata_suite.time_flagdata_list_summary": {"result": [33.37057875515893], "stats": [{"ci_99": [15.226582042407244, 51.5145754679106], "q_25": 33.189138788031414, "q_75": 33.55201872228645, "min": 33.0076988209039, "max": 33.733458689413965, "mean": 33.37057875515893, "std": 0.36287993425503373, "repeat": 2, "number": 2}]}, "casademo.flagdata_suite.time_flagdata_summary": {"result": [32.69262471678667], "stats": [{"ci_99": [-4.420008852845058, 69.80525828641836], "q_25": 32.32149838109035, "q_75": 33.063751052482985, "min": 31.950372045394033, "max": 33.4348773881793, "mean": 32.69262471678667, "std": 0.7422526713926345, "repeat": 2, "number": 2}]}, "casademo.tclean_memory_suite.peakmem_tclean_setweighting": 2033016832}, "params": {"arch": "x86_64", "cpu": "Intel(R) Xeon(R) CPU E5-1660 v4 @ 3.20GHz", "machine": "NRAO workstation", "num_cpu": "16", "os": "Linux 3.10.0-1160.15.2.el7.x86_64", "ram": "32GB", "python": "3.6", "pip+casatools": "6.2.0", "pip+casatasks": "6.2.0"}, "requirements": {"pip+casatools": "6.2.0", "pip+casatasks": "6.2.0"}, "commit_hash": "370d0b931c93169ca5cd8bad025f989a587d12f3", "date": 1610745162000, "env_name": "virtualenv-py3.6-pip+casatasks6.2.0.72-pip+casatools6.2.0.72", "python": "3.6", "profiles": {}, "started_at": {"casademo.calibration_suite.time_applycal_callib": 1630345563490, "casademo.calibration_suite.time_bandpass": 1630345688597, "casademo.calibration_suite.time_gaincal": 1630345764337, "casademo.flagdata_suite.time_flagdata_bandpassflag": 1630345889806, "casademo.flagdata_suite.time_flagdata_list": 1630345951748, "casademo.flagdata_suite.time_flagdata_list_summary": 1630346214483, "casademo.flagdata_suite.time_flagdata_summary": 1630346280585, "casademo.tclean_memory_suite.peakmem_tclean_setweighting": 1630346344532}, "ended_at": {"casademo.calibration_suite.time_applycal_callib": 1630345688596, "casademo.calibration_suite.time_bandpass": 1630345764337, "casademo.calibration_suite.time_gaincal": 1630345889799, "casademo.flagdata_suite.time_flagdata_bandpassflag": 1630345951747, "casademo.flagdata_suite.time_flagdata_list": 1630346214483, "casademo.flagdata_suite.time_flagdata_list_summary": 1630346280584, "casademo.flagdata_suite.time_flagdata_summary": 1630346344531, "casademo.tclean_memory_suite.peakmem_tclean_setweighting": 1630346938396}, "benchmark_version": {"casademo.calibration_suite.time_applycal_callib": "1f6437b2270507d06f2c91c35b12dce1187d02851c4b0d0c872bbcfda3e5c4f6", "casademo.calibration_suite.time_bandpass": "a69d32cd1360ece09039f1051989506a7673f5a708021e87c81e0936374d64ce", "casademo.calibration_suite.time_gaincal": "70a393fa53b72183c406b9cc585dca7828b9b8d585b8077a80e0946ee81ebeb0", "casademo.flagdata_suite.time_flagdata_bandpassflag": "6bc01de4a73ffea44f2190b51350292cc1e1256989be0f26cc4ec77341df934a", "casademo.flagdata_suite.time_flagdata_list": "f4d15370d3c2c0c746d0c9c28b87ee190865ebfa9e210cc5773201bea0df7bf9", "casademo.flagdata_suite.time_flagdata_list_summary": "58e4c1cc3e1c3c5f723c910c861bad52078405a7026f0321526fad1a15b04ee3", "casademo.flagdata_suite.time_flagdata_summary": "7d302987a4e4e75e43325fd83f2c968688e4b8a56a6476db46a4fcc0bc003e95", "casademo.tclean_memory_suite.peakmem_tclean_setweighting": "3fb5214d1e8e5bf8170efbe8114cd88b0e1e51db87c955bc588eb95ba91e4f71"}, "version": 1}
