{"results": {"casademo.calibration_suite.time_applycal_callib": {"result": [36.646362219471484], "stats": [{"ci_99": [-457.8994302195497, 531.1921546584922], "q_25": 31.700904295081273, "q_75": 41.591820143861696, "min": 26.75544637069106, "max": 46.53727806825191, "mean": 36.646362219471484, "std": 9.890915848780423, "repeat": 2, "number": 2}]}, "casademo.calibration_suite.time_bandpass": {"result": [35.10471586557105], "stats": [{"ci_99": [-500.51380021544173, 570.7232319465834], "q_25": 29.748530704760924, "q_75": 40.46090102638118, "min": 24.392345543950796, "max": 45.81708618719131, "mean": 35.10471586557105, "std": 10.712370321620256, "repeat": 2, "number": 2}]}, "casademo.calibration_suite.time_gaincal": {"result": [49.59924329351634], "stats": [{"ci_99": [26.404745143838227, 72.79374144319442], "q_25": 49.36729831201956, "q_75": 49.83118827501312, "min": 49.135353330522776, "max": 50.0631332565099, "mean": 49.59924329351634, "std": 0.4638899629935622, "repeat": 2, "number": 2}]}, "casademo.flagdata_suite.time_flagdata_bandpassflag": {"result": [9.151910071261227], "stats": [{"ci_99": [7.75008403044194, 10.553736112080513], "q_25": 9.137891810853034, "q_75": 9.16592833166942, "min": 9.123873550444841, "max": 9.179946592077613, "mean": 9.151910071261227, "std": 0.028036520816385746, "repeat": 2, "number": 2}]}, "casademo.flagdata_suite.time_flagdata_list": {"result": [111.16001224098727], "stats": [{"ci_99": [107.11801398964599, 115.20201049232855], "q_25": 111.11959225847386, "q_75": 111.20043222350068, "min": 111.07917227596045, "max": 111.2408522060141, "mean": 111.16001224098727, "std": 0.08083996502682567, "repeat": 2, "number": 2}]}, "casademo.flagdata_suite.time_flagdata_list_summary": {"result": [11.863835693337023], "stats": [{"ci_99": [8.005033644847572, 15.722637741826471], "q_25": 11.825247672852129, "q_75": 11.902423713821918, "min": 11.786659652367234, "max": 11.941011734306812, "mean": 11.863835693337023, "std": 0.07717604096978903, "repeat": 2, "number": 2}]}, "casademo.flagdata_suite.time_flagdata_summary": {"result": [11.490221274551004], "stats": [{"ci_99": [-1.1683849389664829, 24.14882748806848], "q_25": 11.36363521241583, "q_75": 11.616807336686179, "min": 11.237049150280654, "max": 11.743393398821354, "mean": 11.490221274551004, "std": 0.25317212427034974, "repeat": 2, "number": 2}]}, "casademo.tclean_memory_suite.peakmem_tclean_setweighting": 1961078784, "casademo.tclean_memory_suite.track_tclean_file_descriptors_cubemode_mosaic_briggs": 128}, "params": {"arch": "x86_64", "cpu": "Intel(R) Xeon(R) CPU E5-1660 v4 @ 3.20GHz", "machine": "NRAO workstation", "num_cpu": "16", "os": "Linux 3.10.0-1160.15.2.el7.x86_64", "ram": "32GB", "python": "3.6", "pip+casatasks": "trunk"}, "requirements": {"pip+casatasks": "trunk"}, "commit_hash": "37b9987b71a7fb69618710780bef743c648991e4", "date": 1631796392000, "env_name": "virtualenv-py3.6-pip+casatasks-trunk", "python": "3.6", "profiles": {}, "started_at": {"casademo.calibration_suite.time_applycal_callib": 1637171760907, "casademo.calibration_suite.time_bandpass": 1637171838750, "casademo.calibration_suite.time_gaincal": 1637171956542, "casademo.flagdata_suite.time_flagdata_bandpassflag": 1637172080052, "casademo.flagdata_suite.time_flagdata_list": 1637172098348, "casademo.flagdata_suite.time_flagdata_list_summary": 1637172320595, "casademo.flagdata_suite.time_flagdata_summary": 1637172344253, "casademo.tclean_memory_suite.peakmem_tclean_setweighting": 1637172366758, "casademo.tclean_memory_suite.track_tclean_file_descriptors_cubemode_mosaic_briggs": 1637172538678}, "ended_at": {"casademo.calibration_suite.time_applycal_callib": 1637171838750, "casademo.calibration_suite.time_bandpass": 1637171956542, "casademo.calibration_suite.time_gaincal": 1637172080049, "casademo.flagdata_suite.time_flagdata_bandpassflag": 1637172098348, "casademo.flagdata_suite.time_flagdata_list": 1637172320594, "casademo.flagdata_suite.time_flagdata_list_summary": 1637172344252, "casademo.flagdata_suite.time_flagdata_summary": 1637172366757, "casademo.tclean_memory_suite.peakmem_tclean_setweighting": 1637172538678, "casademo.tclean_memory_suite.track_tclean_file_descriptors_cubemode_mosaic_briggs": 1637172708159}, "benchmark_version": {"casademo.calibration_suite.time_applycal_callib": "9ef394762fe7135f58c94c0e46a655fae93e7d107904ceff94d228f23b89a589", "casademo.calibration_suite.time_bandpass": "f706aa044f6bc64b915996b7bdd6bc5666cae0eb7c47ff9a70b5bced6c9fbd0c", "casademo.calibration_suite.time_gaincal": "56f8a9022caccdafe4240fb9a2766b2d5d56cc1c784bd724822d3b040f5b5309", "casademo.flagdata_suite.time_flagdata_bandpassflag": "f55e0ffa6be9d655555c5081a0e7bf2bc00b253273ba7c220de0bd2cfb3baf6c", "casademo.flagdata_suite.time_flagdata_list": "1a40b66ffb4a43d48af3407bae817ed4f7667fe778880859384f5f2e7c9c5d1f", "casademo.flagdata_suite.time_flagdata_list_summary": "3eb284062687484026a1defb4fceb705e83b244e37405f8794d431940ff44b08", "casademo.flagdata_suite.time_flagdata_summary": "9e569fb4e2a2f68e59c510bbf889632173be867104a4e5ba5a98d0eb110e82fb", "casademo.tclean_memory_suite.peakmem_tclean_setweighting": "c89589301c2c884b40375d00ec2f343d5ebdc195afbfc70ae2f149be692e8187", "casademo.tclean_memory_suite.track_tclean_file_descriptors_cubemode_mosaic_briggs": "e3aeb6edf33f78d2db6d58dfc61576924a9768f7a205164fcd839666bde1ae63"}, "version": 1}
