{"results": {"casademo.tclean_memory_suite.peakmem_tclean_setweighting": 2154717184, "casademo.calibration_suite.time_applycal_callib": {"result": [34.77924355189316], "stats": [{"ci_99": [-360.29100686195306, 429.84949396573904], "q_25": 30.828541047754698, "q_75": 38.72994605603162, "min": 26.877838543616235, "max": 42.680648560170084, "mean": 34.77924355189316, "std": 7.9014050082769245, "repeat": 2, "number": 2}]}, "casademo.calibration_suite.time_bandpass": {"result": [24.51279319403693], "stats": [{"ci_99": [22.91417291900143, 26.11141346907243], "q_25": 24.496806991286576, "q_75": 24.528779396787286, "min": 24.48082078853622, "max": 24.54476559953764, "mean": 24.51279319403693, "std": 0.03197240550071001, "repeat": 2, "number": 2}]}, "casademo.calibration_suite.time_gaincal": {"result": [49.727787541924044], "stats": [{"ci_99": [32.4326943710912, 67.02288071275687], "q_25": 49.554836610215716, "q_75": 49.90073847363237, "min": 49.38188567850739, "max": 50.0736894053407, "mean": 49.727787541924044, "std": 0.34590186341665685, "repeat": 2, "number": 2}]}, "casademo.flagdata_suite.time_flagdata_bandpassflag": {"result": [31.873268254334107], "stats": [{"ci_99": [30.852241329615936, 32.89429517905228], "q_25": 31.863057985086925, "q_75": 31.88347852358129, "min": 31.852847715839744, "max": 31.89368879282847, "mean": 31.873268254334107, "std": 0.020420538494363427, "repeat": 2, "number": 2}]}, "casademo.flagdata_suite.time_flagdata_list": {"result": [134.41175086190924], "stats": [{"ci_99": [131.68483768822625, 137.13866403559223], "q_25": 134.3844817301724, "q_75": 134.43901999364607, "min": 134.35721259843558, "max": 134.4662891253829, "mean": 134.41175086190924, "std": 0.054538263473659754, "repeat": 2, "number": 2}]}, "casademo.flagdata_suite.time_flagdata_list_summary": {"result": [34.64584240899421], "stats": [{"ci_99": [34.028065632795915, 35.26361918519251], "q_25": 34.63966464123223, "q_75": 34.652020176756196, "min": 34.63348687347025, "max": 34.65819794451818, "mean": 34.64584240899421, "std": 0.012355535523965955, "repeat": 2, "number": 2}]}, "casademo.flagdata_suite.time_flagdata_summary": {"result": [34.329359204508364], "stats": [{"ci_99": [33.91769141331315, 34.74102699570358], "q_25": 34.32524252659641, "q_75": 34.333475882420316, "min": 34.32112584868446, "max": 34.33759256033227, "mean": 34.329359204508364, "std": 0.008233355823904276, "repeat": 2, "number": 2}]}}, "params": {"arch": "x86_64", "cpu": "Intel(R) Xeon(R) CPU E5-1660 v4 @ 3.20GHz", "machine": "NRAO workstation", "num_cpu": "16", "os": "Linux 3.10.0-1160.15.2.el7.x86_64", "ram": "32GB", "python": "3.6", "pip+casatools": "trunk", "pip+casatasks": "trunk"}, "requirements": {"pip+casatools": "trunk", "pip+casatasks": "trunk"}, "commit_hash": "38617f676061ea45a749a21e53fa03df8a27d42c", "date": 1624563681000, "env_name": "virtualenv-py3.6-pip+casatasks-trunk-pip+casatools-trunk", "python": "3.6", "profiles": {}, "started_at": {"casademo.tclean_memory_suite.peakmem_tclean_setweighting": 1630188908547, "casademo.calibration_suite.time_applycal_callib": 1630188112880, "casademo.calibration_suite.time_bandpass": 1630188239339, "casademo.calibration_suite.time_gaincal": 1630188313825, "casademo.flagdata_suite.time_flagdata_bandpassflag": 1630188437888, "casademo.flagdata_suite.time_flagdata_list": 1630188501733, "casademo.flagdata_suite.time_flagdata_list_summary": 1630188770532, "casademo.flagdata_suite.time_flagdata_summary": 1630188839841}, "ended_at": {"casademo.tclean_memory_suite.peakmem_tclean_setweighting": 1630189095657, "casademo.calibration_suite.time_applycal_callib": 1630188239339, "casademo.calibration_suite.time_bandpass": 1630188313825, "casademo.calibration_suite.time_gaincal": 1630188437882, "casademo.flagdata_suite.time_flagdata_bandpassflag": 1630188501733, "casademo.flagdata_suite.time_flagdata_list": 1630188770532, "casademo.flagdata_suite.time_flagdata_list_summary": 1630188839841, "casademo.flagdata_suite.time_flagdata_summary": 1630188908547}, "benchmark_version": {"casademo.calibration_suite.time_applycal_callib": "9ef394762fe7135f58c94c0e46a655fae93e7d107904ceff94d228f23b89a589", "casademo.calibration_suite.time_bandpass": "f706aa044f6bc64b915996b7bdd6bc5666cae0eb7c47ff9a70b5bced6c9fbd0c", "casademo.calibration_suite.time_gaincal": "56f8a9022caccdafe4240fb9a2766b2d5d56cc1c784bd724822d3b040f5b5309", "casademo.flagdata_suite.time_flagdata_bandpassflag": "f55e0ffa6be9d655555c5081a0e7bf2bc00b253273ba7c220de0bd2cfb3baf6c", "casademo.flagdata_suite.time_flagdata_list": "1a40b66ffb4a43d48af3407bae817ed4f7667fe778880859384f5f2e7c9c5d1f", "casademo.flagdata_suite.time_flagdata_list_summary": "3eb284062687484026a1defb4fceb705e83b244e37405f8794d431940ff44b08", "casademo.flagdata_suite.time_flagdata_summary": "9e569fb4e2a2f68e59c510bbf889632173be867104a4e5ba5a98d0eb110e82fb", "casademo.tclean_memory_suite.peakmem_tclean_setweighting": "b08240b9d9211ba7e2ce323aae697e4b25deb8a6db4c5e2e48519cedc4707769"}, "version": 1}
