{"results": {"casademo.tclean_memory_suite.peakmem_tclean_setweighting": 2154594304, "casademo.calibration_suite.time_applycal_callib": {"result": [37.07588063366711], "stats": [{"ci_99": [-426.513252758421, 500.66501402575483], "q_25": 32.43998929974623, "q_75": 41.71177196758799, "min": 27.80409796582535, "max": 46.347663301508874, "mean": 37.07588063366711, "std": 9.271782667841762, "repeat": 2, "number": 2}]}, "casademo.calibration_suite.time_bandpass": {"result": [25.652712379116565], "stats": [{"ci_99": [20.667518401052803, 30.637906357180324], "q_25": 25.602860439335927, "q_75": 25.702564318897203, "min": 25.55300849955529, "max": 25.75241625867784, "mean": 25.652712379116565, "std": 0.09970387956127524, "repeat": 2, "number": 2}]}, "casademo.calibration_suite.time_gaincal": {"result": [51.25141887948848], "stats": [{"ci_99": [45.340288619278, 57.16254913969896], "q_25": 51.19230757688638, "q_75": 51.31053018209059, "min": 51.13319627428427, "max": 51.36964148469269, "mean": 51.25141887948848, "std": 0.11822260520420969, "repeat": 2, "number": 2}]}, "casademo.flagdata_suite.time_flagdata_bandpassflag": {"result": [32.20720564387739], "stats": [{"ci_99": [31.72860130108893, 32.685809986665845], "q_25": 32.2024196004495, "q_75": 32.21199168730527, "min": 32.19763355702162, "max": 32.216777730733156, "mean": 32.20720564387739, "std": 0.009572086855769157, "repeat": 2, "number": 2}]}, "casademo.flagdata_suite.time_flagdata_list": {"result": [135.09606313635595], "stats": [{"ci_99": [131.8492240596097, 138.3429022131022], "q_25": 135.0635947455885, "q_75": 135.1285315271234, "min": 135.03112635482103, "max": 135.16099991789088, "mean": 135.09606313635595, "std": 0.0649367815349251, "repeat": 2, "number": 2}]}, "casademo.flagdata_suite.time_flagdata_list_summary": {"result": [34.46437379857525], "stats": [{"ci_99": [17.506486233789474, 51.42226136336102], "q_25": 34.294794922927395, "q_75": 34.63395267422311, "min": 34.12521604727954, "max": 34.80353154987097, "mean": 34.46437379857525, "std": 0.33915775129571557, "repeat": 2, "number": 2}]}, "casademo.flagdata_suite.time_flagdata_summary": {"result": [33.83596194861457], "stats": [{"ci_99": [-5.213671713601798, 72.8855956108309], "q_25": 33.445465611992404, "q_75": 34.22645828523673, "min": 33.05496927537024, "max": 34.616954621858895, "mean": 33.83596194861457, "std": 0.7809926732443273, "repeat": 2, "number": 2}]}}, "params": {"arch": "x86_64", "cpu": "Intel(R) Xeon(R) CPU E5-1660 v4 @ 3.20GHz", "machine": "NRAO workstation", "num_cpu": "16", "os": "Linux 3.10.0-1160.15.2.el7.x86_64", "ram": "32GB", "python": "3.6", "pip+casatools": "6.3.0", "pip+casatasks": "6.3.0"}, "requirements": {"pip+casatools": "6.3.0", "pip+casatasks": "6.3.0"}, "commit_hash": "397b678f4206f922ce1551f9dc9963acf063309e", "date": 1624639811000, "env_name": "virtualenv-py3.6-pip+casatasks6.3.0.21-pip+casatools6.3.0.21", "python": "3.6", "profiles": {}, "started_at": {"casademo.tclean_memory_suite.peakmem_tclean_setweighting": 1629911161684, "casademo.calibration_suite.time_applycal_callib": 1629910362154, "casademo.calibration_suite.time_bandpass": 1629910487013, "casademo.calibration_suite.time_gaincal": 1629910563054, "casademo.flagdata_suite.time_flagdata_bandpassflag": 1629910688068, "casademo.flagdata_suite.time_flagdata_list": 1629910752565, "casademo.flagdata_suite.time_flagdata_list_summary": 1629911022717, "casademo.flagdata_suite.time_flagdata_summary": 1629911092375}, "ended_at": {"casademo.tclean_memory_suite.peakmem_tclean_setweighting": 1629911346924, "casademo.calibration_suite.time_applycal_callib": 1629910487012, "casademo.calibration_suite.time_bandpass": 1629910563054, "casademo.calibration_suite.time_gaincal": 1629910688060, "casademo.flagdata_suite.time_flagdata_bandpassflag": 1629910752565, "casademo.flagdata_suite.time_flagdata_list": 1629911022716, "casademo.flagdata_suite.time_flagdata_list_summary": 1629911092375, "casademo.flagdata_suite.time_flagdata_summary": 1629911161683}, "benchmark_version": {"casademo.tclean_memory_suite.peakmem_tclean_setweighting": "3fb5214d1e8e5bf8170efbe8114cd88b0e1e51db87c955bc588eb95ba91e4f71", "casademo.calibration_suite.time_applycal_callib": "1f6437b2270507d06f2c91c35b12dce1187d02851c4b0d0c872bbcfda3e5c4f6", "casademo.calibration_suite.time_bandpass": "a69d32cd1360ece09039f1051989506a7673f5a708021e87c81e0936374d64ce", "casademo.calibration_suite.time_gaincal": "70a393fa53b72183c406b9cc585dca7828b9b8d585b8077a80e0946ee81ebeb0", "casademo.flagdata_suite.time_flagdata_bandpassflag": "6bc01de4a73ffea44f2190b51350292cc1e1256989be0f26cc4ec77341df934a", "casademo.flagdata_suite.time_flagdata_list": "f4d15370d3c2c0c746d0c9c28b87ee190865ebfa9e210cc5773201bea0df7bf9", "casademo.flagdata_suite.time_flagdata_list_summary": "58e4c1cc3e1c3c5f723c910c861bad52078405a7026f0321526fad1a15b04ee3", "casademo.flagdata_suite.time_flagdata_summary": "7d302987a4e4e75e43325fd83f2c968688e4b8a56a6476db46a4fcc0bc003e95"}, "version": 1}
