{"results": {"casademo.tclean_memory_suite.peakmem_tclean_setweighting": 1865015296, "casademo.calibration_suite.time_applycal_callib": {"result": [39.99283132283017], "stats": [{"ci_99": [-76.02061154181138, 156.0062741874716], "q_25": 38.832696894183755, "q_75": 41.152965751476586, "min": 37.67256246553734, "max": 42.313100180123, "mean": 39.99283132283017, "std": 2.320268857292831, "repeat": 2, "number": 2}]}, "casademo.calibration_suite.time_bandpass": {"result": [24.556432558922097], "stats": [{"ci_99": [21.881150523433462, 27.23171459441073], "q_25": 24.52967973856721, "q_75": 24.583185379276983, "min": 24.502926918212324, "max": 24.60993819963187, "mean": 24.556432558922097, "std": 0.053505640709772706, "repeat": 2, "number": 2}]}, "casademo.calibration_suite.time_gaincal": {"result": [50.39024579199031], "stats": [{"ci_99": [48.493774401489645, 52.286717182490975], "q_25": 50.3712810780853, "q_75": 50.40921050589532, "min": 50.3523163641803, "max": 50.42817521980032, "mean": 50.39024579199031, "std": 0.037929427810013294, "repeat": 2, "number": 2}]}, "casademo.flagdata_suite.time_flagdata_bandpassflag": {"result": [5.649519999977201], "stats": [{"ci_99": [4.49092540377751, 6.808114596176892], "q_25": 5.637934054015204, "q_75": 5.661105945939198, "min": 5.626348108053207, "max": 5.672691891901195, "mean": 5.649519999977201, "std": 0.023171891923993826, "repeat": 2, "number": 2}]}, "casademo.flagdata_suite.time_flagdata_list": {"result": [107.10406167851761], "stats": [{"ci_99": [105.43710672715679, 108.77101662987843], "q_25": 107.087392129004, "q_75": 107.12073122803122, "min": 107.0707225794904, "max": 107.13740077754483, "mean": 107.10406167851761, "std": 0.033339099027216434, "repeat": 2, "number": 2}]}, "casademo.flagdata_suite.time_flagdata_list_summary": {"result": [7.932462841738015], "stats": [{"ci_99": [4.408953800331801, 11.455971883144226], "q_25": 7.897227751323953, "q_75": 7.9676979321520776, "min": 7.861992660909891, "max": 8.00293302256614, "mean": 7.932462841738015, "std": 0.07047018082812428, "repeat": 2, "number": 2}]}, "casademo.flagdata_suite.time_flagdata_summary": {"result": [7.505279330769554], "stats": [{"ci_99": [-1.165270171361044, 16.175828832900145], "q_25": 7.418573835748248, "q_75": 7.59198482579086, "min": 7.331868340726942, "max": 7.678690320812166, "mean": 7.505279330769554, "std": 0.17341099004261196, "repeat": 2, "number": 2}]}}, "params": {"arch": "x86_64", "cpu": "Intel(R) Xeon(R) CPU E5-1660 v4 @ 3.20GHz", "machine": "NRAO workstation", "num_cpu": "16", "os": "Linux 3.10.0-1160.15.2.el7.x86_64", "ram": "32GB", "python": "3.6", "pip+casatools": "6.2.0", "pip+casatasks": "6.2.0"}, "requirements": {"pip+casatools": "6.2.0", "pip+casatasks": "6.2.0"}, "commit_hash": "3d95cfc389b8cd8b147558d6ddbf983431e612eb", "date": 1601060566000, "env_name": "virtualenv-py3.6-pip+casatasks6.2.0.32-pip+casatools6.2.0.32", "python": "3.6", "profiles": {}, "started_at": {"casademo.tclean_memory_suite.peakmem_tclean_setweighting": 1630070217730, "casademo.calibration_suite.time_applycal_callib": 1630069634829, "casademo.calibration_suite.time_bandpass": 1630069761844, "casademo.calibration_suite.time_gaincal": 1630069837129, "casademo.flagdata_suite.time_flagdata_bandpassflag": 1630069960589, "casademo.flagdata_suite.time_flagdata_list": 1630069971920, "casademo.flagdata_suite.time_flagdata_list_summary": 1630070186249, "casademo.flagdata_suite.time_flagdata_summary": 1630070202340}, "ended_at": {"casademo.tclean_memory_suite.peakmem_tclean_setweighting": 1630070519351, "casademo.calibration_suite.time_applycal_callib": 1630069761844, "casademo.calibration_suite.time_bandpass": 1630069837128, "casademo.calibration_suite.time_gaincal": 1630069960582, "casademo.flagdata_suite.time_flagdata_bandpassflag": 1630069971919, "casademo.flagdata_suite.time_flagdata_list": 1630070186248, "casademo.flagdata_suite.time_flagdata_list_summary": 1630070202340, "casademo.flagdata_suite.time_flagdata_summary": 1630070217729}, "benchmark_version": {"casademo.tclean_memory_suite.peakmem_tclean_setweighting": "3fb5214d1e8e5bf8170efbe8114cd88b0e1e51db87c955bc588eb95ba91e4f71", "casademo.calibration_suite.time_applycal_callib": "1f6437b2270507d06f2c91c35b12dce1187d02851c4b0d0c872bbcfda3e5c4f6", "casademo.calibration_suite.time_bandpass": "a69d32cd1360ece09039f1051989506a7673f5a708021e87c81e0936374d64ce", "casademo.calibration_suite.time_gaincal": "70a393fa53b72183c406b9cc585dca7828b9b8d585b8077a80e0946ee81ebeb0", "casademo.flagdata_suite.time_flagdata_bandpassflag": "6bc01de4a73ffea44f2190b51350292cc1e1256989be0f26cc4ec77341df934a", "casademo.flagdata_suite.time_flagdata_list": "f4d15370d3c2c0c746d0c9c28b87ee190865ebfa9e210cc5773201bea0df7bf9", "casademo.flagdata_suite.time_flagdata_list_summary": "58e4c1cc3e1c3c5f723c910c861bad52078405a7026f0321526fad1a15b04ee3", "casademo.flagdata_suite.time_flagdata_summary": "7d302987a4e4e75e43325fd83f2c968688e4b8a56a6476db46a4fcc0bc003e95"}, "version": 1}
