{"results": {"casademo.calibration_suite.time_applycal_callib": {"result": [35.43534478498623], "stats": [{"ci_99": [-391.0424717296846, 461.91316129965674], "q_25": 31.17056661983952, "q_75": 39.700122950132936, "min": 26.90578845469281, "max": 43.964901115279645, "mean": 35.43534478498623, "std": 8.529556330293417, "repeat": 2, "number": 2}]}, "casademo.calibration_suite.time_bandpass": {"result": [24.536791959311813], "stats": [{"ci_99": [6.329189314041287, 42.744394604582325], "q_25": 24.354715932859108, "q_75": 24.71886798576452, "min": 24.172639906406403, "max": 24.900944012217224, "mean": 24.536791959311813, "std": 0.36415205290541053, "repeat": 2, "number": 2}]}, "casademo.calibration_suite.time_gaincal": {"result": [50.18205560464412], "stats": [{"ci_99": [-8.874124575406313, 109.2382357846945], "q_25": 49.591493802843615, "q_75": 50.772617406444624, "min": 49.00093200104311, "max": 51.36317920824513, "mean": 50.18205560464412, "std": 1.1811236036010087, "repeat": 2, "number": 2}]}, "casademo.flagdata_suite.time_flagdata_bandpassflag": {"result": [31.513321270933375], "stats": [{"ci_99": [30.791124304989353, 32.2355182368774], "q_25": 31.506099301273935, "q_75": 31.520543240592815, "min": 31.498877331614494, "max": 31.527765210252255, "mean": 31.513321270933375, "std": 0.014443939318880439, "repeat": 2, "number": 2}]}, "casademo.flagdata_suite.time_flagdata_list": {"result": [134.29559872415848], "stats": [{"ci_99": [127.39099077112041, 141.20020667719655], "q_25": 134.2265526446281, "q_75": 134.36464480368886, "min": 134.15750656509772, "max": 134.43369088321924, "mean": 134.29559872415848, "std": 0.13809215906076133, "repeat": 2, "number": 2}]}, "casademo.flagdata_suite.time_flagdata_list_summary": {"result": [34.06496320175938], "stats": [{"ci_99": [33.374188943067566, 34.7557374604512], "q_25": 34.058055459172465, "q_75": 34.0718709443463, "min": 34.05114771658555, "max": 34.07877868693322, "mean": 34.06496320175938, "std": 0.01381548517383635, "repeat": 2, "number": 2}]}, "casademo.flagdata_suite.time_flagdata_summary": {"result": [33.69450483471155], "stats": [{"ci_99": [33.050419092178345, 34.33859057724476], "q_25": 33.68806397728622, "q_75": 33.700945692136884, "min": 33.68162311986089, "max": 33.707386549562216, "mean": 33.69450483471155, "std": 0.012881714850664139, "repeat": 2, "number": 2}]}, "casademo.tclean_memory_suite.peakmem_tclean_setweighting": 2032852992}, "params": {"arch": "x86_64", "cpu": "Intel(R) Xeon(R) CPU E5-1660 v4 @ 3.20GHz", "machine": "NRAO workstation", "num_cpu": "16", "os": "Linux 3.10.0-1160.15.2.el7.x86_64", "ram": "32GB", "python": "3.6", "pip+casatools": "6.2.0", "pip+casatasks": "6.2.0"}, "requirements": {"pip+casatools": "6.2.0", "pip+casatasks": "6.2.0"}, "commit_hash": "3f06f307e5b7f19da90f54089cc738a942a6a5ac", "date": 1611300034000, "env_name": "virtualenv-py3.6-pip+casatasks6.2.0.76-pip+casatools6.2.0.76", "python": "3.6", "profiles": {}, "started_at": {"casademo.calibration_suite.time_applycal_callib": 1629977239128, "casademo.calibration_suite.time_bandpass": 1629977316320, "casademo.calibration_suite.time_gaincal": 1629977390804, "casademo.flagdata_suite.time_flagdata_bandpassflag": 1629977515519, "casademo.flagdata_suite.time_flagdata_list": 1629977578562, "casademo.flagdata_suite.time_flagdata_list_summary": 1629977846960, "casademo.flagdata_suite.time_flagdata_summary": 1629977915135, "casademo.tclean_memory_suite.peakmem_tclean_setweighting": 1629977982589}, "ended_at": {"casademo.calibration_suite.time_applycal_callib": 1629977316320, "casademo.calibration_suite.time_bandpass": 1629977390804, "casademo.calibration_suite.time_gaincal": 1629977515511, "casademo.flagdata_suite.time_flagdata_bandpassflag": 1629977578562, "casademo.flagdata_suite.time_flagdata_list": 1629977846959, "casademo.flagdata_suite.time_flagdata_list_summary": 1629977915135, "casademo.flagdata_suite.time_flagdata_summary": 1629977982588, "casademo.tclean_memory_suite.peakmem_tclean_setweighting": 1629978577220}, "benchmark_version": {"casademo.calibration_suite.time_applycal_callib": "9ef394762fe7135f58c94c0e46a655fae93e7d107904ceff94d228f23b89a589", "casademo.calibration_suite.time_bandpass": "f706aa044f6bc64b915996b7bdd6bc5666cae0eb7c47ff9a70b5bced6c9fbd0c", "casademo.calibration_suite.time_gaincal": "56f8a9022caccdafe4240fb9a2766b2d5d56cc1c784bd724822d3b040f5b5309", "casademo.flagdata_suite.time_flagdata_bandpassflag": "f55e0ffa6be9d655555c5081a0e7bf2bc00b253273ba7c220de0bd2cfb3baf6c", "casademo.flagdata_suite.time_flagdata_list": "1a40b66ffb4a43d48af3407bae817ed4f7667fe778880859384f5f2e7c9c5d1f", "casademo.flagdata_suite.time_flagdata_list_summary": "3eb284062687484026a1defb4fceb705e83b244e37405f8794d431940ff44b08", "casademo.flagdata_suite.time_flagdata_summary": "9e569fb4e2a2f68e59c510bbf889632173be867104a4e5ba5a98d0eb110e82fb", "casademo.tclean_memory_suite.peakmem_tclean_setweighting": "b08240b9d9211ba7e2ce323aae697e4b25deb8a6db4c5e2e48519cedc4707769"}, "version": 1}
