{"results": {"casademo.calibration_suite.time_applycal_callib": {"result": [35.43534478498623], "stats": [{"ci_99": [-391.0424717296846, 461.91316129965674], "q_25": 31.17056661983952, "q_75": 39.700122950132936, "min": 26.90578845469281, "max": 43.964901115279645, "mean": 35.43534478498623, "std": 8.529556330293417, "repeat": 2, "number": 2}]}, "casademo.calibration_suite.time_bandpass": {"result": [24.536791959311813], "stats": [{"ci_99": [6.329189314041287, 42.744394604582325], "q_25": 24.354715932859108, "q_75": 24.71886798576452, "min": 24.172639906406403, "max": 24.900944012217224, "mean": 24.536791959311813, "std": 0.36415205290541053, "repeat": 2, "number": 2}]}, "casademo.calibration_suite.time_gaincal": {"result": [50.18205560464412], "stats": [{"ci_99": [-8.874124575406313, 109.2382357846945], "q_25": 49.591493802843615, "q_75": 50.772617406444624, "min": 49.00093200104311, "max": 51.36317920824513, "mean": 50.18205560464412, "std": 1.1811236036010087, "repeat": 2, "number": 2}]}, "casademo.flagdata_suite.time_flagdata_bandpassflag": {"result": [31.513321270933375], "stats": [{"ci_99": [30.791124304989353, 32.2355182368774], "q_25": 31.506099301273935, "q_75": 31.520543240592815, "min": 31.498877331614494, "max": 31.527765210252255, "mean": 31.513321270933375, "std": 0.014443939318880439, "repeat": 2, "number": 2}]}, "casademo.flagdata_suite.time_flagdata_list": {"result": [134.29559872415848], "stats": [{"ci_99": [127.39099077112041, 141.20020667719655], "q_25": 134.2265526446281, "q_75": 134.36464480368886, "min": 134.15750656509772, "max": 134.43369088321924, "mean": 134.29559872415848, "std": 0.13809215906076133, "repeat": 2, "number": 2}]}, "casademo.flagdata_suite.time_flagdata_list_summary": {"result": [34.06496320175938], "stats": [{"ci_99": [33.374188943067566, 34.7557374604512], "q_25": 34.058055459172465, "q_75": 34.0718709443463, "min": 34.05114771658555, "max": 34.07877868693322, "mean": 34.06496320175938, "std": 0.01381548517383635, "repeat": 2, "number": 2}]}, "casademo.flagdata_suite.time_flagdata_summary": {"result": [33.69450483471155], "stats": [{"ci_99": [33.050419092178345, 34.33859057724476], "q_25": 33.68806397728622, "q_75": 33.700945692136884, "min": 33.68162311986089, "max": 33.707386549562216, "mean": 33.69450483471155, "std": 0.012881714850664139, "repeat": 2, "number": 2}]}, "casademo.tclean_memory_suite.peakmem_tclean_setweighting": 2032852992}, "params": {"arch": "x86_64", "cpu": "Intel(R) Xeon(R) CPU E5-1660 v4 @ 3.20GHz", "machine": "NRAO workstation", "num_cpu": "16", "os": "Linux 3.10.0-1160.15.2.el7.x86_64", "ram": "32GB", "python": "3.6", "pip+casatools": "6.2.0", "pip+casatasks": "6.2.0"}, "requirements": {"pip+casatools": "6.2.0", "pip+casatasks": "6.2.0"}, "commit_hash": "3f06f307e5b7f19da90f54089cc738a942a6a5ac", "date": 1611300034000, "env_name": "virtualenv-py3.6-pip+casatasks6.2.0.76-pip+casatools6.2.0.76", "python": "3.6", "profiles": {}, "started_at": {"casademo.calibration_suite.time_applycal_callib": 1629977239128, "casademo.calibration_suite.time_bandpass": 1629977316320, "casademo.calibration_suite.time_gaincal": 1629977390804, "casademo.flagdata_suite.time_flagdata_bandpassflag": 1629977515519, "casademo.flagdata_suite.time_flagdata_list": 1629977578562, "casademo.flagdata_suite.time_flagdata_list_summary": 1629977846960, "casademo.flagdata_suite.time_flagdata_summary": 1629977915135, "casademo.tclean_memory_suite.peakmem_tclean_setweighting": 1629977982589}, "ended_at": {"casademo.calibration_suite.time_applycal_callib": 1629977316320, "casademo.calibration_suite.time_bandpass": 1629977390804, "casademo.calibration_suite.time_gaincal": 1629977515511, "casademo.flagdata_suite.time_flagdata_bandpassflag": 1629977578562, "casademo.flagdata_suite.time_flagdata_list": 1629977846959, "casademo.flagdata_suite.time_flagdata_list_summary": 1629977915135, "casademo.flagdata_suite.time_flagdata_summary": 1629977982588, "casademo.tclean_memory_suite.peakmem_tclean_setweighting": 1629978577220}, "benchmark_version": {"casademo.calibration_suite.time_applycal_callib": "1f6437b2270507d06f2c91c35b12dce1187d02851c4b0d0c872bbcfda3e5c4f6", "casademo.calibration_suite.time_bandpass": "a69d32cd1360ece09039f1051989506a7673f5a708021e87c81e0936374d64ce", "casademo.calibration_suite.time_gaincal": "70a393fa53b72183c406b9cc585dca7828b9b8d585b8077a80e0946ee81ebeb0", "casademo.flagdata_suite.time_flagdata_bandpassflag": "6bc01de4a73ffea44f2190b51350292cc1e1256989be0f26cc4ec77341df934a", "casademo.flagdata_suite.time_flagdata_list": "f4d15370d3c2c0c746d0c9c28b87ee190865ebfa9e210cc5773201bea0df7bf9", "casademo.flagdata_suite.time_flagdata_list_summary": "58e4c1cc3e1c3c5f723c910c861bad52078405a7026f0321526fad1a15b04ee3", "casademo.flagdata_suite.time_flagdata_summary": "7d302987a4e4e75e43325fd83f2c968688e4b8a56a6476db46a4fcc0bc003e95", "casademo.tclean_memory_suite.peakmem_tclean_setweighting": "3fb5214d1e8e5bf8170efbe8114cd88b0e1e51db87c955bc588eb95ba91e4f71"}, "version": 1}
