{"results": {"casademo.calibration_suite.time_applycal_callib": {"result": [25.034975674003363], "stats": [{"ci_99": [-13.100921042263508, 63.1708723902702], "q_25": 24.653616706840694, "q_75": 25.41633464116603, "min": 24.272257739678025, "max": 25.7976936083287, "mean": 25.034975674003363, "std": 0.7627179343253374, "repeat": 2, "number": 2}]}, "casademo.calibration_suite.time_bandpass": {"result": [23.78159006126225], "stats": [{"ci_99": [20.758504760451615, 26.80467536207288], "q_25": 23.751359208254144, "q_75": 23.811820914270356, "min": 23.721128355246037, "max": 23.842051767278463, "mean": 23.78159006126225, "std": 0.0604617060162127, "repeat": 2, "number": 2}]}, "casademo.calibration_suite.time_gaincal": {"result": [49.30156059889123], "stats": [{"ci_99": [34.74805583572015, 63.85506536206229], "q_25": 49.15602555125952, "q_75": 49.44709564652294, "min": 49.01049050362781, "max": 49.59263069415465, "mean": 49.30156059889123, "std": 0.29107009526342154, "repeat": 2, "number": 2}]}, "casademo.flagdata_suite.time_flagdata_bandpassflag": {"result": [7.535354972817004], "stats": [{"ci_99": [3.9099786831066012, 11.160731262527403], "q_25": 7.4991012099199, "q_75": 7.571608735714108, "min": 7.462847447022796, "max": 7.607862498611212, "mean": 7.535354972817004, "std": 0.07250752579420805, "repeat": 2, "number": 2}]}, "casademo.flagdata_suite.time_flagdata_list": {"result": [119.5019789331127], "stats": [{"ci_99": [119.3248963158112, 119.67906155041419], "q_25": 119.50020810693968, "q_75": 119.50374975928571, "min": 119.49843728076667, "max": 119.50552058545873, "mean": 119.5019789331127, "std": 0.0035416523460298777, "repeat": 2, "number": 2}]}, "casademo.flagdata_suite.time_flagdata_list_summary": {"result": [9.534847740549594], "stats": [{"ci_99": [7.377099529374391, 11.692595951724796], "q_25": 9.513270258437842, "q_75": 9.556425222661346, "min": 9.49169277632609, "max": 9.578002704773098, "mean": 9.534847740549594, "std": 0.043154964223504066, "repeat": 2, "number": 2}]}, "casademo.flagdata_suite.time_flagdata_summary": {"result": [9.215852078516036], "stats": [{"ci_99": [9.06402754643932, 9.367676610592753], "q_25": 9.214333833195269, "q_75": 9.217370323836803, "min": 9.212815587874502, "max": 9.21888856915757, "mean": 9.215852078516036, "std": 0.0030364906415343285, "repeat": 2, "number": 2}]}, "casademo.tclean_memory_suite.peakmem_tclean_setweighting": 1978687488}, "params": {"arch": "x86_64", "cpu": "Intel(R) Xeon(R) CPU E5-1660 v4 @ 3.20GHz", "machine": "NRAO workstation", "num_cpu": "16", "os": "Linux 3.10.0-1160.15.2.el7.x86_64", "ram": "32GB", "python": "3.6", "pip+casatools": "6.2.0", "pip+casatasks": "6.2.0"}, "requirements": {"pip+casatools": "6.2.0", "pip+casatasks": "6.2.0"}, "commit_hash": "3f995c52a8bbcd4279e67400eb8dc1f7e9c3c0cd", "date": 1598874405000, "env_name": "virtualenv-py3.6-pip+casatasks6.2.0.20-pip+casatools6.2.0.20", "python": "3.6", "profiles": {}, "started_at": {"casademo.calibration_suite.time_applycal_callib": 1630176689007, "casademo.calibration_suite.time_bandpass": 1630176762289, "casademo.calibration_suite.time_gaincal": 1630176838151, "casademo.flagdata_suite.time_flagdata_bandpassflag": 1630176961563, "casademo.flagdata_suite.time_flagdata_list": 1630176976552, "casademo.flagdata_suite.time_flagdata_list_summary": 1630177215637, "casademo.flagdata_suite.time_flagdata_summary": 1630177234684, "casademo.tclean_memory_suite.peakmem_tclean_setweighting": 1630177253181}, "ended_at": {"casademo.calibration_suite.time_applycal_callib": 1630176762289, "casademo.calibration_suite.time_bandpass": 1630176838151, "casademo.calibration_suite.time_gaincal": 1630176961558, "casademo.flagdata_suite.time_flagdata_bandpassflag": 1630176976551, "casademo.flagdata_suite.time_flagdata_list": 1630177215636, "casademo.flagdata_suite.time_flagdata_list_summary": 1630177234684, "casademo.flagdata_suite.time_flagdata_summary": 1630177253180, "casademo.tclean_memory_suite.peakmem_tclean_setweighting": 1630177540134}, "benchmark_version": {"casademo.calibration_suite.time_applycal_callib": "1f6437b2270507d06f2c91c35b12dce1187d02851c4b0d0c872bbcfda3e5c4f6", "casademo.calibration_suite.time_bandpass": "a69d32cd1360ece09039f1051989506a7673f5a708021e87c81e0936374d64ce", "casademo.calibration_suite.time_gaincal": "70a393fa53b72183c406b9cc585dca7828b9b8d585b8077a80e0946ee81ebeb0", "casademo.flagdata_suite.time_flagdata_bandpassflag": "6bc01de4a73ffea44f2190b51350292cc1e1256989be0f26cc4ec77341df934a", "casademo.flagdata_suite.time_flagdata_list": "f4d15370d3c2c0c746d0c9c28b87ee190865ebfa9e210cc5773201bea0df7bf9", "casademo.flagdata_suite.time_flagdata_list_summary": "58e4c1cc3e1c3c5f723c910c861bad52078405a7026f0321526fad1a15b04ee3", "casademo.flagdata_suite.time_flagdata_summary": "7d302987a4e4e75e43325fd83f2c968688e4b8a56a6476db46a4fcc0bc003e95", "casademo.tclean_memory_suite.peakmem_tclean_setweighting": "3fb5214d1e8e5bf8170efbe8114cd88b0e1e51db87c955bc588eb95ba91e4f71"}, "version": 1}
