{"results": {"casademo.tclean_memory_suite.peakmem_tclean_setweighting": 1959518208, "casademo.calibration_suite.time_applycal_callib": {"result": [28.903493331046775], "stats": [{"ci_99": [-155.15512713533826, 212.96211379743164], "q_25": 27.062907126382925, "q_75": 30.744079535710625, "min": 25.222320921719074, "max": 32.584665740374476, "mean": 28.903493331046775, "std": 3.6811724093277007, "repeat": 2, "number": 2}]}, "casademo.calibration_suite.time_bandpass": {"result": [24.499252710025758], "stats": [{"ci_99": [6.13727766694501, 42.86122775310649], "q_25": 24.31563295959495, "q_75": 24.682872460456565, "min": 24.132013209164143, "max": 24.866492210887372, "mean": 24.499252710025758, "std": 0.36723950086161494, "repeat": 2, "number": 2}]}, "casademo.calibration_suite.time_gaincal": {"result": [50.63099997444078], "stats": [{"ci_99": [31.753157324623317, 69.50884262425824], "q_25": 50.44222154794261, "q_75": 50.81977840093896, "min": 50.253443121444434, "max": 51.00855682743713, "mean": 50.63099997444078, "std": 0.37755685299634933, "repeat": 2, "number": 2}]}, "casademo.flagdata_suite.time_flagdata_bandpassflag": {"result": [9.048630302771926], "stats": [{"ci_99": [4.657565970905125, 13.439694634638723], "q_25": 9.004719659453258, "q_75": 9.092540946090594, "min": 8.96080901613459, "max": 9.136451589409262, "mean": 9.048630302771926, "std": 0.08782128663733602, "repeat": 2, "number": 2}]}, "casademo.flagdata_suite.time_flagdata_list": {"result": [111.01115274894983], "stats": [{"ci_99": [106.85214373469353, 115.17016176320612], "q_25": 110.96956265880726, "q_75": 111.05274283909239, "min": 110.9279725686647, "max": 111.09433292923495, "mean": 111.01115274894983, "std": 0.08318018028512597, "repeat": 2, "number": 2}]}, "casademo.flagdata_suite.time_flagdata_list_summary": {"result": [11.859591756248847], "stats": [{"ci_99": [11.637900976231322, 12.081282536266372], "q_25": 11.857374848448671, "q_75": 11.861808664049022, "min": 11.855157940648496, "max": 11.864025571849197, "mean": 11.859591756248847, "std": 0.004433815600350499, "repeat": 2, "number": 2}]}, "casademo.flagdata_suite.time_flagdata_summary": {"result": [11.526728878030553], "stats": [{"ci_99": [11.219018793432042, 11.834438962629065], "q_25": 11.523651777184568, "q_75": 11.529805978876539, "min": 11.520574676338583, "max": 11.532883079722524, "mean": 11.526728878030553, "std": 0.006154201691970229, "repeat": 2, "number": 2}]}}, "params": {"arch": "x86_64", "cpu": "Intel(R) Xeon(R) CPU E5-1660 v4 @ 3.20GHz", "machine": "NRAO workstation", "num_cpu": "16", "os": "Linux 3.10.0-1160.15.2.el7.x86_64", "ram": "32GB", "python": "3.6", "pip+casatools": "6.3.0", "pip+casatasks": "6.3.0"}, "requirements": {"pip+casatools": "6.3.0", "pip+casatasks": "6.3.0"}, "commit_hash": "41fbe8285538e300c1d6d76cea7c226b7196f1d6", "date": 1628024782000, "env_name": "virtualenv-py3.6-pip+casatasks6.3.0.35-pip+casatools6.3.0.35", "python": "3.6", "profiles": {}, "started_at": {"casademo.tclean_memory_suite.peakmem_tclean_setweighting": 1630083762540, "casademo.calibration_suite.time_applycal_callib": 1630083163167, "casademo.calibration_suite.time_bandpass": 1630083276286, "casademo.calibration_suite.time_gaincal": 1630083351574, "casademo.flagdata_suite.time_flagdata_bandpassflag": 1630083475035, "casademo.flagdata_suite.time_flagdata_list": 1630083493381, "casademo.flagdata_suite.time_flagdata_list_summary": 1630083715626, "casademo.flagdata_suite.time_flagdata_summary": 1630083739434}, "ended_at": {"casademo.tclean_memory_suite.peakmem_tclean_setweighting": 1630083934536, "casademo.calibration_suite.time_applycal_callib": 1630083276285, "casademo.calibration_suite.time_bandpass": 1630083351573, "casademo.calibration_suite.time_gaincal": 1630083475028, "casademo.flagdata_suite.time_flagdata_bandpassflag": 1630083493381, "casademo.flagdata_suite.time_flagdata_list": 1630083715625, "casademo.flagdata_suite.time_flagdata_list_summary": 1630083739433, "casademo.flagdata_suite.time_flagdata_summary": 1630083762540}, "benchmark_version": {"casademo.calibration_suite.time_applycal_callib": "9ef394762fe7135f58c94c0e46a655fae93e7d107904ceff94d228f23b89a589", "casademo.calibration_suite.time_bandpass": "f706aa044f6bc64b915996b7bdd6bc5666cae0eb7c47ff9a70b5bced6c9fbd0c", "casademo.calibration_suite.time_gaincal": "56f8a9022caccdafe4240fb9a2766b2d5d56cc1c784bd724822d3b040f5b5309", "casademo.flagdata_suite.time_flagdata_bandpassflag": "f55e0ffa6be9d655555c5081a0e7bf2bc00b253273ba7c220de0bd2cfb3baf6c", "casademo.flagdata_suite.time_flagdata_list": "1a40b66ffb4a43d48af3407bae817ed4f7667fe778880859384f5f2e7c9c5d1f", "casademo.flagdata_suite.time_flagdata_list_summary": "3eb284062687484026a1defb4fceb705e83b244e37405f8794d431940ff44b08", "casademo.flagdata_suite.time_flagdata_summary": "9e569fb4e2a2f68e59c510bbf889632173be867104a4e5ba5a98d0eb110e82fb", "casademo.tclean_memory_suite.peakmem_tclean_setweighting": "b08240b9d9211ba7e2ce323aae697e4b25deb8a6db4c5e2e48519cedc4707769"}, "version": 1}
