{"results": {"casademo.calibration_suite.time_applycal_callib": {"result": [26.988151834812015], "stats": [{"ci_99": [14.804947192315012, 39.171356477309004], "q_25": 26.866319788387045, "q_75": 27.109983881236985, "min": 26.744487741962075, "max": 27.231815927661955, "mean": 26.988151834812015, "std": 0.24366409284994006, "repeat": 2, "number": 2}]}, "casademo.calibration_suite.time_bandpass": {"result": [24.2716459101066], "stats": [{"ci_99": [4.714442767202854, 43.82884905301033], "q_25": 24.076073878677562, "q_75": 24.467217941535637, "min": 23.880501847248524, "max": 24.662789972964674, "mean": 24.2716459101066, "std": 0.3911440628580749, "repeat": 2, "number": 2}]}, "casademo.calibration_suite.time_gaincal": {"result": [50.27757469494827], "stats": [{"ci_99": [43.090002212440595, 57.46514717745594], "q_25": 50.205698970123194, "q_75": 50.34945041977335, "min": 50.13382324529812, "max": 50.421326144598424, "mean": 50.27757469494827, "std": 0.14375144965015352, "repeat": 2, "number": 2}]}, "casademo.flagdata_suite.time_flagdata_bandpassflag": {"result": [31.504358378937468], "stats": [{"ci_99": [31.260777280898765, 31.74793947697617], "q_25": 31.50192256795708, "q_75": 31.506794189917855, "min": 31.499486756976694, "max": 31.509230000898242, "mean": 31.504358378937468, "std": 0.004871621960774064, "repeat": 2, "number": 2}]}, "casademo.flagdata_suite.time_flagdata_list": {"result": [133.67318216059357], "stats": [{"ci_99": [133.54110089875758, 133.80526342242956], "q_25": 133.6718613479752, "q_75": 133.67450297321193, "min": 133.67054053535685, "max": 133.6758237858303, "mean": 133.67318216059357, "std": 0.0026416252367198467, "repeat": 2, "number": 2}]}, "casademo.flagdata_suite.time_flagdata_list_summary": {"result": [34.06415600609034], "stats": [{"ci_99": [14.341454792767763, 53.78685721941291], "q_25": 33.86692899395712, "q_75": 34.26138301822357, "min": 33.66970198182389, "max": 34.458610030356795, "mean": 34.06415600609034, "std": 0.3944540242664516, "repeat": 2, "number": 2}]}, "casademo.flagdata_suite.time_flagdata_summary": {"result": [33.259455940686166], "stats": [{"ci_99": [-5.819690705277026, 72.33860258664933], "q_25": 32.868664474226534, "q_75": 33.6502474071458, "min": 32.4778730077669, "max": 34.04103887360543, "mean": 33.259455940686166, "std": 0.7815829329192638, "repeat": 2, "number": 2}]}, "casademo.tclean_memory_suite.peakmem_tclean_setweighting": 1960386560}, "params": {"arch": "x86_64", "cpu": "Intel(R) Xeon(R) CPU E5-1660 v4 @ 3.20GHz", "machine": "NRAO workstation", "num_cpu": "16", "os": "Linux 3.10.0-1160.15.2.el7.x86_64", "ram": "32GB", "python": "3.6", "pip+casatools": "6.2.0", "pip+casatasks": "6.2.0"}, "requirements": {"pip+casatools": "6.2.0", "pip+casatasks": "6.2.0"}, "commit_hash": "429bbf57f9a3015e8ce69b18946f4977d72c0757", "date": 1613388372000, "env_name": "virtualenv-py3.6-pip+casatasks6.2.0.88-pip+casatools6.2.0.88", "python": "3.6", "profiles": {}, "started_at": {"casademo.calibration_suite.time_applycal_callib": 1630061795190, "casademo.calibration_suite.time_bandpass": 1630061872436, "casademo.calibration_suite.time_gaincal": 1630061949156, "casademo.flagdata_suite.time_flagdata_bandpassflag": 1630062072864, "casademo.flagdata_suite.time_flagdata_list": 1630062135908, "casademo.flagdata_suite.time_flagdata_list_summary": 1630062403304, "casademo.flagdata_suite.time_flagdata_summary": 1630062472263, "casademo.tclean_memory_suite.peakmem_tclean_setweighting": 1630062540420}, "ended_at": {"casademo.calibration_suite.time_applycal_callib": 1630061872435, "casademo.calibration_suite.time_bandpass": 1630061949156, "casademo.calibration_suite.time_gaincal": 1630062072860, "casademo.flagdata_suite.time_flagdata_bandpassflag": 1630062135907, "casademo.flagdata_suite.time_flagdata_list": 1630062403304, "casademo.flagdata_suite.time_flagdata_list_summary": 1630062472263, "casademo.flagdata_suite.time_flagdata_summary": 1630062540419, "casademo.tclean_memory_suite.peakmem_tclean_setweighting": 1630062704678}, "benchmark_version": {"casademo.calibration_suite.time_applycal_callib": "1f6437b2270507d06f2c91c35b12dce1187d02851c4b0d0c872bbcfda3e5c4f6", "casademo.calibration_suite.time_bandpass": "a69d32cd1360ece09039f1051989506a7673f5a708021e87c81e0936374d64ce", "casademo.calibration_suite.time_gaincal": "70a393fa53b72183c406b9cc585dca7828b9b8d585b8077a80e0946ee81ebeb0", "casademo.flagdata_suite.time_flagdata_bandpassflag": "6bc01de4a73ffea44f2190b51350292cc1e1256989be0f26cc4ec77341df934a", "casademo.flagdata_suite.time_flagdata_list": "f4d15370d3c2c0c746d0c9c28b87ee190865ebfa9e210cc5773201bea0df7bf9", "casademo.flagdata_suite.time_flagdata_list_summary": "58e4c1cc3e1c3c5f723c910c861bad52078405a7026f0321526fad1a15b04ee3", "casademo.flagdata_suite.time_flagdata_summary": "7d302987a4e4e75e43325fd83f2c968688e4b8a56a6476db46a4fcc0bc003e95", "casademo.tclean_memory_suite.peakmem_tclean_setweighting": "3fb5214d1e8e5bf8170efbe8114cd88b0e1e51db87c955bc588eb95ba91e4f71"}, "version": 1}
