{"results": {"casademo.calibration_suite.time_applycal_callib": {"result": [26.988151834812015], "stats": [{"ci_99": [14.804947192315012, 39.171356477309004], "q_25": 26.866319788387045, "q_75": 27.109983881236985, "min": 26.744487741962075, "max": 27.231815927661955, "mean": 26.988151834812015, "std": 0.24366409284994006, "repeat": 2, "number": 2}]}, "casademo.calibration_suite.time_bandpass": {"result": [24.2716459101066], "stats": [{"ci_99": [4.714442767202854, 43.82884905301033], "q_25": 24.076073878677562, "q_75": 24.467217941535637, "min": 23.880501847248524, "max": 24.662789972964674, "mean": 24.2716459101066, "std": 0.3911440628580749, "repeat": 2, "number": 2}]}, "casademo.calibration_suite.time_gaincal": {"result": [50.27757469494827], "stats": [{"ci_99": [43.090002212440595, 57.46514717745594], "q_25": 50.205698970123194, "q_75": 50.34945041977335, "min": 50.13382324529812, "max": 50.421326144598424, "mean": 50.27757469494827, "std": 0.14375144965015352, "repeat": 2, "number": 2}]}, "casademo.flagdata_suite.time_flagdata_bandpassflag": {"result": [31.504358378937468], "stats": [{"ci_99": [31.260777280898765, 31.74793947697617], "q_25": 31.50192256795708, "q_75": 31.506794189917855, "min": 31.499486756976694, "max": 31.509230000898242, "mean": 31.504358378937468, "std": 0.004871621960774064, "repeat": 2, "number": 2}]}, "casademo.flagdata_suite.time_flagdata_list": {"result": [133.67318216059357], "stats": [{"ci_99": [133.54110089875758, 133.80526342242956], "q_25": 133.6718613479752, "q_75": 133.67450297321193, "min": 133.67054053535685, "max": 133.6758237858303, "mean": 133.67318216059357, "std": 0.0026416252367198467, "repeat": 2, "number": 2}]}, "casademo.flagdata_suite.time_flagdata_list_summary": {"result": [34.06415600609034], "stats": [{"ci_99": [14.341454792767763, 53.78685721941291], "q_25": 33.86692899395712, "q_75": 34.26138301822357, "min": 33.66970198182389, "max": 34.458610030356795, "mean": 34.06415600609034, "std": 0.3944540242664516, "repeat": 2, "number": 2}]}, "casademo.flagdata_suite.time_flagdata_summary": {"result": [33.259455940686166], "stats": [{"ci_99": [-5.819690705277026, 72.33860258664933], "q_25": 32.868664474226534, "q_75": 33.6502474071458, "min": 32.4778730077669, "max": 34.04103887360543, "mean": 33.259455940686166, "std": 0.7815829329192638, "repeat": 2, "number": 2}]}, "casademo.tclean_memory_suite.peakmem_tclean_setweighting": 1960386560}, "params": {"arch": "x86_64", "cpu": "Intel(R) Xeon(R) CPU E5-1660 v4 @ 3.20GHz", "machine": "NRAO workstation", "num_cpu": "16", "os": "Linux 3.10.0-1160.15.2.el7.x86_64", "ram": "32GB", "python": "3.6", "pip+casatools": "6.2.0", "pip+casatasks": "6.2.0"}, "requirements": {"pip+casatools": "6.2.0", "pip+casatasks": "6.2.0"}, "commit_hash": "429bbf57f9a3015e8ce69b18946f4977d72c0757", "date": 1613388372000, "env_name": "virtualenv-py3.6-pip+casatasks6.2.0.88-pip+casatools6.2.0.88", "python": "3.6", "profiles": {}, "started_at": {"casademo.calibration_suite.time_applycal_callib": 1630061795190, "casademo.calibration_suite.time_bandpass": 1630061872436, "casademo.calibration_suite.time_gaincal": 1630061949156, "casademo.flagdata_suite.time_flagdata_bandpassflag": 1630062072864, "casademo.flagdata_suite.time_flagdata_list": 1630062135908, "casademo.flagdata_suite.time_flagdata_list_summary": 1630062403304, "casademo.flagdata_suite.time_flagdata_summary": 1630062472263, "casademo.tclean_memory_suite.peakmem_tclean_setweighting": 1630062540420}, "ended_at": {"casademo.calibration_suite.time_applycal_callib": 1630061872435, "casademo.calibration_suite.time_bandpass": 1630061949156, "casademo.calibration_suite.time_gaincal": 1630062072860, "casademo.flagdata_suite.time_flagdata_bandpassflag": 1630062135907, "casademo.flagdata_suite.time_flagdata_list": 1630062403304, "casademo.flagdata_suite.time_flagdata_list_summary": 1630062472263, "casademo.flagdata_suite.time_flagdata_summary": 1630062540419, "casademo.tclean_memory_suite.peakmem_tclean_setweighting": 1630062704678}, "benchmark_version": {"casademo.calibration_suite.time_applycal_callib": "9ef394762fe7135f58c94c0e46a655fae93e7d107904ceff94d228f23b89a589", "casademo.calibration_suite.time_bandpass": "f706aa044f6bc64b915996b7bdd6bc5666cae0eb7c47ff9a70b5bced6c9fbd0c", "casademo.calibration_suite.time_gaincal": "56f8a9022caccdafe4240fb9a2766b2d5d56cc1c784bd724822d3b040f5b5309", "casademo.flagdata_suite.time_flagdata_bandpassflag": "f55e0ffa6be9d655555c5081a0e7bf2bc00b253273ba7c220de0bd2cfb3baf6c", "casademo.flagdata_suite.time_flagdata_list": "1a40b66ffb4a43d48af3407bae817ed4f7667fe778880859384f5f2e7c9c5d1f", "casademo.flagdata_suite.time_flagdata_list_summary": "3eb284062687484026a1defb4fceb705e83b244e37405f8794d431940ff44b08", "casademo.flagdata_suite.time_flagdata_summary": "9e569fb4e2a2f68e59c510bbf889632173be867104a4e5ba5a98d0eb110e82fb", "casademo.tclean_memory_suite.peakmem_tclean_setweighting": "b08240b9d9211ba7e2ce323aae697e4b25deb8a6db4c5e2e48519cedc4707769"}, "version": 1}
