{"results": {"casademo.tclean_memory_suite.peakmem_tclean_setweighting": 1959362560, "casademo.calibration_suite.time_applycal_callib": {"result": [26.770770371193066], "stats": [{"ci_99": [-39.95928375911899, 93.50082450150506], "q_25": 26.103469829889946, "q_75": 27.438070912496187, "min": 25.436169288586825, "max": 28.105371453799307, "mean": 26.770770371193066, "std": 1.334601082606241, "repeat": 2, "number": 2}]}, "casademo.calibration_suite.time_bandpass": {"result": [24.905090199084952], "stats": [{"ci_99": [3.9671086377929896, 45.8430717603769], "q_25": 24.695710383472033, "q_75": 25.114470014697872, "min": 24.486330567859113, "max": 25.32384983031079, "mean": 24.905090199084952, "std": 0.41875963122583926, "repeat": 2, "number": 2}]}, "casademo.calibration_suite.time_gaincal": {"result": [49.86006673122756], "stats": [{"ci_99": [41.281127728754655, 58.43900573370046], "q_25": 49.77427734120283, "q_75": 49.94585612125229, "min": 49.688487951178104, "max": 50.03164551127702, "mean": 49.86006673122756, "std": 0.17157878004945815, "repeat": 2, "number": 2}]}, "casademo.flagdata_suite.time_flagdata_bandpassflag": {"result": [9.003942289855331], "stats": [{"ci_99": [7.136446184013039, 10.871438395697622], "q_25": 8.985267328796908, "q_75": 9.022617250913754, "min": 8.966592367738485, "max": 9.041292211972177, "mean": 9.003942289855331, "std": 0.037349922116845846, "repeat": 2, "number": 2}]}, "casademo.flagdata_suite.time_flagdata_list": {"result": [111.48846411635168], "stats": [{"ci_99": [109.3463804598432, 113.63054777286015], "q_25": 111.4670432797866, "q_75": 111.50988495291676, "min": 111.44562244322151, "max": 111.53130578948185, "mean": 111.48846411635168, "std": 0.04284167313016951, "repeat": 2, "number": 2}]}, "casademo.flagdata_suite.time_flagdata_list_summary": {"result": [11.648517539026216], "stats": [{"ci_99": [4.564685799879953, 18.73234927817247], "q_25": 11.577679221634753, "q_75": 11.719355856417678, "min": 11.50684090424329, "max": 11.790194173809141, "mean": 11.648517539026216, "std": 0.14167663478292525, "repeat": 2, "number": 2}]}, "casademo.flagdata_suite.time_flagdata_summary": {"result": [11.235174858942628], "stats": [{"ci_99": [-0.402588470838964, 22.87293818872421], "q_25": 11.118797225644812, "q_75": 11.351552492240444, "min": 11.002419592346996, "max": 11.46793012553826, "mean": 11.235174858942628, "std": 0.23275526659563184, "repeat": 2, "number": 2}]}}, "params": {"arch": "x86_64", "cpu": "Intel(R) Xeon(R) CPU E5-1660 v4 @ 3.20GHz", "machine": "NRAO workstation", "num_cpu": "16", "os": "Linux 3.10.0-1160.15.2.el7.x86_64", "ram": "32GB", "python": "3.6", "pip+casatools": "6.3.0", "pip+casatasks": "6.3.0"}, "requirements": {"pip+casatools": "6.3.0", "pip+casatasks": "6.3.0"}, "commit_hash": "4359797d5dba3934c6abb64adbd67dadd858205f", "date": 1629044777000, "env_name": "virtualenv-py3.6-pip+casatasks6.3.0.43-pip+casatools6.3.0.43", "python": "3.6", "profiles": {}, "started_at": {"casademo.tclean_memory_suite.peakmem_tclean_setweighting": 1630079580180, "casademo.calibration_suite.time_applycal_callib": 1630079012719, "casademo.calibration_suite.time_bandpass": 1630079092720, "casademo.calibration_suite.time_gaincal": 1630079168910, "casademo.flagdata_suite.time_flagdata_bandpassflag": 1630079292270, "casademo.flagdata_suite.time_flagdata_list": 1630079310415, "casademo.flagdata_suite.time_flagdata_list_summary": 1630079533515, "casademo.flagdata_suite.time_flagdata_summary": 1630079557173}, "ended_at": {"casademo.tclean_memory_suite.peakmem_tclean_setweighting": 1630079763410, "casademo.calibration_suite.time_applycal_callib": 1630079092719, "casademo.calibration_suite.time_bandpass": 1630079168910, "casademo.calibration_suite.time_gaincal": 1630079292264, "casademo.flagdata_suite.time_flagdata_bandpassflag": 1630079310415, "casademo.flagdata_suite.time_flagdata_list": 1630079533515, "casademo.flagdata_suite.time_flagdata_list_summary": 1630079557173, "casademo.flagdata_suite.time_flagdata_summary": 1630079580179}, "benchmark_version": {"casademo.tclean_memory_suite.peakmem_tclean_setweighting": "3fb5214d1e8e5bf8170efbe8114cd88b0e1e51db87c955bc588eb95ba91e4f71", "casademo.calibration_suite.time_applycal_callib": "1f6437b2270507d06f2c91c35b12dce1187d02851c4b0d0c872bbcfda3e5c4f6", "casademo.calibration_suite.time_bandpass": "a69d32cd1360ece09039f1051989506a7673f5a708021e87c81e0936374d64ce", "casademo.calibration_suite.time_gaincal": "70a393fa53b72183c406b9cc585dca7828b9b8d585b8077a80e0946ee81ebeb0", "casademo.flagdata_suite.time_flagdata_bandpassflag": "6bc01de4a73ffea44f2190b51350292cc1e1256989be0f26cc4ec77341df934a", "casademo.flagdata_suite.time_flagdata_list": "f4d15370d3c2c0c746d0c9c28b87ee190865ebfa9e210cc5773201bea0df7bf9", "casademo.flagdata_suite.time_flagdata_list_summary": "58e4c1cc3e1c3c5f723c910c861bad52078405a7026f0321526fad1a15b04ee3", "casademo.flagdata_suite.time_flagdata_summary": "7d302987a4e4e75e43325fd83f2c968688e4b8a56a6476db46a4fcc0bc003e95"}, "version": 1}
