{"results": {"casademo.calibration_suite.time_applycal_callib": {"result": [26.596887131454423], "stats": [{"ci_99": [-32.683592090616, 85.87736635352479], "q_25": 26.00408233923372, "q_75": 27.189691923675127, "min": 25.411277547013015, "max": 27.78249671589583, "mean": 26.596887131454423, "std": 1.1856095844414085, "repeat": 2, "number": 2}]}, "casademo.calibration_suite.time_bandpass": {"result": [24.97418431425467], "stats": [{"ci_99": [24.52153467433527, 25.42683395417407], "q_25": 24.969657817855477, "q_75": 24.978710810653865, "min": 24.965131321456283, "max": 24.98323730705306, "mean": 24.97418431425467, "std": 0.009052992798388004, "repeat": 2, "number": 2}]}, "casademo.calibration_suite.time_gaincal": {"result": [50.37066852557473], "stats": [{"ci_99": [49.90584455546923, 50.83549249568023], "q_25": 50.366020285873674, "q_75": 50.375316765275784, "min": 50.36137204617262, "max": 50.37996500497684, "mean": 50.37066852557473, "std": 0.00929647940210998, "repeat": 2, "number": 2}]}, "casademo.flagdata_suite.time_flagdata_bandpassflag": {"result": [9.190009747864679], "stats": [{"ci_99": [9.171473134076223, 9.208546361653134], "q_25": 9.189824381726794, "q_75": 9.190195114002563, "min": 9.18963901558891, "max": 9.190380480140448, "mean": 9.190009747864679, "std": 0.0003707322757691145, "repeat": 2, "number": 2}]}, "casademo.flagdata_suite.time_flagdata_list": {"result": [112.47562276944518], "stats": [{"ci_99": [112.45676902867854, 112.49447651021183], "q_25": 112.47543423203751, "q_75": 112.47581130685285, "min": 112.47524569462985, "max": 112.47599984426051, "mean": 112.47562276944518, "std": 0.00037707481533288956, "repeat": 2, "number": 2}]}, "casademo.flagdata_suite.time_flagdata_list_summary": {"result": [11.937549497233704], "stats": [{"ci_99": [10.815557240275666, 13.059541754191741], "q_25": 11.926329574664123, "q_75": 11.948769419803284, "min": 11.915109652094543, "max": 11.959989342372864, "mean": 11.937549497233704, "std": 0.022439845139160752, "repeat": 2, "number": 2}]}, "casademo.flagdata_suite.time_flagdata_summary": {"result": [11.636881643440574], "stats": [{"ci_99": [11.214879384730011, 12.058883902151138], "q_25": 11.632661620853469, "q_75": 11.64110166602768, "min": 11.628441598266363, "max": 11.645321688614786, "mean": 11.636881643440574, "std": 0.008440045174211264, "repeat": 2, "number": 2}]}, "casademo.tclean_memory_suite.peakmem_tclean_setweighting": 1959403520, "casademo.tclean_memory_suite.track_tclean_file_descriptors_cubemode_mosaic_briggs": 128}, "params": {"arch": "x86_64", "cpu": "Intel(R) Xeon(R) CPU E5-1660 v4 @ 3.20GHz", "machine": "NRAO workstation", "num_cpu": "16", "os": "Linux 3.10.0-1160.15.2.el7.x86_64", "ram": "32GB", "python": "3.6", "pip+casatasks": "6.4.0"}, "requirements": {"pip+casatasks": "6.4.0"}, "commit_hash": "43a664606d92a28413d7a5955a0b8b94792e09e5", "date": 1631543137000, "env_name": "virtualenv-py3.6-pip+casatasks6.4.0.5", "python": "3.6", "profiles": {}, "started_at": {"casademo.calibration_suite.time_applycal_callib": 1631806783296, "casademo.calibration_suite.time_bandpass": 1631806858486, "casademo.calibration_suite.time_gaincal": 1631806934476, "casademo.flagdata_suite.time_flagdata_bandpassflag": 1631807058288, "casademo.flagdata_suite.time_flagdata_list": 1631807076733, "casademo.flagdata_suite.time_flagdata_list_summary": 1631807301737, "casademo.flagdata_suite.time_flagdata_summary": 1631807325645, "casademo.tclean_memory_suite.peakmem_tclean_setweighting": 1631808447763, "casademo.tclean_memory_suite.track_tclean_file_descriptors_cubemode_mosaic_briggs": 1631807523959}, "ended_at": {"casademo.calibration_suite.time_applycal_callib": 1631806858486, "casademo.calibration_suite.time_bandpass": 1631806934475, "casademo.calibration_suite.time_gaincal": 1631807058280, "casademo.flagdata_suite.time_flagdata_bandpassflag": 1631807076733, "casademo.flagdata_suite.time_flagdata_list": 1631807301736, "casademo.flagdata_suite.time_flagdata_list_summary": 1631807325645, "casademo.flagdata_suite.time_flagdata_summary": 1631807349002, "casademo.tclean_memory_suite.peakmem_tclean_setweighting": 1631808619397, "casademo.tclean_memory_suite.track_tclean_file_descriptors_cubemode_mosaic_briggs": 1631807698018}, "benchmark_version": {"casademo.calibration_suite.time_applycal_callib": "9ef394762fe7135f58c94c0e46a655fae93e7d107904ceff94d228f23b89a589", "casademo.calibration_suite.time_bandpass": "f706aa044f6bc64b915996b7bdd6bc5666cae0eb7c47ff9a70b5bced6c9fbd0c", "casademo.calibration_suite.time_gaincal": "56f8a9022caccdafe4240fb9a2766b2d5d56cc1c784bd724822d3b040f5b5309", "casademo.flagdata_suite.time_flagdata_bandpassflag": "f55e0ffa6be9d655555c5081a0e7bf2bc00b253273ba7c220de0bd2cfb3baf6c", "casademo.flagdata_suite.time_flagdata_list": "1a40b66ffb4a43d48af3407bae817ed4f7667fe778880859384f5f2e7c9c5d1f", "casademo.flagdata_suite.time_flagdata_list_summary": "3eb284062687484026a1defb4fceb705e83b244e37405f8794d431940ff44b08", "casademo.flagdata_suite.time_flagdata_summary": "9e569fb4e2a2f68e59c510bbf889632173be867104a4e5ba5a98d0eb110e82fb", "casademo.tclean_memory_suite.peakmem_tclean_setweighting": "b08240b9d9211ba7e2ce323aae697e4b25deb8a6db4c5e2e48519cedc4707769", "casademo.tclean_memory_suite.track_tclean_file_descriptors_cubemode_mosaic_briggs": "e3aeb6edf33f78d2db6d58dfc61576924a9768f7a205164fcd839666bde1ae63"}, "version": 1}
