{"results": {"casademo.tclean_memory_suite.peakmem_tclean_setweighting": 1959403520, "casademo.calibration_suite.time_applycal_callib": {"result": [24.500989167252555], "stats": [{"ci_99": [-12.396272168727592, 61.398250503232674], "q_25": 24.132016553892754, "q_75": 24.869961780612357, "min": 23.763043940532953, "max": 25.23893439397216, "mean": 24.500989167252555, "std": 0.7379452267196029, "repeat": 2, "number": 2}]}, "casademo.calibration_suite.time_bandpass": {"result": [24.873370388289914], "stats": [{"ci_99": [-49.541586961364374, 99.28832773794414], "q_25": 24.12922081479337, "q_75": 25.617519961786456, "min": 23.385071241296828, "max": 26.361669535283, "mean": 24.873370388289914, "std": 1.4882991469930857, "repeat": 2, "number": 2}]}, "casademo.calibration_suite.time_gaincal": {"result": [50.15895344875753], "stats": [{"ci_99": [34.40663871914148, 65.91126817837356], "q_25": 50.00143030146137, "q_75": 50.31647659605369, "min": 49.84390715416521, "max": 50.47399974334985, "mean": 50.15895344875753, "std": 0.3150462945923209, "repeat": 2, "number": 2}]}, "casademo.flagdata_suite.time_flagdata_bandpassflag": {"result": [9.146708927350119], "stats": [{"ci_99": [5.148012810153887, 13.145405044546347], "q_25": 9.106721966178156, "q_75": 9.186695888522081, "min": 9.066735005006194, "max": 9.226682849694043, "mean": 9.146708927350119, "std": 0.07997392234392464, "repeat": 2, "number": 2}]}, "casademo.flagdata_suite.time_flagdata_list": {"result": [111.50045540137216], "stats": [{"ci_99": [46.769711174536496, 176.23119962820778], "q_25": 110.85314795910381, "q_75": 112.14776284364052, "min": 110.20584051683545, "max": 112.79507028590888, "mean": 111.50045540137216, "std": 1.2946148845367134, "repeat": 2, "number": 2}]}, "casademo.flagdata_suite.time_flagdata_list_summary": {"result": [11.881477930117399], "stats": [{"ci_99": [9.191107898484915, 14.57184796174988], "q_25": 11.854574229801074, "q_75": 11.908381630433723, "min": 11.827670529484749, "max": 11.935285330750048, "mean": 11.881477930117399, "std": 0.05380740063264966, "repeat": 2, "number": 2}]}, "casademo.flagdata_suite.time_flagdata_summary": {"result": [11.570027949521318], "stats": [{"ci_99": [10.746474728686735, 12.393581170355901], "q_25": 11.561792417312972, "q_75": 11.578263481729664, "min": 11.553556885104626, "max": 11.58649901393801, "mean": 11.570027949521318, "std": 0.01647106441669166, "repeat": 2, "number": 2}]}}, "params": {"arch": "x86_64", "cpu": "Intel(R) Xeon(R) CPU E5-1660 v4 @ 3.20GHz", "machine": "NRAO workstation", "num_cpu": "16", "os": "Linux 3.10.0-1160.15.2.el7.x86_64", "ram": "32GB", "python": "3.6", "pip+casatools": "6.3.0", "pip+casatasks": "6.3.0"}, "requirements": {"pip+casatools": "6.3.0", "pip+casatasks": "6.3.0"}, "commit_hash": "44ee986e77bf1424fec29e43c8cfc1ed18fb3181", "date": 1626966709000, "env_name": "virtualenv-py3.6-pip+casatasks6.3.0.30-pip+casatools6.3.0.30", "python": "3.6", "profiles": {}, "started_at": {"casademo.tclean_memory_suite.peakmem_tclean_setweighting": 1630183460610, "casademo.calibration_suite.time_applycal_callib": 1630182893604, "casademo.calibration_suite.time_bandpass": 1630182968542, "casademo.calibration_suite.time_gaincal": 1630183046889, "casademo.flagdata_suite.time_flagdata_bandpassflag": 1630183169896, "casademo.flagdata_suite.time_flagdata_list": 1630183188091, "casademo.flagdata_suite.time_flagdata_list_summary": 1630183413745, "casademo.flagdata_suite.time_flagdata_summary": 1630183437453}, "ended_at": {"casademo.tclean_memory_suite.peakmem_tclean_setweighting": 1630183636702, "casademo.calibration_suite.time_applycal_callib": 1630182968542, "casademo.calibration_suite.time_bandpass": 1630183046888, "casademo.calibration_suite.time_gaincal": 1630183169892, "casademo.flagdata_suite.time_flagdata_bandpassflag": 1630183188091, "casademo.flagdata_suite.time_flagdata_list": 1630183413745, "casademo.flagdata_suite.time_flagdata_list_summary": 1630183437453, "casademo.flagdata_suite.time_flagdata_summary": 1630183460609}, "benchmark_version": {"casademo.tclean_memory_suite.peakmem_tclean_setweighting": "3fb5214d1e8e5bf8170efbe8114cd88b0e1e51db87c955bc588eb95ba91e4f71", "casademo.calibration_suite.time_applycal_callib": "1f6437b2270507d06f2c91c35b12dce1187d02851c4b0d0c872bbcfda3e5c4f6", "casademo.calibration_suite.time_bandpass": "a69d32cd1360ece09039f1051989506a7673f5a708021e87c81e0936374d64ce", "casademo.calibration_suite.time_gaincal": "70a393fa53b72183c406b9cc585dca7828b9b8d585b8077a80e0946ee81ebeb0", "casademo.flagdata_suite.time_flagdata_bandpassflag": "6bc01de4a73ffea44f2190b51350292cc1e1256989be0f26cc4ec77341df934a", "casademo.flagdata_suite.time_flagdata_list": "f4d15370d3c2c0c746d0c9c28b87ee190865ebfa9e210cc5773201bea0df7bf9", "casademo.flagdata_suite.time_flagdata_list_summary": "58e4c1cc3e1c3c5f723c910c861bad52078405a7026f0321526fad1a15b04ee3", "casademo.flagdata_suite.time_flagdata_summary": "7d302987a4e4e75e43325fd83f2c968688e4b8a56a6476db46a4fcc0bc003e95"}, "version": 1}
