{"results": {"casademo.tclean_memory_suite.peakmem_tclean_setweighting": 1959510016, "casademo.calibration_suite.time_applycal_callib": {"result": [39.14555649110116], "stats": [{"ci_99": [-580.8077324733604, 659.0988454555621], "q_25": 32.946023601456545, "q_75": 45.345089380745776, "min": 26.74649071181193, "max": 51.54462227039039, "mean": 39.14555649110116, "std": 12.39906577928923, "repeat": 2, "number": 2}]}, "casademo.calibration_suite.time_bandpass": {"result": [37.714231196790934], "stats": [{"ci_99": [-603.3068499565125, 678.7353123500937], "q_25": 31.3040203852579, "q_75": 44.12444200832397, "min": 24.893809573724866, "max": 50.534652819857, "mean": 37.714231196790934, "std": 12.820421623066068, "repeat": 2, "number": 2}]}, "casademo.calibration_suite.time_gaincal": {"result": [50.213174659758806], "stats": [{"ci_99": [39.040387908928096, 61.38596141058951], "q_25": 50.1014467922505, "q_75": 50.32490252726711, "min": 49.98971892474219, "max": 50.43663039477542, "mean": 50.213174659758806, "std": 0.2234557350166142, "repeat": 2, "number": 2}]}, "casademo.flagdata_suite.time_flagdata_bandpassflag": {"result": [8.979698617942631], "stats": [{"ci_99": [7.789097654633224, 10.170299581252037], "q_25": 8.967792608309537, "q_75": 8.991604627575725, "min": 8.955886598676443, "max": 9.00351063720882, "mean": 8.979698617942631, "std": 0.023812019266188145, "repeat": 2, "number": 2}]}, "casademo.flagdata_suite.time_flagdata_list": {"result": [112.03053020499647], "stats": [{"ci_99": [39.331219085492194, 184.72984132450068], "q_25": 111.30353709380142, "q_75": 112.75752331619151, "min": 110.57654398260638, "max": 113.48451642738655, "mean": 112.03053020499647, "std": 1.4539862223900855, "repeat": 2, "number": 2}]}, "casademo.flagdata_suite.time_flagdata_list_summary": {"result": [11.861119956942275], "stats": [{"ci_99": [11.441681431373581, 12.280558482510969], "q_25": 11.856925571686588, "q_75": 11.865314342197962, "min": 11.852731186430901, "max": 11.869508727453649, "mean": 11.861119956942275, "std": 0.008388770511373878, "repeat": 2, "number": 2}]}, "casademo.flagdata_suite.time_flagdata_summary": {"result": [11.627722831908613], "stats": [{"ci_99": [10.041615620721132, 13.213830043096094], "q_25": 11.611861759796739, "q_75": 11.643583904020488, "min": 11.596000687684864, "max": 11.659444976132363, "mean": 11.627722831908613, "std": 0.03172214422374964, "repeat": 2, "number": 2}]}}, "params": {"arch": "x86_64", "cpu": "Intel(R) Xeon(R) CPU E5-1660 v4 @ 3.20GHz", "machine": "NRAO workstation", "num_cpu": "16", "os": "Linux 3.10.0-1160.15.2.el7.x86_64", "ram": "32GB", "python": "3.6", "pip+casatools": "6.3.0", "pip+casatasks": "6.3.0"}, "requirements": {"pip+casatools": "6.3.0", "pip+casatasks": "6.3.0"}, "commit_hash": "47cc705ab13da245d92f33e57db237af8be70b8d", "date": 1627570958000, "env_name": "virtualenv-py3.6-pip+casatasks6.3.0.32-pip+casatools6.3.0.32", "python": "3.6", "profiles": {}, "started_at": {"casademo.tclean_memory_suite.peakmem_tclean_setweighting": 1630006555209, "casademo.calibration_suite.time_applycal_callib": 1630005986698, "casademo.calibration_suite.time_bandpass": 1630006062990, "casademo.calibration_suite.time_gaincal": 1630006139735, "casademo.flagdata_suite.time_flagdata_bandpassflag": 1630006263093, "casademo.flagdata_suite.time_flagdata_list": 1630006281138, "casademo.flagdata_suite.time_flagdata_list_summary": 1630006508194, "casademo.flagdata_suite.time_flagdata_summary": 1630006531952}, "ended_at": {"casademo.tclean_memory_suite.peakmem_tclean_setweighting": 1630006729944, "casademo.calibration_suite.time_applycal_callib": 1630006062989, "casademo.calibration_suite.time_bandpass": 1630006139735, "casademo.calibration_suite.time_gaincal": 1630006263090, "casademo.flagdata_suite.time_flagdata_bandpassflag": 1630006281138, "casademo.flagdata_suite.time_flagdata_list": 1630006508194, "casademo.flagdata_suite.time_flagdata_list_summary": 1630006531952, "casademo.flagdata_suite.time_flagdata_summary": 1630006555208}, "benchmark_version": {"casademo.tclean_memory_suite.peakmem_tclean_setweighting": "3fb5214d1e8e5bf8170efbe8114cd88b0e1e51db87c955bc588eb95ba91e4f71", "casademo.calibration_suite.time_applycal_callib": "1f6437b2270507d06f2c91c35b12dce1187d02851c4b0d0c872bbcfda3e5c4f6", "casademo.calibration_suite.time_bandpass": "a69d32cd1360ece09039f1051989506a7673f5a708021e87c81e0936374d64ce", "casademo.calibration_suite.time_gaincal": "70a393fa53b72183c406b9cc585dca7828b9b8d585b8077a80e0946ee81ebeb0", "casademo.flagdata_suite.time_flagdata_bandpassflag": "6bc01de4a73ffea44f2190b51350292cc1e1256989be0f26cc4ec77341df934a", "casademo.flagdata_suite.time_flagdata_list": "f4d15370d3c2c0c746d0c9c28b87ee190865ebfa9e210cc5773201bea0df7bf9", "casademo.flagdata_suite.time_flagdata_list_summary": "58e4c1cc3e1c3c5f723c910c861bad52078405a7026f0321526fad1a15b04ee3", "casademo.flagdata_suite.time_flagdata_summary": "7d302987a4e4e75e43325fd83f2c968688e4b8a56a6476db46a4fcc0bc003e95"}, "version": 1}
