{"results": {"casademo.calibration_suite.time_applycal_callib": {"result": [36.98652423592284], "stats": [{"ci_99": [-411.4925898644142, 485.4656383362595], "q_25": 32.50173309491947, "q_75": 41.47131537692621, "min": 28.016941953916103, "max": 45.956106517929584, "mean": 36.98652423592284, "std": 8.96958228200674, "repeat": 2, "number": 2}]}, "casademo.calibration_suite.time_bandpass": {"result": [24.777917390223593], "stats": [{"ci_99": [4.193775740917772, 45.3620590395294], "q_25": 24.572075973730534, "q_75": 24.98375880671665, "min": 24.366234557237476, "max": 25.18960022320971, "mean": 24.777917390223593, "std": 0.4116828329861164, "repeat": 2, "number": 2}]}, "casademo.calibration_suite.time_gaincal": {"result": [50.39896153751761], "stats": [{"ci_99": [49.61404585186392, 51.183877223171294], "q_25": 50.39111238066107, "q_75": 50.406810694374144, "min": 50.38326322380453, "max": 50.41465985123068, "mean": 50.39896153751761, "std": 0.01569831371307373, "repeat": 2, "number": 2}]}, "casademo.flagdata_suite.time_flagdata_bandpassflag": {"result": [5.51362369232811], "stats": [{"ci_99": [3.9308687418233603, 7.096378642832859], "q_25": 5.497796142823063, "q_75": 5.529451241833158, "min": 5.481968593318015, "max": 5.545278791338205, "mean": 5.51362369232811, "std": 0.031655099010095, "repeat": 2, "number": 2}]}, "casademo.flagdata_suite.time_flagdata_list": {"result": [106.10562046384439], "stats": [{"ci_99": [102.54365592589602, 109.66758500179276], "q_25": 106.0700008184649, "q_75": 106.14124010922387, "min": 106.03438117308542, "max": 106.17685975460336, "mean": 106.10562046384439, "std": 0.0712392907589674, "repeat": 2, "number": 2}]}, "casademo.flagdata_suite.time_flagdata_list_summary": {"result": [7.804429350420833], "stats": [{"ci_99": [7.342839828692377, 8.266018872149289], "q_25": 7.799813455203548, "q_75": 7.809045245638117, "min": 7.7951975599862635, "max": 7.813661140855402, "mean": 7.804429350420833, "std": 0.00923179043456912, "repeat": 2, "number": 2}]}, "casademo.flagdata_suite.time_flagdata_summary": {"result": [7.477720841765404], "stats": [{"ci_99": [6.744964784942567, 8.21047689858824], "q_25": 7.470393281197175, "q_75": 7.485048402333632, "min": 7.463065720628947, "max": 7.4923759629018605, "mean": 7.477720841765404, "std": 0.014655121136456728, "repeat": 2, "number": 2}]}, "casademo.tclean_memory_suite.peakmem_tclean_setweighting": 1864912896}, "params": {"arch": "x86_64", "cpu": "Intel(R) Xeon(R) CPU E5-1660 v4 @ 3.20GHz", "machine": "NRAO workstation", "num_cpu": "16", "os": "Linux 3.10.0-1160.15.2.el7.x86_64", "ram": "32GB", "python": "3.6", "pip+casatools": "trunk", "pip+casatasks": "trunk"}, "requirements": {"pip+casatools": "trunk", "pip+casatasks": "trunk"}, "commit_hash": "4d15544f9e1535112f0242cf933f03e91bcc3ced", "date": 1600955326000, "env_name": "virtualenv-py3.6-pip+casatasks-trunk-pip+casatools-trunk", "python": "3.6", "profiles": {}, "started_at": {"casademo.calibration_suite.time_applycal_callib": 1630457150493, "casademo.calibration_suite.time_bandpass": 1630457275449, "casademo.calibration_suite.time_gaincal": 1630457349585, "casademo.flagdata_suite.time_flagdata_bandpassflag": 1630457473902, "casademo.flagdata_suite.time_flagdata_list": 1630457485032, "casademo.flagdata_suite.time_flagdata_list_summary": 1630457697156, "casademo.flagdata_suite.time_flagdata_summary": 1630457712846, "casademo.tclean_memory_suite.peakmem_tclean_setweighting": 1630457727885}, "ended_at": {"casademo.calibration_suite.time_applycal_callib": 1630457275449, "casademo.calibration_suite.time_bandpass": 1630457349585, "casademo.calibration_suite.time_gaincal": 1630457473894, "casademo.flagdata_suite.time_flagdata_bandpassflag": 1630457485032, "casademo.flagdata_suite.time_flagdata_list": 1630457697156, "casademo.flagdata_suite.time_flagdata_list_summary": 1630457712846, "casademo.flagdata_suite.time_flagdata_summary": 1630457727884, "casademo.tclean_memory_suite.peakmem_tclean_setweighting": 1630458025547}, "benchmark_version": {"casademo.calibration_suite.time_applycal_callib": "9ef394762fe7135f58c94c0e46a655fae93e7d107904ceff94d228f23b89a589", "casademo.calibration_suite.time_bandpass": "f706aa044f6bc64b915996b7bdd6bc5666cae0eb7c47ff9a70b5bced6c9fbd0c", "casademo.calibration_suite.time_gaincal": "56f8a9022caccdafe4240fb9a2766b2d5d56cc1c784bd724822d3b040f5b5309", "casademo.flagdata_suite.time_flagdata_bandpassflag": "f55e0ffa6be9d655555c5081a0e7bf2bc00b253273ba7c220de0bd2cfb3baf6c", "casademo.flagdata_suite.time_flagdata_list": "1a40b66ffb4a43d48af3407bae817ed4f7667fe778880859384f5f2e7c9c5d1f", "casademo.flagdata_suite.time_flagdata_list_summary": "3eb284062687484026a1defb4fceb705e83b244e37405f8794d431940ff44b08", "casademo.flagdata_suite.time_flagdata_summary": "9e569fb4e2a2f68e59c510bbf889632173be867104a4e5ba5a98d0eb110e82fb", "casademo.tclean_memory_suite.peakmem_tclean_setweighting": "b08240b9d9211ba7e2ce323aae697e4b25deb8a6db4c5e2e48519cedc4707769"}, "version": 1}
