{"results": {"casademo.tclean_memory_suite.peakmem_tclean_setweighting": 2154684416, "casademo.calibration_suite.time_applycal_callib": {"result": [25.78003306966275], "stats": [{"ci_99": [-27.221007243730128, 78.78107338305558], "q_25": 25.25002266652882, "q_75": 26.31004347279668, "min": 24.720012263394892, "max": 26.840053875930607, "mean": 25.78003306966275, "std": 1.0600208062678576, "repeat": 2, "number": 2}]}, "casademo.calibration_suite.time_bandpass": {"result": [25.3774932352826], "stats": [{"ci_99": [-0.6772825960069895, 51.43226906657217], "q_25": 25.116945476969704, "q_75": 25.638040993595496, "min": 24.856397718656808, "max": 25.89858875190839, "mean": 25.3774932352826, "std": 0.5210955166257918, "repeat": 2, "number": 2}]}, "casademo.calibration_suite.time_gaincal": {"result": [50.00730181019753], "stats": [{"ci_99": [21.635976884514093, 78.37862673588094], "q_25": 49.7235885609407, "q_75": 50.29101505945437, "min": 49.43987531168386, "max": 50.5747283087112, "mean": 50.00730181019753, "std": 0.5674264985136688, "repeat": 2, "number": 2}]}, "casademo.flagdata_suite.time_flagdata_bandpassflag": {"result": [31.319655538303778], "stats": [{"ci_99": [30.660501962760463, 31.978809113847092], "q_25": 31.313064002548344, "q_75": 31.32624707405921, "min": 31.30647246679291, "max": 31.332838609814644, "mean": 31.319655538303778, "std": 0.013183071510866284, "repeat": 2, "number": 2}]}, "casademo.flagdata_suite.time_flagdata_list": {"result": [132.76290872506797], "stats": [{"ci_99": [130.76940583903342, 134.75641161110252], "q_25": 132.74297369620763, "q_75": 132.78284375392832, "min": 132.72303866734728, "max": 132.80277878278866, "mean": 132.76290872506797, "std": 0.039870057720690966, "repeat": 2, "number": 2}]}, "casademo.flagdata_suite.time_flagdata_list_summary": {"result": [33.60004031099379], "stats": [{"ci_99": [14.878916037268937, 52.32116458471863], "q_25": 33.41282906825654, "q_75": 33.78725155373104, "min": 33.22561782551929, "max": 33.97446279646829, "mean": 33.60004031099379, "std": 0.3744224854744971, "repeat": 2, "number": 2}]}, "casademo.flagdata_suite.time_flagdata_summary": {"result": [32.921893327031285], "stats": [{"ci_99": [-5.2965145646594465, 71.14030121872199], "q_25": 32.53970924811438, "q_75": 33.30407740594819, "min": 32.15752516919747, "max": 33.6862614848651, "mean": 32.921893327031285, "std": 0.7643681578338146, "repeat": 2, "number": 2}]}}, "params": {"arch": "x86_64", "cpu": "Intel(R) Xeon(R) CPU E5-1660 v4 @ 3.20GHz", "machine": "NRAO workstation", "num_cpu": "16", "os": "Linux 3.10.0-1160.15.2.el7.x86_64", "ram": "32GB", "python": "3.6", "pip+casatools": "6.2.0", "pip+casatasks": "6.2.0"}, "requirements": {"pip+casatools": "6.2.0", "pip+casatasks": "6.2.0"}, "commit_hash": "4f5295c7309e931c62f928a03eeadbbb4984cf00", "date": 1621616036000, "env_name": "virtualenv-py3.6-pip+casatasks6.2.0.124-pip+casatools6.2.0.124", "python": "3.6", "profiles": {}, "started_at": {"casademo.tclean_memory_suite.peakmem_tclean_setweighting": 1629837134306, "casademo.calibration_suite.time_applycal_callib": 1629836399193, "casademo.calibration_suite.time_bandpass": 1629836475136, "casademo.calibration_suite.time_gaincal": 1629836551658, "casademo.flagdata_suite.time_flagdata_bandpassflag": 1629836675017, "casademo.flagdata_suite.time_flagdata_list": 1629836737761, "casademo.flagdata_suite.time_flagdata_list_summary": 1629837003454, "casademo.flagdata_suite.time_flagdata_summary": 1629837069957}, "ended_at": {"casademo.tclean_memory_suite.peakmem_tclean_setweighting": 1629837319854, "casademo.calibration_suite.time_applycal_callib": 1629836475136, "casademo.calibration_suite.time_bandpass": 1629836551657, "casademo.calibration_suite.time_gaincal": 1629836675012, "casademo.flagdata_suite.time_flagdata_bandpassflag": 1629836737761, "casademo.flagdata_suite.time_flagdata_list": 1629837003454, "casademo.flagdata_suite.time_flagdata_list_summary": 1629837069957, "casademo.flagdata_suite.time_flagdata_summary": 1629837134305}, "benchmark_version": {"casademo.tclean_memory_suite.peakmem_tclean_setweighting": "3fb5214d1e8e5bf8170efbe8114cd88b0e1e51db87c955bc588eb95ba91e4f71", "casademo.calibration_suite.time_applycal_callib": "1f6437b2270507d06f2c91c35b12dce1187d02851c4b0d0c872bbcfda3e5c4f6", "casademo.calibration_suite.time_bandpass": "a69d32cd1360ece09039f1051989506a7673f5a708021e87c81e0936374d64ce", "casademo.calibration_suite.time_gaincal": "70a393fa53b72183c406b9cc585dca7828b9b8d585b8077a80e0946ee81ebeb0", "casademo.flagdata_suite.time_flagdata_bandpassflag": "6bc01de4a73ffea44f2190b51350292cc1e1256989be0f26cc4ec77341df934a", "casademo.flagdata_suite.time_flagdata_list": "f4d15370d3c2c0c746d0c9c28b87ee190865ebfa9e210cc5773201bea0df7bf9", "casademo.flagdata_suite.time_flagdata_list_summary": "58e4c1cc3e1c3c5f723c910c861bad52078405a7026f0321526fad1a15b04ee3", "casademo.flagdata_suite.time_flagdata_summary": "7d302987a4e4e75e43325fd83f2c968688e4b8a56a6476db46a4fcc0bc003e95"}, "version": 1}
