{"results": {"casademo.calibration_suite.time_applycal_callib": {"result": [25.560762910638005], "stats": [{"ci_99": [23.94809044478461, 27.173435376491398], "q_25": 25.54463618597947, "q_75": 25.57688963529654, "min": 25.528509461320937, "max": 25.593016359955072, "mean": 25.560762910638005, "std": 0.03225344931706786, "repeat": 2, "number": 2}]}, "casademo.calibration_suite.time_bandpass": {"result": [26.028901252895594], "stats": [{"ci_99": [11.861185480840504, 40.19661702495067], "q_25": 25.887224095175043, "q_75": 26.170578410616145, "min": 25.745546937454492, "max": 26.312255568336695, "mean": 26.028901252895594, "std": 0.2833543154411018, "repeat": 2, "number": 2}]}, "casademo.calibration_suite.time_gaincal": {"result": [49.584693886106834], "stats": [{"ci_99": [10.271104255924001, 88.89828351628964], "q_25": 49.191557989805005, "q_75": 49.97782978240866, "min": 48.79842209350318, "max": 50.37096567871049, "mean": 49.584693886106834, "std": 0.7862717926036566, "repeat": 2, "number": 2}]}, "casademo.flagdata_suite.time_flagdata_bandpassflag": {"result": [6.48878658679314], "stats": [{"ci_99": [3.4918390985112637, 9.485734075075012], "q_25": 6.458817111910321, "q_75": 6.518756061675958, "min": 6.428847637027502, "max": 6.548725536558777, "mean": 6.48878658679314, "std": 0.05993894976563752, "repeat": 2, "number": 2}]}, "casademo.flagdata_suite.time_flagdata_list": {"result": [117.05597411328927], "stats": [{"ci_99": [111.9159289910458, 122.19601923553273], "q_25": 117.00457366206683, "q_75": 117.1073745645117, "min": 116.9531732108444, "max": 117.15877501573414, "mean": 117.05597411328927, "std": 0.10280090244486928, "repeat": 2, "number": 2}]}, "casademo.flagdata_suite.time_flagdata_list_summary": {"result": [8.634939096169546], "stats": [{"ci_99": [8.108733284985647, 9.161144907353446], "q_25": 8.629677038057707, "q_75": 8.640201154281385, "min": 8.624414979945868, "max": 8.645463212393224, "mean": 8.634939096169546, "std": 0.010524116223677993, "repeat": 2, "number": 2}]}, "casademo.flagdata_suite.time_flagdata_summary": {"result": [8.161978728603572], "stats": [{"ci_99": [8.003991146106273, 8.31996631110087], "q_25": 8.160398852778599, "q_75": 8.163558604428545, "min": 8.158818976953626, "max": 8.165138480253518, "mean": 8.161978728603572, "std": 0.0031597516499459743, "repeat": 2, "number": 2}]}, "casademo.tclean_memory_suite.peakmem_tclean_setweighting": 1978200064}, "params": {"arch": "x86_64", "cpu": "Intel(R) Xeon(R) CPU E5-1660 v4 @ 3.20GHz", "machine": "NRAO workstation", "num_cpu": "16", "os": "Linux 3.10.0-1160.15.2.el7.x86_64", "ram": "32GB", "python": "3.6", "pip+casatools": "6.1.1", "pip+casatasks": "6.1.1"}, "requirements": {"pip+casatools": "6.1.1", "pip+casatasks": "6.1.1"}, "commit_hash": "511c796525183a955f5c2383b7b866ddc755b20c", "date": 1607012442000, "env_name": "virtualenv-py3.6-pip+casatasks6.1.1.11-pip+casatools6.1.1.11", "python": "3.6", "profiles": {}, "started_at": {"casademo.calibration_suite.time_applycal_callib": 1630517656590, "casademo.calibration_suite.time_bandpass": 1630517731630, "casademo.calibration_suite.time_gaincal": 1630517812643, "casademo.flagdata_suite.time_flagdata_bandpassflag": 1630517936453, "casademo.flagdata_suite.time_flagdata_list": 1630517949387, "casademo.flagdata_suite.time_flagdata_list_summary": 1630518183361, "casademo.flagdata_suite.time_flagdata_summary": 1630518200655, "casademo.tclean_memory_suite.peakmem_tclean_setweighting": 1630518217046}, "ended_at": {"casademo.calibration_suite.time_applycal_callib": 1630517731630, "casademo.calibration_suite.time_bandpass": 1630517812642, "casademo.calibration_suite.time_gaincal": 1630517936448, "casademo.flagdata_suite.time_flagdata_bandpassflag": 1630517949387, "casademo.flagdata_suite.time_flagdata_list": 1630518183360, "casademo.flagdata_suite.time_flagdata_list_summary": 1630518200654, "casademo.flagdata_suite.time_flagdata_summary": 1630518217046, "casademo.tclean_memory_suite.peakmem_tclean_setweighting": 1630518509426}, "benchmark_version": {"casademo.calibration_suite.time_applycal_callib": "9ef394762fe7135f58c94c0e46a655fae93e7d107904ceff94d228f23b89a589", "casademo.calibration_suite.time_bandpass": "f706aa044f6bc64b915996b7bdd6bc5666cae0eb7c47ff9a70b5bced6c9fbd0c", "casademo.calibration_suite.time_gaincal": "56f8a9022caccdafe4240fb9a2766b2d5d56cc1c784bd724822d3b040f5b5309", "casademo.flagdata_suite.time_flagdata_bandpassflag": "f55e0ffa6be9d655555c5081a0e7bf2bc00b253273ba7c220de0bd2cfb3baf6c", "casademo.flagdata_suite.time_flagdata_list": "1a40b66ffb4a43d48af3407bae817ed4f7667fe778880859384f5f2e7c9c5d1f", "casademo.flagdata_suite.time_flagdata_list_summary": "3eb284062687484026a1defb4fceb705e83b244e37405f8794d431940ff44b08", "casademo.flagdata_suite.time_flagdata_summary": "9e569fb4e2a2f68e59c510bbf889632173be867104a4e5ba5a98d0eb110e82fb", "casademo.tclean_memory_suite.peakmem_tclean_setweighting": "b08240b9d9211ba7e2ce323aae697e4b25deb8a6db4c5e2e48519cedc4707769"}, "version": 1}
