{"results": {"casademo.tclean_memory_suite.peakmem_tclean_setweighting": 1960517632, "casademo.calibration_suite.time_applycal_callib": {"result": [26.713843209668994], "stats": [{"ci_99": [-18.500257298350334, 71.9279437176883], "q_25": 26.2617022045888, "q_75": 27.165984214749187, "min": 25.809561199508607, "max": 27.61812521982938, "mean": 26.713843209668994, "std": 0.9042820101603866, "repeat": 2, "number": 2}]}, "casademo.calibration_suite.time_bandpass": {"result": [24.919674914097413], "stats": [{"ci_99": [-16.928050729213282, 66.76740055740808], "q_25": 24.501197657664306, "q_75": 25.33815217053052, "min": 24.0827204012312, "max": 25.756629426963627, "mean": 24.919674914097413, "std": 0.8369545128662139, "repeat": 2, "number": 2}]}, "casademo.calibration_suite.time_gaincal": {"result": [50.58778307819739], "stats": [{"ci_99": [0.8645731252618134, 100.31099303113292], "q_25": 50.090550978668034, "q_75": 51.085015177726746, "min": 49.59331887913868, "max": 51.5822472772561, "mean": 50.58778307819739, "std": 0.9944641990587115, "repeat": 2, "number": 2}]}, "casademo.flagdata_suite.time_flagdata_bandpassflag": {"result": [31.72545812628232], "stats": [{"ci_99": [30.28494176757522, 33.16597448498942], "q_25": 31.71105296269525, "q_75": 31.73986328986939, "min": 31.696647799108177, "max": 31.75426845345646, "mean": 31.72545812628232, "std": 0.028810327174142003, "repeat": 2, "number": 2}]}, "casademo.flagdata_suite.time_flagdata_list": {"result": [133.9776387824677], "stats": [{"ci_99": [57.04483570670709, 210.91044185822824], "q_25": 133.2083107517101, "q_75": 134.7469668132253, "min": 132.43898272095248, "max": 135.5162948439829, "mean": 133.9776387824677, "std": 1.538656061515212, "repeat": 2, "number": 2}]}, "casademo.flagdata_suite.time_flagdata_list_summary": {"result": [34.14988459018059], "stats": [{"ci_99": [18.553012476069853, 49.746756704291315], "q_25": 33.99391586903948, "q_75": 34.3058533113217, "min": 33.837947147898376, "max": 34.461822032462806, "mean": 34.14988459018059, "std": 0.31193744228221476, "repeat": 2, "number": 2}]}, "casademo.flagdata_suite.time_flagdata_summary": {"result": [33.40976407355629], "stats": [{"ci_99": [-3.539450486889109, 70.35897863400166], "q_25": 33.040271927951835, "q_75": 33.77925621916074, "min": 32.67077978234738, "max": 34.1487483647652, "mean": 33.40976407355629, "std": 0.738984291208908, "repeat": 2, "number": 2}]}}, "params": {"arch": "x86_64", "cpu": "Intel(R) Xeon(R) CPU E5-1660 v4 @ 3.20GHz", "machine": "NRAO workstation", "num_cpu": "16", "os": "Linux 3.10.0-1160.15.2.el7.x86_64", "ram": "32GB", "python": "3.6", "pip+casatools": "trunk", "pip+casatasks": "trunk"}, "requirements": {"pip+casatools": "trunk", "pip+casatasks": "trunk"}, "commit_hash": "5432f42ef62e38d7c293d070f5d8ecd0df404645", "date": 1614009148000, "env_name": "virtualenv-py3.6-pip+casatasks-trunk-pip+casatools-trunk", "python": "3.6", "profiles": {}, "started_at": {"casademo.tclean_memory_suite.peakmem_tclean_setweighting": 1629851795300, "casademo.calibration_suite.time_applycal_callib": 1629851047330, "casademo.calibration_suite.time_bandpass": 1629851124224, "casademo.calibration_suite.time_gaincal": 1629851200065, "casademo.flagdata_suite.time_flagdata_bandpassflag": 1629851323420, "casademo.flagdata_suite.time_flagdata_list": 1629851386887, "casademo.flagdata_suite.time_flagdata_list_summary": 1629851657968, "casademo.flagdata_suite.time_flagdata_summary": 1629851726945}, "ended_at": {"casademo.tclean_memory_suite.peakmem_tclean_setweighting": 1629851961954, "casademo.calibration_suite.time_applycal_callib": 1629851124224, "casademo.calibration_suite.time_bandpass": 1629851200064, "casademo.calibration_suite.time_gaincal": 1629851323415, "casademo.flagdata_suite.time_flagdata_bandpassflag": 1629851386886, "casademo.flagdata_suite.time_flagdata_list": 1629851657967, "casademo.flagdata_suite.time_flagdata_list_summary": 1629851726945, "casademo.flagdata_suite.time_flagdata_summary": 1629851795300}, "benchmark_version": {"casademo.calibration_suite.time_applycal_callib": "9ef394762fe7135f58c94c0e46a655fae93e7d107904ceff94d228f23b89a589", "casademo.calibration_suite.time_bandpass": "f706aa044f6bc64b915996b7bdd6bc5666cae0eb7c47ff9a70b5bced6c9fbd0c", "casademo.calibration_suite.time_gaincal": "56f8a9022caccdafe4240fb9a2766b2d5d56cc1c784bd724822d3b040f5b5309", "casademo.flagdata_suite.time_flagdata_bandpassflag": "f55e0ffa6be9d655555c5081a0e7bf2bc00b253273ba7c220de0bd2cfb3baf6c", "casademo.flagdata_suite.time_flagdata_list": "1a40b66ffb4a43d48af3407bae817ed4f7667fe778880859384f5f2e7c9c5d1f", "casademo.flagdata_suite.time_flagdata_list_summary": "3eb284062687484026a1defb4fceb705e83b244e37405f8794d431940ff44b08", "casademo.flagdata_suite.time_flagdata_summary": "9e569fb4e2a2f68e59c510bbf889632173be867104a4e5ba5a98d0eb110e82fb", "casademo.tclean_memory_suite.peakmem_tclean_setweighting": "b08240b9d9211ba7e2ce323aae697e4b25deb8a6db4c5e2e48519cedc4707769"}, "version": 1}
