{"results": {"casademo.calibration_suite.time_applycal_callib": {"result": [25.86527385143563], "stats": [{"ci_99": [-26.541097649838775, 78.27164535271], "q_25": 25.341210136422887, "q_75": 26.389337566448376, "min": 24.817146421410143, "max": 26.91340128146112, "mean": 25.86527385143563, "std": 1.0481274300254881, "repeat": 2, "number": 2}]}, "casademo.calibration_suite.time_bandpass": {"result": [25.05184008087963], "stats": [{"ci_99": [22.79809903167188, 27.305581130087376], "q_25": 25.02930267038755, "q_75": 25.074377491371706, "min": 25.006765259895474, "max": 25.096914901863784, "mean": 25.05184008087963, "std": 0.04507482098415494, "repeat": 2, "number": 2}]}, "casademo.calibration_suite.time_gaincal": {"result": [50.55150787578896], "stats": [{"ci_99": [31.52821182506159, 69.57480392651631], "q_25": 50.36127491528168, "q_75": 50.74174083629623, "min": 50.17104195477441, "max": 50.931973796803504, "mean": 50.55150787578896, "std": 0.38046592101454735, "repeat": 2, "number": 2}]}, "casademo.flagdata_suite.time_flagdata_bandpassflag": {"result": [6.608278434956446], "stats": [{"ci_99": [5.146297861589119, 8.070259008323772], "q_25": 6.593658629222773, "q_75": 6.62289824069012, "min": 6.5790388234891, "max": 6.637518046423793, "mean": 6.608278434956446, "std": 0.02923961146734655, "repeat": 2, "number": 2}]}, "casademo.flagdata_suite.time_flagdata_list": {"result": [117.18000409030356], "stats": [{"ci_99": [112.72744023310952, 121.63256794749759], "q_25": 117.13547845173161, "q_75": 117.2245297288755, "min": 117.09095281315967, "max": 117.26905536744744, "mean": 117.18000409030356, "std": 0.08905127714388072, "repeat": 2, "number": 2}]}, "casademo.flagdata_suite.time_flagdata_list_summary": {"result": [8.800517182564363], "stats": [{"ci_99": [7.872197017306462, 9.728837347822264], "q_25": 8.791233980911784, "q_75": 8.809800384216942, "min": 8.781950779259205, "max": 8.819083585869521, "mean": 8.800517182564363, "std": 0.01856640330515802, "repeat": 2, "number": 2}]}, "casademo.flagdata_suite.time_flagdata_summary": {"result": [8.526302161160856], "stats": [{"ci_99": [7.723893303889781, 9.328711018431932], "q_25": 8.518278072588146, "q_75": 8.534326249733567, "min": 8.510253984015435, "max": 8.542350338306278, "mean": 8.526302161160856, "std": 0.016048177145421505, "repeat": 2, "number": 2}]}, "casademo.tclean_memory_suite.peakmem_tclean_setweighting": 1978220544}, "params": {"arch": "x86_64", "cpu": "Intel(R) Xeon(R) CPU E5-1660 v4 @ 3.20GHz", "machine": "NRAO workstation", "num_cpu": "16", "os": "Linux 3.10.0-1160.15.2.el7.x86_64", "ram": "32GB", "python": "3.6", "pip+casatools": "6.1.2", "pip+casatasks": "6.1.2"}, "requirements": {"pip+casatools": "6.1.2", "pip+casatasks": "6.1.2"}, "commit_hash": "572d1107c77f919eaea263d964782a8cfe6e82f3", "date": 1607019578000, "env_name": "virtualenv-py3.6-pip+casatasks6.1.2.5-pip+casatools6.1.2.5", "python": "3.6", "profiles": {}, "started_at": {"casademo.calibration_suite.time_applycal_callib": 1630543786048, "casademo.calibration_suite.time_bandpass": 1630543860235, "casademo.calibration_suite.time_gaincal": 1630543935325, "casademo.flagdata_suite.time_flagdata_bandpassflag": 1630544059040, "casademo.flagdata_suite.time_flagdata_list": 1630544072275, "casademo.flagdata_suite.time_flagdata_list_summary": 1630544306901, "casademo.flagdata_suite.time_flagdata_summary": 1630544324595, "casademo.tclean_memory_suite.peakmem_tclean_setweighting": 1630544341688}, "ended_at": {"casademo.calibration_suite.time_applycal_callib": 1630543860235, "casademo.calibration_suite.time_bandpass": 1630543935325, "casademo.calibration_suite.time_gaincal": 1630544059033, "casademo.flagdata_suite.time_flagdata_bandpassflag": 1630544072275, "casademo.flagdata_suite.time_flagdata_list": 1630544306900, "casademo.flagdata_suite.time_flagdata_list_summary": 1630544324595, "casademo.flagdata_suite.time_flagdata_summary": 1630544341688, "casademo.tclean_memory_suite.peakmem_tclean_setweighting": 1630544644067}, "benchmark_version": {"casademo.calibration_suite.time_applycal_callib": "9ef394762fe7135f58c94c0e46a655fae93e7d107904ceff94d228f23b89a589", "casademo.calibration_suite.time_bandpass": "f706aa044f6bc64b915996b7bdd6bc5666cae0eb7c47ff9a70b5bced6c9fbd0c", "casademo.calibration_suite.time_gaincal": "56f8a9022caccdafe4240fb9a2766b2d5d56cc1c784bd724822d3b040f5b5309", "casademo.flagdata_suite.time_flagdata_bandpassflag": "f55e0ffa6be9d655555c5081a0e7bf2bc00b253273ba7c220de0bd2cfb3baf6c", "casademo.flagdata_suite.time_flagdata_list": "1a40b66ffb4a43d48af3407bae817ed4f7667fe778880859384f5f2e7c9c5d1f", "casademo.flagdata_suite.time_flagdata_list_summary": "3eb284062687484026a1defb4fceb705e83b244e37405f8794d431940ff44b08", "casademo.flagdata_suite.time_flagdata_summary": "9e569fb4e2a2f68e59c510bbf889632173be867104a4e5ba5a98d0eb110e82fb", "casademo.tclean_memory_suite.peakmem_tclean_setweighting": "b08240b9d9211ba7e2ce323aae697e4b25deb8a6db4c5e2e48519cedc4707769"}, "version": 1}
