{"results": {"casademo.calibration_suite.time_applycal_callib": {"result": [32.36256768507883], "stats": [{"ci_99": [-240.4998043733649, 305.2249397435223], "q_25": 29.633943964494392, "q_75": 35.09119140566327, "min": 26.905320243909955, "max": 37.819815126247704, "mean": 32.36256768507883, "std": 5.4572474411688745, "repeat": 2, "number": 2}]}, "casademo.calibration_suite.time_bandpass": {"result": [24.771449556341395], "stats": [{"ci_99": [11.061076114187017, 38.48182299849576], "q_25": 24.63434582191985, "q_75": 24.90855329076294, "min": 24.497242087498307, "max": 25.045657025184482, "mean": 24.771449556341395, "std": 0.27420746884308755, "repeat": 2, "number": 2}]}, "casademo.calibration_suite.time_gaincal": {"result": [50.67607591254637], "stats": [{"ci_99": [19.27155461953953, 82.08059720555318], "q_25": 50.3620306996163, "q_75": 50.990121125476435, "min": 50.04798548668623, "max": 51.3041663384065, "mean": 50.67607591254637, "std": 0.6280904258601367, "repeat": 2, "number": 2}]}, "casademo.flagdata_suite.time_flagdata_bandpassflag": {"result": [32.2761624653358], "stats": [{"ci_99": [32.26949455658905, 32.28283037408255], "q_25": 32.276095786248334, "q_75": 32.27622914442327, "min": 32.276029107160866, "max": 32.276295823510736, "mean": 32.2761624653358, "std": 0.00013335817493498325, "repeat": 2, "number": 2}]}, "casademo.flagdata_suite.time_flagdata_list": {"result": [135.13420421467163], "stats": [{"ci_99": [133.32136693014763, 136.94704149919562], "q_25": 135.1160758418264, "q_75": 135.15233258751687, "min": 135.09794746898115, "max": 135.1704609603621, "mean": 135.13420421467163, "std": 0.036256745690479875, "repeat": 2, "number": 2}]}, "casademo.flagdata_suite.time_flagdata_list_summary": {"result": [35.09228556114249], "stats": [{"ci_99": [30.847062374697998, 39.33750874758698], "q_25": 35.049833329278044, "q_75": 35.134737793006934, "min": 35.0073810974136, "max": 35.17719002487138, "mean": 35.09228556114249, "std": 0.08490446372888982, "repeat": 2, "number": 2}]}, "casademo.flagdata_suite.time_flagdata_summary": {"result": [34.716753551736474], "stats": [{"ci_99": [34.06828081421554, 35.36522628925741], "q_25": 34.710268824361265, "q_75": 34.72323827911168, "min": 34.703784096986055, "max": 34.72972300648689, "mean": 34.716753551736474, "std": 0.012969454750418663, "repeat": 2, "number": 2}]}, "casademo.tclean_memory_suite.peakmem_tclean_setweighting": 1865437184}, "params": {"arch": "x86_64", "cpu": "Intel(R) Xeon(R) CPU E5-1660 v4 @ 3.20GHz", "machine": "NRAO workstation", "num_cpu": "16", "os": "Linux 3.10.0-1160.15.2.el7.x86_64", "ram": "32GB", "python": "3.6", "pip+casatools": "6.2.0", "pip+casatasks": "6.2.0"}, "requirements": {"pip+casatools": "6.2.0", "pip+casatasks": "6.2.0"}, "commit_hash": "5ad7fa6c0ed1fed989c209697f448690c1f31c0b", "date": 1604960698000, "env_name": "virtualenv-py3.6-pip+casatasks6.2.0.47-pip+casatools6.2.0.47", "python": "3.6", "profiles": {}, "started_at": {"casademo.calibration_suite.time_applycal_callib": 1629987766017, "casademo.calibration_suite.time_bandpass": 1629987891878, "casademo.calibration_suite.time_gaincal": 1629987967065, "casademo.flagdata_suite.time_flagdata_bandpassflag": 1629988090824, "casademo.flagdata_suite.time_flagdata_list": 1629988155422, "casademo.flagdata_suite.time_flagdata_list_summary": 1629988425827, "casademo.flagdata_suite.time_flagdata_summary": 1629988496238, "casademo.tclean_memory_suite.peakmem_tclean_setweighting": 1629988565748}, "ended_at": {"casademo.calibration_suite.time_applycal_callib": 1629987891877, "casademo.calibration_suite.time_bandpass": 1629987967065, "casademo.calibration_suite.time_gaincal": 1629988090820, "casademo.flagdata_suite.time_flagdata_bandpassflag": 1629988155422, "casademo.flagdata_suite.time_flagdata_list": 1629988425826, "casademo.flagdata_suite.time_flagdata_list_summary": 1629988496238, "casademo.flagdata_suite.time_flagdata_summary": 1629988565747, "casademo.tclean_memory_suite.peakmem_tclean_setweighting": 1629988874355}, "benchmark_version": {"casademo.calibration_suite.time_applycal_callib": "1f6437b2270507d06f2c91c35b12dce1187d02851c4b0d0c872bbcfda3e5c4f6", "casademo.calibration_suite.time_bandpass": "a69d32cd1360ece09039f1051989506a7673f5a708021e87c81e0936374d64ce", "casademo.calibration_suite.time_gaincal": "70a393fa53b72183c406b9cc585dca7828b9b8d585b8077a80e0946ee81ebeb0", "casademo.flagdata_suite.time_flagdata_bandpassflag": "6bc01de4a73ffea44f2190b51350292cc1e1256989be0f26cc4ec77341df934a", "casademo.flagdata_suite.time_flagdata_list": "f4d15370d3c2c0c746d0c9c28b87ee190865ebfa9e210cc5773201bea0df7bf9", "casademo.flagdata_suite.time_flagdata_list_summary": "58e4c1cc3e1c3c5f723c910c861bad52078405a7026f0321526fad1a15b04ee3", "casademo.flagdata_suite.time_flagdata_summary": "7d302987a4e4e75e43325fd83f2c968688e4b8a56a6476db46a4fcc0bc003e95", "casademo.tclean_memory_suite.peakmem_tclean_setweighting": "3fb5214d1e8e5bf8170efbe8114cd88b0e1e51db87c955bc588eb95ba91e4f71"}, "version": 1}
