{"results": {"casademo.calibration_suite.time_applycal_callib": {"result": [32.36256768507883], "stats": [{"ci_99": [-240.4998043733649, 305.2249397435223], "q_25": 29.633943964494392, "q_75": 35.09119140566327, "min": 26.905320243909955, "max": 37.819815126247704, "mean": 32.36256768507883, "std": 5.4572474411688745, "repeat": 2, "number": 2}]}, "casademo.calibration_suite.time_bandpass": {"result": [24.771449556341395], "stats": [{"ci_99": [11.061076114187017, 38.48182299849576], "q_25": 24.63434582191985, "q_75": 24.90855329076294, "min": 24.497242087498307, "max": 25.045657025184482, "mean": 24.771449556341395, "std": 0.27420746884308755, "repeat": 2, "number": 2}]}, "casademo.calibration_suite.time_gaincal": {"result": [50.67607591254637], "stats": [{"ci_99": [19.27155461953953, 82.08059720555318], "q_25": 50.3620306996163, "q_75": 50.990121125476435, "min": 50.04798548668623, "max": 51.3041663384065, "mean": 50.67607591254637, "std": 0.6280904258601367, "repeat": 2, "number": 2}]}, "casademo.flagdata_suite.time_flagdata_bandpassflag": {"result": [32.2761624653358], "stats": [{"ci_99": [32.26949455658905, 32.28283037408255], "q_25": 32.276095786248334, "q_75": 32.27622914442327, "min": 32.276029107160866, "max": 32.276295823510736, "mean": 32.2761624653358, "std": 0.00013335817493498325, "repeat": 2, "number": 2}]}, "casademo.flagdata_suite.time_flagdata_list": {"result": [135.13420421467163], "stats": [{"ci_99": [133.32136693014763, 136.94704149919562], "q_25": 135.1160758418264, "q_75": 135.15233258751687, "min": 135.09794746898115, "max": 135.1704609603621, "mean": 135.13420421467163, "std": 0.036256745690479875, "repeat": 2, "number": 2}]}, "casademo.flagdata_suite.time_flagdata_list_summary": {"result": [35.09228556114249], "stats": [{"ci_99": [30.847062374697998, 39.33750874758698], "q_25": 35.049833329278044, "q_75": 35.134737793006934, "min": 35.0073810974136, "max": 35.17719002487138, "mean": 35.09228556114249, "std": 0.08490446372888982, "repeat": 2, "number": 2}]}, "casademo.flagdata_suite.time_flagdata_summary": {"result": [34.716753551736474], "stats": [{"ci_99": [34.06828081421554, 35.36522628925741], "q_25": 34.710268824361265, "q_75": 34.72323827911168, "min": 34.703784096986055, "max": 34.72972300648689, "mean": 34.716753551736474, "std": 0.012969454750418663, "repeat": 2, "number": 2}]}, "casademo.tclean_memory_suite.peakmem_tclean_setweighting": 1865437184}, "params": {"arch": "x86_64", "cpu": "Intel(R) Xeon(R) CPU E5-1660 v4 @ 3.20GHz", "machine": "NRAO workstation", "num_cpu": "16", "os": "Linux 3.10.0-1160.15.2.el7.x86_64", "ram": "32GB", "python": "3.6", "pip+casatools": "trunk", "pip+casatasks": "trunk"}, "requirements": {"pip+casatools": "trunk", "pip+casatasks": "trunk"}, "commit_hash": "5ad7fa6c0ed1fed989c209697f448690c1f31c0b", "date": 1604960698000, "env_name": "virtualenv-py3.6-pip+casatasks-trunk-pip+casatools-trunk", "python": "3.6", "profiles": {}, "started_at": {"casademo.calibration_suite.time_applycal_callib": 1629987766017, "casademo.calibration_suite.time_bandpass": 1629987891878, "casademo.calibration_suite.time_gaincal": 1629987967065, "casademo.flagdata_suite.time_flagdata_bandpassflag": 1629988090824, "casademo.flagdata_suite.time_flagdata_list": 1629988155422, "casademo.flagdata_suite.time_flagdata_list_summary": 1629988425827, "casademo.flagdata_suite.time_flagdata_summary": 1629988496238, "casademo.tclean_memory_suite.peakmem_tclean_setweighting": 1629988565748}, "ended_at": {"casademo.calibration_suite.time_applycal_callib": 1629987891877, "casademo.calibration_suite.time_bandpass": 1629987967065, "casademo.calibration_suite.time_gaincal": 1629988090820, "casademo.flagdata_suite.time_flagdata_bandpassflag": 1629988155422, "casademo.flagdata_suite.time_flagdata_list": 1629988425826, "casademo.flagdata_suite.time_flagdata_list_summary": 1629988496238, "casademo.flagdata_suite.time_flagdata_summary": 1629988565747, "casademo.tclean_memory_suite.peakmem_tclean_setweighting": 1629988874355}, "benchmark_version": {"casademo.calibration_suite.time_applycal_callib": "9ef394762fe7135f58c94c0e46a655fae93e7d107904ceff94d228f23b89a589", "casademo.calibration_suite.time_bandpass": "f706aa044f6bc64b915996b7bdd6bc5666cae0eb7c47ff9a70b5bced6c9fbd0c", "casademo.calibration_suite.time_gaincal": "56f8a9022caccdafe4240fb9a2766b2d5d56cc1c784bd724822d3b040f5b5309", "casademo.flagdata_suite.time_flagdata_bandpassflag": "f55e0ffa6be9d655555c5081a0e7bf2bc00b253273ba7c220de0bd2cfb3baf6c", "casademo.flagdata_suite.time_flagdata_list": "1a40b66ffb4a43d48af3407bae817ed4f7667fe778880859384f5f2e7c9c5d1f", "casademo.flagdata_suite.time_flagdata_list_summary": "3eb284062687484026a1defb4fceb705e83b244e37405f8794d431940ff44b08", "casademo.flagdata_suite.time_flagdata_summary": "9e569fb4e2a2f68e59c510bbf889632173be867104a4e5ba5a98d0eb110e82fb", "casademo.tclean_memory_suite.peakmem_tclean_setweighting": "b08240b9d9211ba7e2ce323aae697e4b25deb8a6db4c5e2e48519cedc4707769"}, "version": 1}
