{"results": {"casademo.tclean_memory_suite.peakmem_tclean_setweighting": 1959555072, "casademo.calibration_suite.time_applycal_callib": {"result": [38.33654539170675], "stats": [{"ci_99": [-620.0675358881708, 696.7406266715838], "q_25": 31.752504578907974, "q_75": 44.920586204505526, "min": 25.1684637661092, "max": 51.5046270173043, "mean": 38.33654539170675, "std": 13.168081625597551, "repeat": 2, "number": 2}]}, "casademo.calibration_suite.time_bandpass": {"result": [24.933017073431984], "stats": [{"ci_99": [21.566416712244973, 28.29961743461899], "q_25": 24.899351069820113, "q_75": 24.966683077043854, "min": 24.865685066208243, "max": 25.000349080655724, "mean": 24.933017073431984, "std": 0.06733200722374022, "repeat": 2, "number": 2}]}, "casademo.calibration_suite.time_gaincal": {"result": [49.83769793319516], "stats": [{"ci_99": [49.02234416943975, 50.65305169695057], "q_25": 49.829544395557605, "q_75": 49.84585147083271, "min": 49.82139085792005, "max": 49.85400500847027, "mean": 49.83769793319516, "std": 0.016307075275108218, "repeat": 2, "number": 2}]}, "casademo.flagdata_suite.time_flagdata_bandpassflag": {"result": [9.43725626822561], "stats": [{"ci_99": [7.524802800267935, 11.349709736183284], "q_25": 9.418131733546034, "q_75": 9.456380802905187, "min": 9.399007198866457, "max": 9.475505337584764, "mean": 9.43725626822561, "std": 0.03824906935915351, "repeat": 2, "number": 2}]}, "casademo.flagdata_suite.time_flagdata_list": {"result": [113.98322911374271], "stats": [{"ci_99": [112.7112762387842, 115.25518198870122], "q_25": 113.97050958499312, "q_75": 113.9959486424923, "min": 113.95779005624354, "max": 114.00866817124188, "mean": 113.98322911374271, "std": 0.025439057499170303, "repeat": 2, "number": 2}]}, "casademo.flagdata_suite.time_flagdata_list_summary": {"result": [12.51019235746935], "stats": [{"ci_99": [8.877942907158285, 16.14244180778041], "q_25": 12.47386986296624, "q_75": 12.54651485197246, "min": 12.437547368463129, "max": 12.582837346475571, "mean": 12.51019235746935, "std": 0.0726449890062213, "repeat": 2, "number": 2}]}, "casademo.flagdata_suite.time_flagdata_summary": {"result": [12.358216936700046], "stats": [{"ci_99": [11.261699949391186, 13.454733924008906], "q_25": 12.347251766826957, "q_75": 12.369182106573135, "min": 12.336286596953869, "max": 12.380147276446223, "mean": 12.358216936700046, "std": 0.021930339746177197, "repeat": 2, "number": 2}]}}, "params": {"arch": "x86_64", "cpu": "Intel(R) Xeon(R) CPU E5-1660 v4 @ 3.20GHz", "machine": "NRAO workstation", "num_cpu": "16", "os": "Linux 3.10.0-1160.15.2.el7.x86_64", "ram": "32GB", "python": "3.6", "pip+casatools": "6.3.0", "pip+casatasks": "6.3.0"}, "requirements": {"pip+casatools": "6.3.0", "pip+casatasks": "6.3.0"}, "commit_hash": "5c3f632225850786ad439cac33e671e55d8ee2c5", "date": 1628515347000, "env_name": "virtualenv-py3.6-pip+casatasks6.3.0.37-pip+casatools6.3.0.37", "python": "3.6", "profiles": {}, "started_at": {"casademo.tclean_memory_suite.peakmem_tclean_setweighting": 1630180137492, "casademo.calibration_suite.time_applycal_callib": 1630179564071, "casademo.calibration_suite.time_bandpass": 1630179639059, "casademo.calibration_suite.time_gaincal": 1630179717009, "casademo.flagdata_suite.time_flagdata_bandpassflag": 1630179840668, "casademo.flagdata_suite.time_flagdata_list": 1630179859514, "casademo.flagdata_suite.time_flagdata_list_summary": 1630180087572, "casademo.flagdata_suite.time_flagdata_summary": 1630180112783}, "ended_at": {"casademo.tclean_memory_suite.peakmem_tclean_setweighting": 1630180310011, "casademo.calibration_suite.time_applycal_callib": 1630179639059, "casademo.calibration_suite.time_bandpass": 1630179717009, "casademo.calibration_suite.time_gaincal": 1630179840665, "casademo.flagdata_suite.time_flagdata_bandpassflag": 1630179859514, "casademo.flagdata_suite.time_flagdata_list": 1630180087572, "casademo.flagdata_suite.time_flagdata_list_summary": 1630180112783, "casademo.flagdata_suite.time_flagdata_summary": 1630180137492}, "benchmark_version": {"casademo.tclean_memory_suite.peakmem_tclean_setweighting": "3fb5214d1e8e5bf8170efbe8114cd88b0e1e51db87c955bc588eb95ba91e4f71", "casademo.calibration_suite.time_applycal_callib": "1f6437b2270507d06f2c91c35b12dce1187d02851c4b0d0c872bbcfda3e5c4f6", "casademo.calibration_suite.time_bandpass": "a69d32cd1360ece09039f1051989506a7673f5a708021e87c81e0936374d64ce", "casademo.calibration_suite.time_gaincal": "70a393fa53b72183c406b9cc585dca7828b9b8d585b8077a80e0946ee81ebeb0", "casademo.flagdata_suite.time_flagdata_bandpassflag": "6bc01de4a73ffea44f2190b51350292cc1e1256989be0f26cc4ec77341df934a", "casademo.flagdata_suite.time_flagdata_list": "f4d15370d3c2c0c746d0c9c28b87ee190865ebfa9e210cc5773201bea0df7bf9", "casademo.flagdata_suite.time_flagdata_list_summary": "58e4c1cc3e1c3c5f723c910c861bad52078405a7026f0321526fad1a15b04ee3", "casademo.flagdata_suite.time_flagdata_summary": "7d302987a4e4e75e43325fd83f2c968688e4b8a56a6476db46a4fcc0bc003e95"}, "version": 1}
