{"results": {"casademo.tclean_memory_suite.peakmem_tclean_setweighting": 1959555072, "casademo.calibration_suite.time_applycal_callib": {"result": [38.33654539170675], "stats": [{"ci_99": [-620.0675358881708, 696.7406266715838], "q_25": 31.752504578907974, "q_75": 44.920586204505526, "min": 25.1684637661092, "max": 51.5046270173043, "mean": 38.33654539170675, "std": 13.168081625597551, "repeat": 2, "number": 2}]}, "casademo.calibration_suite.time_bandpass": {"result": [24.933017073431984], "stats": [{"ci_99": [21.566416712244973, 28.29961743461899], "q_25": 24.899351069820113, "q_75": 24.966683077043854, "min": 24.865685066208243, "max": 25.000349080655724, "mean": 24.933017073431984, "std": 0.06733200722374022, "repeat": 2, "number": 2}]}, "casademo.calibration_suite.time_gaincal": {"result": [49.83769793319516], "stats": [{"ci_99": [49.02234416943975, 50.65305169695057], "q_25": 49.829544395557605, "q_75": 49.84585147083271, "min": 49.82139085792005, "max": 49.85400500847027, "mean": 49.83769793319516, "std": 0.016307075275108218, "repeat": 2, "number": 2}]}, "casademo.flagdata_suite.time_flagdata_bandpassflag": {"result": [9.43725626822561], "stats": [{"ci_99": [7.524802800267935, 11.349709736183284], "q_25": 9.418131733546034, "q_75": 9.456380802905187, "min": 9.399007198866457, "max": 9.475505337584764, "mean": 9.43725626822561, "std": 0.03824906935915351, "repeat": 2, "number": 2}]}, "casademo.flagdata_suite.time_flagdata_list": {"result": [113.98322911374271], "stats": [{"ci_99": [112.7112762387842, 115.25518198870122], "q_25": 113.97050958499312, "q_75": 113.9959486424923, "min": 113.95779005624354, "max": 114.00866817124188, "mean": 113.98322911374271, "std": 0.025439057499170303, "repeat": 2, "number": 2}]}, "casademo.flagdata_suite.time_flagdata_list_summary": {"result": [12.51019235746935], "stats": [{"ci_99": [8.877942907158285, 16.14244180778041], "q_25": 12.47386986296624, "q_75": 12.54651485197246, "min": 12.437547368463129, "max": 12.582837346475571, "mean": 12.51019235746935, "std": 0.0726449890062213, "repeat": 2, "number": 2}]}, "casademo.flagdata_suite.time_flagdata_summary": {"result": [12.358216936700046], "stats": [{"ci_99": [11.261699949391186, 13.454733924008906], "q_25": 12.347251766826957, "q_75": 12.369182106573135, "min": 12.336286596953869, "max": 12.380147276446223, "mean": 12.358216936700046, "std": 0.021930339746177197, "repeat": 2, "number": 2}]}}, "params": {"arch": "x86_64", "cpu": "Intel(R) Xeon(R) CPU E5-1660 v4 @ 3.20GHz", "machine": "NRAO workstation", "num_cpu": "16", "os": "Linux 3.10.0-1160.15.2.el7.x86_64", "ram": "32GB", "python": "3.6", "pip+casatools": "6.3.0", "pip+casatasks": "6.3.0"}, "requirements": {"pip+casatools": "6.3.0", "pip+casatasks": "6.3.0"}, "commit_hash": "5c3f632225850786ad439cac33e671e55d8ee2c5", "date": 1628515347000, "env_name": "virtualenv-py3.6-pip+casatasks6.3.0.37-pip+casatools6.3.0.37", "python": "3.6", "profiles": {}, "started_at": {"casademo.tclean_memory_suite.peakmem_tclean_setweighting": 1630180137492, "casademo.calibration_suite.time_applycal_callib": 1630179564071, "casademo.calibration_suite.time_bandpass": 1630179639059, "casademo.calibration_suite.time_gaincal": 1630179717009, "casademo.flagdata_suite.time_flagdata_bandpassflag": 1630179840668, "casademo.flagdata_suite.time_flagdata_list": 1630179859514, "casademo.flagdata_suite.time_flagdata_list_summary": 1630180087572, "casademo.flagdata_suite.time_flagdata_summary": 1630180112783}, "ended_at": {"casademo.tclean_memory_suite.peakmem_tclean_setweighting": 1630180310011, "casademo.calibration_suite.time_applycal_callib": 1630179639059, "casademo.calibration_suite.time_bandpass": 1630179717009, "casademo.calibration_suite.time_gaincal": 1630179840665, "casademo.flagdata_suite.time_flagdata_bandpassflag": 1630179859514, "casademo.flagdata_suite.time_flagdata_list": 1630180087572, "casademo.flagdata_suite.time_flagdata_list_summary": 1630180112783, "casademo.flagdata_suite.time_flagdata_summary": 1630180137492}, "benchmark_version": {"casademo.calibration_suite.time_applycal_callib": "9ef394762fe7135f58c94c0e46a655fae93e7d107904ceff94d228f23b89a589", "casademo.calibration_suite.time_bandpass": "f706aa044f6bc64b915996b7bdd6bc5666cae0eb7c47ff9a70b5bced6c9fbd0c", "casademo.calibration_suite.time_gaincal": "56f8a9022caccdafe4240fb9a2766b2d5d56cc1c784bd724822d3b040f5b5309", "casademo.flagdata_suite.time_flagdata_bandpassflag": "f55e0ffa6be9d655555c5081a0e7bf2bc00b253273ba7c220de0bd2cfb3baf6c", "casademo.flagdata_suite.time_flagdata_list": "1a40b66ffb4a43d48af3407bae817ed4f7667fe778880859384f5f2e7c9c5d1f", "casademo.flagdata_suite.time_flagdata_list_summary": "3eb284062687484026a1defb4fceb705e83b244e37405f8794d431940ff44b08", "casademo.flagdata_suite.time_flagdata_summary": "9e569fb4e2a2f68e59c510bbf889632173be867104a4e5ba5a98d0eb110e82fb", "casademo.tclean_memory_suite.peakmem_tclean_setweighting": "b08240b9d9211ba7e2ce323aae697e4b25deb8a6db4c5e2e48519cedc4707769"}, "version": 1}
