{"results": {"casademo.tclean_memory_suite.peakmem_tclean_setweighting": 2032717824, "casademo.calibration_suite.time_applycal_callib": {"result": [36.694851260166615], "stats": [{"ci_99": [-458.6124785724096, 532.0021810927424], "q_25": 31.741777961840853, "q_75": 41.64792455849238, "min": 26.78870466351509, "max": 46.60099785681814, "mean": 36.694851260166615, "std": 9.906146596651524, "repeat": 2, "number": 2}]}, "casademo.calibration_suite.time_bandpass": {"result": [24.972207669867203], "stats": [{"ci_99": [-13.253013603156433, 63.1974289428908], "q_25": 24.589955457136966, "q_75": 25.35445988259744, "min": 24.20770324440673, "max": 25.736712095327675, "mean": 24.972207669867203, "std": 0.7645044254604727, "repeat": 2, "number": 2}]}, "casademo.calibration_suite.time_gaincal": {"result": [50.41765970480628], "stats": [{"ci_99": [43.11997439316474, 57.71534501644782], "q_25": 50.34468285168987, "q_75": 50.4906365579227, "min": 50.27170599857345, "max": 50.563613411039114, "mean": 50.41765970480628, "std": 0.14595370623283088, "repeat": 2, "number": 2}]}, "casademo.flagdata_suite.time_flagdata_bandpassflag": {"result": [31.687451496720314], "stats": [{"ci_99": [25.998133717104793, 37.37676927633583], "q_25": 31.63055831892416, "q_75": 31.74434467451647, "min": 31.573665141128004, "max": 31.801237852312624, "mean": 31.687451496720314, "std": 0.11378635559231043, "repeat": 2, "number": 2}]}, "casademo.flagdata_suite.time_flagdata_list": {"result": [133.66435955278575], "stats": [{"ci_99": [132.32232141774148, 135.00639768783003], "q_25": 133.6509391714353, "q_75": 133.6777799341362, "min": 133.63751879008487, "max": 133.69120031548664, "mean": 133.66435955278575, "std": 0.026840762700885534, "repeat": 2, "number": 2}]}, "casademo.flagdata_suite.time_flagdata_list_summary": {"result": [34.43671437446028], "stats": [{"ci_99": [26.167056900449097, 42.706371848471456], "q_25": 34.35401779972017, "q_75": 34.51941094920039, "min": 34.271321224980056, "max": 34.602107523940504, "mean": 34.43671437446028, "std": 0.16539314948022366, "repeat": 2, "number": 2}]}, "casademo.flagdata_suite.time_flagdata_summary": {"result": [34.0960720195435], "stats": [{"ci_99": [32.87469091499224, 35.317453124094754], "q_25": 34.083858208497986, "q_75": 34.10828583058901, "min": 34.071644397452474, "max": 34.120499641634524, "mean": 34.0960720195435, "std": 0.024427622091025114, "repeat": 2, "number": 2}]}}, "params": {"arch": "x86_64", "cpu": "Intel(R) Xeon(R) CPU E5-1660 v4 @ 3.20GHz", "machine": "NRAO workstation", "num_cpu": "16", "os": "Linux 3.10.0-1160.15.2.el7.x86_64", "ram": "32GB", "python": "3.6", "pip+casatools": "trunk", "pip+casatasks": "trunk"}, "requirements": {"pip+casatools": "trunk", "pip+casatasks": "trunk"}, "commit_hash": "5db1a3f5fdf6cf484da076dff4a449ee89f539cc", "date": 1609337959000, "env_name": "virtualenv-py3.6-pip+casatasks-trunk-pip+casatools-trunk", "python": "3.6", "profiles": {}, "started_at": {"casademo.tclean_memory_suite.peakmem_tclean_setweighting": 1629990699676, "casademo.calibration_suite.time_applycal_callib": 1629989941351, "casademo.calibration_suite.time_bandpass": 1629990016989, "casademo.calibration_suite.time_gaincal": 1629990107470, "casademo.flagdata_suite.time_flagdata_bandpassflag": 1629990231121, "casademo.flagdata_suite.time_flagdata_list": 1629990294767, "casademo.flagdata_suite.time_flagdata_list_summary": 1629990562111, "casademo.flagdata_suite.time_flagdata_summary": 1629990631369}, "ended_at": {"casademo.tclean_memory_suite.peakmem_tclean_setweighting": 1629991292259, "casademo.calibration_suite.time_applycal_callib": 1629990016989, "casademo.calibration_suite.time_bandpass": 1629990107469, "casademo.calibration_suite.time_gaincal": 1629990231114, "casademo.flagdata_suite.time_flagdata_bandpassflag": 1629990294766, "casademo.flagdata_suite.time_flagdata_list": 1629990562110, "casademo.flagdata_suite.time_flagdata_list_summary": 1629990631369, "casademo.flagdata_suite.time_flagdata_summary": 1629990699675}, "benchmark_version": {"casademo.calibration_suite.time_applycal_callib": "9ef394762fe7135f58c94c0e46a655fae93e7d107904ceff94d228f23b89a589", "casademo.calibration_suite.time_bandpass": "f706aa044f6bc64b915996b7bdd6bc5666cae0eb7c47ff9a70b5bced6c9fbd0c", "casademo.calibration_suite.time_gaincal": "56f8a9022caccdafe4240fb9a2766b2d5d56cc1c784bd724822d3b040f5b5309", "casademo.flagdata_suite.time_flagdata_bandpassflag": "f55e0ffa6be9d655555c5081a0e7bf2bc00b253273ba7c220de0bd2cfb3baf6c", "casademo.flagdata_suite.time_flagdata_list": "1a40b66ffb4a43d48af3407bae817ed4f7667fe778880859384f5f2e7c9c5d1f", "casademo.flagdata_suite.time_flagdata_list_summary": "3eb284062687484026a1defb4fceb705e83b244e37405f8794d431940ff44b08", "casademo.flagdata_suite.time_flagdata_summary": "9e569fb4e2a2f68e59c510bbf889632173be867104a4e5ba5a98d0eb110e82fb", "casademo.tclean_memory_suite.peakmem_tclean_setweighting": "b08240b9d9211ba7e2ce323aae697e4b25deb8a6db4c5e2e48519cedc4707769"}, "version": 1}
