{"results": {"casademo.calibration_suite.time_applycal_callib": {"result": [39.10326521471143], "stats": [{"ci_99": [-518.9875733423978, 597.1941037718202], "q_25": 33.522356829140335, "q_75": 44.68417360028252, "min": 27.941448443569243, "max": 50.26508198585361, "mean": 39.10326521471143, "std": 11.161816771142185, "repeat": 2, "number": 2}]}, "casademo.calibration_suite.time_bandpass": {"result": [25.757678400725126], "stats": [{"ci_99": [23.629220098257065, 27.886136703193188], "q_25": 25.736393817700446, "q_75": 25.778962983749807, "min": 25.715109234675765, "max": 25.800247566774487, "mean": 25.757678400725126, "std": 0.04256916604936123, "repeat": 2, "number": 2}]}, "casademo.calibration_suite.time_gaincal": {"result": [50.863429757533595], "stats": [{"ci_99": [33.41421997663565, 68.31263953843153], "q_25": 50.688937659724616, "q_75": 51.037921855342574, "min": 50.514445561915636, "max": 51.212413953151554, "mean": 50.863429757533595, "std": 0.3489841956179589, "repeat": 2, "number": 2}]}, "casademo.flagdata_suite.time_flagdata_bandpassflag": {"result": [5.429337542504072], "stats": [{"ci_99": [4.802397774532437, 6.056277310475706], "q_25": 5.423068144824356, "q_75": 5.4356069401837885, "min": 5.4167987471446395, "max": 5.441876337863505, "mean": 5.429337542504072, "std": 0.012538795359432697, "repeat": 2, "number": 2}]}, "casademo.flagdata_suite.time_flagdata_list": {"result": [106.57256908877753], "stats": [{"ci_99": [99.75879868422635, 113.3863394933287], "q_25": 106.50443138473202, "q_75": 106.64070679282304, "min": 106.4362936806865, "max": 106.70884449686855, "mean": 106.57256908877753, "std": 0.13627540809102356, "repeat": 2, "number": 2}]}, "casademo.flagdata_suite.time_flagdata_list_summary": {"result": [7.457687123445794], "stats": [{"ci_99": [7.362007756950334, 7.553366489941254], "q_25": 7.456730329780839, "q_75": 7.458643917110749, "min": 7.455773536115885, "max": 7.459600710775703, "mean": 7.457687123445794, "std": 0.0019135873299092054, "repeat": 2, "number": 2}]}, "casademo.flagdata_suite.time_flagdata_summary": {"result": [7.09764224360697], "stats": [{"ci_99": [6.729856847086921, 7.465427640127018], "q_25": 7.093964389641769, "q_75": 7.10132009757217, "min": 7.090286535676569, "max": 7.104997951537371, "mean": 7.09764224360697, "std": 0.007355707930400968, "repeat": 2, "number": 2}]}, "casademo.tclean_memory_suite.peakmem_tclean_setweighting": 1861730304}, "params": {"arch": "x86_64", "cpu": "Intel(R) Xeon(R) CPU E5-1660 v4 @ 3.20GHz", "machine": "NRAO workstation", "num_cpu": "16", "os": "Linux 3.10.0-1160.15.2.el7.x86_64", "ram": "32GB", "python": "3.6", "pip+casatools": "6.2.0", "pip+casatasks": "6.2.0"}, "requirements": {"pip+casatools": "6.2.0", "pip+casatasks": "6.2.0"}, "commit_hash": "5e64adb2e18fad5334bda4c10561042762fd36f0", "date": 1600279850000, "env_name": "virtualenv-py3.6-pip+casatasks6.2.0.27-pip+casatools6.2.0.27", "python": "3.6", "profiles": {}, "started_at": {"casademo.calibration_suite.time_applycal_callib": 1629939149479, "casademo.calibration_suite.time_bandpass": 1629939277195, "casademo.calibration_suite.time_gaincal": 1629939353187, "casademo.flagdata_suite.time_flagdata_bandpassflag": 1629939477250, "casademo.flagdata_suite.time_flagdata_list": 1629939488180, "casademo.flagdata_suite.time_flagdata_list_summary": 1629939701658, "casademo.flagdata_suite.time_flagdata_summary": 1629939716646, "casademo.tclean_memory_suite.peakmem_tclean_setweighting": 1629939730883}, "ended_at": {"casademo.calibration_suite.time_applycal_callib": 1629939277195, "casademo.calibration_suite.time_bandpass": 1629939353186, "casademo.calibration_suite.time_gaincal": 1629939477243, "casademo.flagdata_suite.time_flagdata_bandpassflag": 1629939488179, "casademo.flagdata_suite.time_flagdata_list": 1629939701657, "casademo.flagdata_suite.time_flagdata_list_summary": 1629939716646, "casademo.flagdata_suite.time_flagdata_summary": 1629939730883, "casademo.tclean_memory_suite.peakmem_tclean_setweighting": 1629940031047}, "benchmark_version": {"casademo.calibration_suite.time_applycal_callib": "1f6437b2270507d06f2c91c35b12dce1187d02851c4b0d0c872bbcfda3e5c4f6", "casademo.calibration_suite.time_bandpass": "a69d32cd1360ece09039f1051989506a7673f5a708021e87c81e0936374d64ce", "casademo.calibration_suite.time_gaincal": "70a393fa53b72183c406b9cc585dca7828b9b8d585b8077a80e0946ee81ebeb0", "casademo.flagdata_suite.time_flagdata_bandpassflag": "6bc01de4a73ffea44f2190b51350292cc1e1256989be0f26cc4ec77341df934a", "casademo.flagdata_suite.time_flagdata_list": "f4d15370d3c2c0c746d0c9c28b87ee190865ebfa9e210cc5773201bea0df7bf9", "casademo.flagdata_suite.time_flagdata_list_summary": "58e4c1cc3e1c3c5f723c910c861bad52078405a7026f0321526fad1a15b04ee3", "casademo.flagdata_suite.time_flagdata_summary": "7d302987a4e4e75e43325fd83f2c968688e4b8a56a6476db46a4fcc0bc003e95", "casademo.tclean_memory_suite.peakmem_tclean_setweighting": "3fb5214d1e8e5bf8170efbe8114cd88b0e1e51db87c955bc588eb95ba91e4f71"}, "version": 1}
