{"results": {"casademo.calibration_suite.time_applycal_callib": {"result": [26.089012633776292], "stats": [{"ci_99": [26.03305431478657, 26.144970952766016], "q_25": 26.088453050586395, "q_75": 26.08957221696619, "min": 26.087893467396498, "max": 26.090131800156087, "mean": 26.089012633776292, "std": 0.0011191663797944784, "repeat": 2, "number": 2}]}, "casademo.calibration_suite.time_bandpass": {"result": [28.95048410235904], "stats": [{"ci_99": [-180.04420588887297, 237.94517409359088], "q_25": 26.86053720244672, "q_75": 31.04043100227136, "min": 24.7705903025344, "max": 33.13037790218368, "mean": 28.95048410235904, "std": 4.17989379982464, "repeat": 2, "number": 2}]}, "casademo.calibration_suite.time_gaincal": {"result": [49.39909985428676], "stats": [{"ci_99": [46.96160117769614, 51.83659853087738], "q_25": 49.374724867520854, "q_75": 49.423474841052666, "min": 49.35034988075495, "max": 49.44784982781857, "mean": 49.39909985428676, "std": 0.04874997353181243, "repeat": 2, "number": 2}]}, "casademo.flagdata_suite.time_flagdata_bandpassflag": {"result": [31.90582890342921], "stats": [{"ci_99": [31.563831887207925, 32.247825919650495], "q_25": 31.902408933266997, "q_75": 31.909248873591423, "min": 31.898988963104784, "max": 31.912668843753636, "mean": 31.90582890342921, "std": 0.006839940324425697, "repeat": 2, "number": 2}]}, "casademo.flagdata_suite.time_flagdata_list": {"result": [133.0097770227585], "stats": [{"ci_99": [53.700646062148735, 212.3189079833682], "q_25": 132.2166857131524, "q_75": 133.8028683323646, "min": 131.4235944035463, "max": 134.5959596419707, "mean": 133.0097770227585, "std": 1.5861826192121953, "repeat": 2, "number": 2}]}, "casademo.flagdata_suite.time_flagdata_list_summary": {"result": [34.929281528806314], "stats": [{"ci_99": [33.721597047755495, 36.13696600985713], "q_25": 34.917204683995806, "q_75": 34.94135837361682, "min": 34.9051278391853, "max": 34.95343521842733, "mean": 34.929281528806314, "std": 0.024153689621016383, "repeat": 2, "number": 2}]}, "casademo.flagdata_suite.time_flagdata_summary": {"result": [34.540385430213064], "stats": [{"ci_99": [30.461377607192844, 38.619393253233284], "q_25": 34.49959535198286, "q_75": 34.581175508443266, "min": 34.45880527375266, "max": 34.62196558667347, "mean": 34.540385430213064, "std": 0.0815801564604044, "repeat": 2, "number": 2}]}, "casademo.tclean_memory_suite.peakmem_tclean_setweighting": 1960341504}, "params": {"arch": "x86_64", "cpu": "Intel(R) Xeon(R) CPU E5-1660 v4 @ 3.20GHz", "machine": "NRAO workstation", "num_cpu": "16", "os": "Linux 3.10.0-1160.15.2.el7.x86_64", "ram": "32GB", "python": "3.6", "pip+casatools": "6.2.0", "pip+casatasks": "6.2.0"}, "requirements": {"pip+casatools": "6.2.0", "pip+casatasks": "6.2.0"}, "commit_hash": "61c995227aace13d830b7781bf4b7127d450e497", "date": 1613904935000, "env_name": "virtualenv-py3.6-pip+casatasks6.2.0.93-pip+casatools6.2.0.93", "python": "3.6", "profiles": {}, "started_at": {"casademo.calibration_suite.time_applycal_callib": 1630333235155, "casademo.calibration_suite.time_bandpass": 1630333311748, "casademo.calibration_suite.time_gaincal": 1630333429878, "casademo.flagdata_suite.time_flagdata_bandpassflag": 1630333553784, "casademo.flagdata_suite.time_flagdata_list": 1630333617681, "casademo.flagdata_suite.time_flagdata_list_summary": 1630333886912, "casademo.flagdata_suite.time_flagdata_summary": 1630333956790, "casademo.tclean_memory_suite.peakmem_tclean_setweighting": 1630334025747}, "ended_at": {"casademo.calibration_suite.time_applycal_callib": 1630333311747, "casademo.calibration_suite.time_bandpass": 1630333429878, "casademo.calibration_suite.time_gaincal": 1630333553781, "casademo.flagdata_suite.time_flagdata_bandpassflag": 1630333617680, "casademo.flagdata_suite.time_flagdata_list": 1630333886912, "casademo.flagdata_suite.time_flagdata_list_summary": 1630333956789, "casademo.flagdata_suite.time_flagdata_summary": 1630334025746, "casademo.tclean_memory_suite.peakmem_tclean_setweighting": 1630334189543}, "benchmark_version": {"casademo.calibration_suite.time_applycal_callib": "1f6437b2270507d06f2c91c35b12dce1187d02851c4b0d0c872bbcfda3e5c4f6", "casademo.calibration_suite.time_bandpass": "a69d32cd1360ece09039f1051989506a7673f5a708021e87c81e0936374d64ce", "casademo.calibration_suite.time_gaincal": "70a393fa53b72183c406b9cc585dca7828b9b8d585b8077a80e0946ee81ebeb0", "casademo.flagdata_suite.time_flagdata_bandpassflag": "6bc01de4a73ffea44f2190b51350292cc1e1256989be0f26cc4ec77341df934a", "casademo.flagdata_suite.time_flagdata_list": "f4d15370d3c2c0c746d0c9c28b87ee190865ebfa9e210cc5773201bea0df7bf9", "casademo.flagdata_suite.time_flagdata_list_summary": "58e4c1cc3e1c3c5f723c910c861bad52078405a7026f0321526fad1a15b04ee3", "casademo.flagdata_suite.time_flagdata_summary": "7d302987a4e4e75e43325fd83f2c968688e4b8a56a6476db46a4fcc0bc003e95", "casademo.tclean_memory_suite.peakmem_tclean_setweighting": "3fb5214d1e8e5bf8170efbe8114cd88b0e1e51db87c955bc588eb95ba91e4f71"}, "version": 1}
