{"results": {"casademo.tclean_memory_suite.peakmem_tclean_setweighting": 2154663936, "casademo.calibration_suite.time_applycal_callib": {"result": [34.73918659379706], "stats": [{"ci_99": [-432.5748454290442, 502.05321861663793], "q_25": 30.066046273568645, "q_75": 39.41232691402547, "min": 25.392905953340232, "max": 44.08546723425388, "mean": 34.73918659379706, "std": 9.346280640456825, "repeat": 2, "number": 2}]}, "casademo.calibration_suite.time_bandpass": {"result": [40.9771986536216], "stats": [{"ci_99": [-352.884889312787, 434.83928662002984], "q_25": 37.03857777395751, "q_75": 44.915819533285685, "min": 33.09995689429343, "max": 48.85444041294977, "mean": 40.9771986536216, "std": 7.877241759328172, "repeat": 2, "number": 2}]}, "casademo.calibration_suite.time_gaincal": {"result": [49.72140450403094], "stats": [{"ci_99": [45.9094707518816, 53.533338256180286], "q_25": 49.68328516650945, "q_75": 49.759523841552436, "min": 49.645165828987956, "max": 49.79764317907393, "mean": 49.72140450403094, "std": 0.07623867504298687, "repeat": 2, "number": 2}]}, "casademo.flagdata_suite.time_flagdata_bandpassflag": {"result": [31.72840718133375], "stats": [{"ci_99": [31.41314589837566, 32.04366846429184], "q_25": 31.72525456850417, "q_75": 31.73155979416333, "min": 31.72210195567459, "max": 31.734712406992912, "mean": 31.72840718133375, "std": 0.006305225659161806, "repeat": 2, "number": 2}]}, "casademo.flagdata_suite.time_flagdata_list": {"result": [131.65384850185364], "stats": [{"ci_99": [130.48252470511943, 132.82517229858786], "q_25": 131.6421352638863, "q_75": 131.665561739821, "min": 131.63042202591896, "max": 131.67727497778833, "mean": 131.65384850185364, "std": 0.023426475934684277, "repeat": 2, "number": 2}]}, "casademo.flagdata_suite.time_flagdata_list_summary": {"result": [34.183484334964305], "stats": [{"ci_99": [15.77697805641219, 52.589990613516406], "q_25": 33.999419272178784, "q_75": 34.367549397749826, "min": 33.81535420939326, "max": 34.55161446053535, "mean": 34.183484334964305, "std": 0.3681301255710423, "repeat": 2, "number": 2}]}, "casademo.flagdata_suite.time_flagdata_summary": {"result": [33.52418762212619], "stats": [{"ci_99": [-8.43439999455586, 75.48277523880822], "q_25": 33.10460174595937, "q_75": 33.94377349829301, "min": 32.68501586979255, "max": 34.36335937445983, "mean": 33.52418762212619, "std": 0.839171752333641, "repeat": 2, "number": 2}]}}, "params": {"arch": "x86_64", "cpu": "Intel(R) Xeon(R) CPU E5-1660 v4 @ 3.20GHz", "machine": "NRAO workstation", "num_cpu": "16", "os": "Linux 3.10.0-1160.15.2.el7.x86_64", "ram": "32GB", "python": "3.6", "pip+casatools": "6.3.0", "pip+casatasks": "6.3.0"}, "requirements": {"pip+casatools": "6.3.0", "pip+casatasks": "6.3.0"}, "commit_hash": "63999716b7343c491ec044c14699d695f26853cc", "date": 1623445519000, "env_name": "virtualenv-py3.6-pip+casatasks6.3.0.15-pip+casatools6.3.0.15", "python": "3.6", "profiles": {}, "started_at": {"casademo.tclean_memory_suite.peakmem_tclean_setweighting": 1630089572893, "casademo.calibration_suite.time_applycal_callib": 1630088791556, "casademo.calibration_suite.time_bandpass": 1630088866495, "casademo.calibration_suite.time_gaincal": 1630088989247, "casademo.flagdata_suite.time_flagdata_bandpassflag": 1630089112956, "casademo.flagdata_suite.time_flagdata_list": 1630089176451, "casademo.flagdata_suite.time_flagdata_list_summary": 1630089439788, "casademo.flagdata_suite.time_flagdata_summary": 1630089507492}, "ended_at": {"casademo.tclean_memory_suite.peakmem_tclean_setweighting": 1630089760135, "casademo.calibration_suite.time_applycal_callib": 1630088866494, "casademo.calibration_suite.time_bandpass": 1630088989246, "casademo.calibration_suite.time_gaincal": 1630089112948, "casademo.flagdata_suite.time_flagdata_bandpassflag": 1630089176451, "casademo.flagdata_suite.time_flagdata_list": 1630089439787, "casademo.flagdata_suite.time_flagdata_list_summary": 1630089507492, "casademo.flagdata_suite.time_flagdata_summary": 1630089572892}, "benchmark_version": {"casademo.calibration_suite.time_applycal_callib": "9ef394762fe7135f58c94c0e46a655fae93e7d107904ceff94d228f23b89a589", "casademo.calibration_suite.time_bandpass": "f706aa044f6bc64b915996b7bdd6bc5666cae0eb7c47ff9a70b5bced6c9fbd0c", "casademo.calibration_suite.time_gaincal": "56f8a9022caccdafe4240fb9a2766b2d5d56cc1c784bd724822d3b040f5b5309", "casademo.flagdata_suite.time_flagdata_bandpassflag": "f55e0ffa6be9d655555c5081a0e7bf2bc00b253273ba7c220de0bd2cfb3baf6c", "casademo.flagdata_suite.time_flagdata_list": "1a40b66ffb4a43d48af3407bae817ed4f7667fe778880859384f5f2e7c9c5d1f", "casademo.flagdata_suite.time_flagdata_list_summary": "3eb284062687484026a1defb4fceb705e83b244e37405f8794d431940ff44b08", "casademo.flagdata_suite.time_flagdata_summary": "9e569fb4e2a2f68e59c510bbf889632173be867104a4e5ba5a98d0eb110e82fb", "casademo.tclean_memory_suite.peakmem_tclean_setweighting": "b08240b9d9211ba7e2ce323aae697e4b25deb8a6db4c5e2e48519cedc4707769"}, "version": 1}
