{"results": {"casademo.tclean_memory_suite.peakmem_tclean_setweighting": 2154663936, "casademo.calibration_suite.time_applycal_callib": {"result": [34.73918659379706], "stats": [{"ci_99": [-432.5748454290442, 502.05321861663793], "q_25": 30.066046273568645, "q_75": 39.41232691402547, "min": 25.392905953340232, "max": 44.08546723425388, "mean": 34.73918659379706, "std": 9.346280640456825, "repeat": 2, "number": 2}]}, "casademo.calibration_suite.time_bandpass": {"result": [40.9771986536216], "stats": [{"ci_99": [-352.884889312787, 434.83928662002984], "q_25": 37.03857777395751, "q_75": 44.915819533285685, "min": 33.09995689429343, "max": 48.85444041294977, "mean": 40.9771986536216, "std": 7.877241759328172, "repeat": 2, "number": 2}]}, "casademo.calibration_suite.time_gaincal": {"result": [49.72140450403094], "stats": [{"ci_99": [45.9094707518816, 53.533338256180286], "q_25": 49.68328516650945, "q_75": 49.759523841552436, "min": 49.645165828987956, "max": 49.79764317907393, "mean": 49.72140450403094, "std": 0.07623867504298687, "repeat": 2, "number": 2}]}, "casademo.flagdata_suite.time_flagdata_bandpassflag": {"result": [31.72840718133375], "stats": [{"ci_99": [31.41314589837566, 32.04366846429184], "q_25": 31.72525456850417, "q_75": 31.73155979416333, "min": 31.72210195567459, "max": 31.734712406992912, "mean": 31.72840718133375, "std": 0.006305225659161806, "repeat": 2, "number": 2}]}, "casademo.flagdata_suite.time_flagdata_list": {"result": [131.65384850185364], "stats": [{"ci_99": [130.48252470511943, 132.82517229858786], "q_25": 131.6421352638863, "q_75": 131.665561739821, "min": 131.63042202591896, "max": 131.67727497778833, "mean": 131.65384850185364, "std": 0.023426475934684277, "repeat": 2, "number": 2}]}, "casademo.flagdata_suite.time_flagdata_list_summary": {"result": [34.183484334964305], "stats": [{"ci_99": [15.77697805641219, 52.589990613516406], "q_25": 33.999419272178784, "q_75": 34.367549397749826, "min": 33.81535420939326, "max": 34.55161446053535, "mean": 34.183484334964305, "std": 0.3681301255710423, "repeat": 2, "number": 2}]}, "casademo.flagdata_suite.time_flagdata_summary": {"result": [33.52418762212619], "stats": [{"ci_99": [-8.43439999455586, 75.48277523880822], "q_25": 33.10460174595937, "q_75": 33.94377349829301, "min": 32.68501586979255, "max": 34.36335937445983, "mean": 33.52418762212619, "std": 0.839171752333641, "repeat": 2, "number": 2}]}}, "params": {"arch": "x86_64", "cpu": "Intel(R) Xeon(R) CPU E5-1660 v4 @ 3.20GHz", "machine": "NRAO workstation", "num_cpu": "16", "os": "Linux 3.10.0-1160.15.2.el7.x86_64", "ram": "32GB", "python": "3.6", "pip+casatools": "6.3.0", "pip+casatasks": "6.3.0"}, "requirements": {"pip+casatools": "6.3.0", "pip+casatasks": "6.3.0"}, "commit_hash": "63999716b7343c491ec044c14699d695f26853cc", "date": 1623445519000, "env_name": "virtualenv-py3.6-pip+casatasks6.3.0.15-pip+casatools6.3.0.15", "python": "3.6", "profiles": {}, "started_at": {"casademo.tclean_memory_suite.peakmem_tclean_setweighting": 1630089572893, "casademo.calibration_suite.time_applycal_callib": 1630088791556, "casademo.calibration_suite.time_bandpass": 1630088866495, "casademo.calibration_suite.time_gaincal": 1630088989247, "casademo.flagdata_suite.time_flagdata_bandpassflag": 1630089112956, "casademo.flagdata_suite.time_flagdata_list": 1630089176451, "casademo.flagdata_suite.time_flagdata_list_summary": 1630089439788, "casademo.flagdata_suite.time_flagdata_summary": 1630089507492}, "ended_at": {"casademo.tclean_memory_suite.peakmem_tclean_setweighting": 1630089760135, "casademo.calibration_suite.time_applycal_callib": 1630088866494, "casademo.calibration_suite.time_bandpass": 1630088989246, "casademo.calibration_suite.time_gaincal": 1630089112948, "casademo.flagdata_suite.time_flagdata_bandpassflag": 1630089176451, "casademo.flagdata_suite.time_flagdata_list": 1630089439787, "casademo.flagdata_suite.time_flagdata_list_summary": 1630089507492, "casademo.flagdata_suite.time_flagdata_summary": 1630089572892}, "benchmark_version": {"casademo.tclean_memory_suite.peakmem_tclean_setweighting": "3fb5214d1e8e5bf8170efbe8114cd88b0e1e51db87c955bc588eb95ba91e4f71", "casademo.calibration_suite.time_applycal_callib": "1f6437b2270507d06f2c91c35b12dce1187d02851c4b0d0c872bbcfda3e5c4f6", "casademo.calibration_suite.time_bandpass": "a69d32cd1360ece09039f1051989506a7673f5a708021e87c81e0936374d64ce", "casademo.calibration_suite.time_gaincal": "70a393fa53b72183c406b9cc585dca7828b9b8d585b8077a80e0946ee81ebeb0", "casademo.flagdata_suite.time_flagdata_bandpassflag": "6bc01de4a73ffea44f2190b51350292cc1e1256989be0f26cc4ec77341df934a", "casademo.flagdata_suite.time_flagdata_list": "f4d15370d3c2c0c746d0c9c28b87ee190865ebfa9e210cc5773201bea0df7bf9", "casademo.flagdata_suite.time_flagdata_list_summary": "58e4c1cc3e1c3c5f723c910c861bad52078405a7026f0321526fad1a15b04ee3", "casademo.flagdata_suite.time_flagdata_summary": "7d302987a4e4e75e43325fd83f2c968688e4b8a56a6476db46a4fcc0bc003e95"}, "version": 1}
