{"results": {"casademo.tclean_memory_suite.peakmem_tclean_setweighting": 2154491904, "casademo.calibration_suite.time_applycal_callib": {"result": [38.84227361995727], "stats": [{"ci_99": [-543.7215429497883, 621.4060901897024], "q_25": 33.01663545425981, "q_75": 44.667911785654724, "min": 27.190997288562357, "max": 50.49354995135218, "mean": 38.84227361995727, "std": 11.65127633139491, "repeat": 2, "number": 2}]}, "casademo.calibration_suite.time_bandpass": {"result": [25.96654726099223], "stats": [{"ci_99": [18.21886766143143, 33.71422686055302], "q_25": 25.88907046499662, "q_75": 26.044024056987837, "min": 25.811593669001013, "max": 26.121500852983445, "mean": 25.96654726099223, "std": 0.15495359199121594, "repeat": 2, "number": 2}]}, "casademo.calibration_suite.time_gaincal": {"result": [49.853201038669795], "stats": [{"ci_99": [28.235467025544494, 71.47093505179508], "q_25": 49.63702369853854, "q_75": 50.06937837880105, "min": 49.42084635840729, "max": 50.2855557189323, "mean": 49.853201038669795, "std": 0.432354680262506, "repeat": 2, "number": 2}]}, "casademo.flagdata_suite.time_flagdata_bandpassflag": {"result": [32.24946124688722], "stats": [{"ci_99": [32.07436122908257, 32.424561264691874], "q_25": 32.247710246709175, "q_75": 32.25121224706527, "min": 32.24595924653113, "max": 32.252963247243315, "mean": 32.24946124688722, "std": 0.003502000356093049, "repeat": 2, "number": 2}]}, "casademo.flagdata_suite.time_flagdata_list": {"result": [135.25908911810257], "stats": [{"ci_99": [130.76856222446077, 139.74961601174437], "q_25": 135.21418384916615, "q_75": 135.30399438703898, "min": 135.16927858022973, "max": 135.3488996559754, "mean": 135.25908911810257, "std": 0.089810537872836, "repeat": 2, "number": 2}]}, "casademo.flagdata_suite.time_flagdata_list_summary": {"result": [34.96513723395765], "stats": [{"ci_99": [34.031280227936804, 35.89899423997849], "q_25": 34.95579866389744, "q_75": 34.97447580401786, "min": 34.94646009383723, "max": 34.983814374078065, "mean": 34.96513723395765, "std": 0.01867714012041688, "repeat": 2, "number": 2}]}, "casademo.flagdata_suite.time_flagdata_summary": {"result": [34.647493643453345], "stats": [{"ci_99": [33.43183170934208, 35.86315557756461], "q_25": 34.63533702411223, "q_75": 34.65965026279446, "min": 34.62318040477112, "max": 34.67180688213557, "mean": 34.647493643453345, "std": 0.024313238682225347, "repeat": 2, "number": 2}]}}, "params": {"arch": "x86_64", "cpu": "Intel(R) Xeon(R) CPU E5-1660 v4 @ 3.20GHz", "machine": "NRAO workstation", "num_cpu": "16", "os": "Linux 3.10.0-1160.15.2.el7.x86_64", "ram": "32GB", "python": "3.6", "pip+casatools": "trunk", "pip+casatasks": "trunk"}, "requirements": {"pip+casatools": "trunk", "pip+casatasks": "trunk"}, "commit_hash": "66363cb6c10748c9a4c08bdbd2d62c9c24a77ca0", "date": 1620912968000, "env_name": "virtualenv-py3.6-pip+casatasks-trunk-pip+casatools-trunk", "python": "3.6", "profiles": {}, "started_at": {"casademo.tclean_memory_suite.peakmem_tclean_setweighting": 1630077671612, "casademo.calibration_suite.time_applycal_callib": 1630076869740, "casademo.calibration_suite.time_bandpass": 1630076994698, "casademo.calibration_suite.time_gaincal": 1630077073554, "casademo.flagdata_suite.time_flagdata_bandpassflag": 1630077197213, "casademo.flagdata_suite.time_flagdata_list": 1630077261760, "casademo.flagdata_suite.time_flagdata_list_summary": 1630077532160, "casademo.flagdata_suite.time_flagdata_summary": 1630077602203}, "ended_at": {"casademo.tclean_memory_suite.peakmem_tclean_setweighting": 1630077858829, "casademo.calibration_suite.time_applycal_callib": 1630076994697, "casademo.calibration_suite.time_bandpass": 1630077073554, "casademo.calibration_suite.time_gaincal": 1630077197210, "casademo.flagdata_suite.time_flagdata_bandpassflag": 1630077261760, "casademo.flagdata_suite.time_flagdata_list": 1630077532160, "casademo.flagdata_suite.time_flagdata_list_summary": 1630077602203, "casademo.flagdata_suite.time_flagdata_summary": 1630077671612}, "benchmark_version": {"casademo.calibration_suite.time_applycal_callib": "9ef394762fe7135f58c94c0e46a655fae93e7d107904ceff94d228f23b89a589", "casademo.calibration_suite.time_bandpass": "f706aa044f6bc64b915996b7bdd6bc5666cae0eb7c47ff9a70b5bced6c9fbd0c", "casademo.calibration_suite.time_gaincal": "56f8a9022caccdafe4240fb9a2766b2d5d56cc1c784bd724822d3b040f5b5309", "casademo.flagdata_suite.time_flagdata_bandpassflag": "f55e0ffa6be9d655555c5081a0e7bf2bc00b253273ba7c220de0bd2cfb3baf6c", "casademo.flagdata_suite.time_flagdata_list": "1a40b66ffb4a43d48af3407bae817ed4f7667fe778880859384f5f2e7c9c5d1f", "casademo.flagdata_suite.time_flagdata_list_summary": "3eb284062687484026a1defb4fceb705e83b244e37405f8794d431940ff44b08", "casademo.flagdata_suite.time_flagdata_summary": "9e569fb4e2a2f68e59c510bbf889632173be867104a4e5ba5a98d0eb110e82fb", "casademo.tclean_memory_suite.peakmem_tclean_setweighting": "b08240b9d9211ba7e2ce323aae697e4b25deb8a6db4c5e2e48519cedc4707769"}, "version": 1}
