{"results": {"casademo.tclean_memory_suite.peakmem_tclean_setweighting": 2154504192, "casademo.calibration_suite.time_applycal_callib": {"result": [38.81340314261615], "stats": [{"ci_99": [-550.7300685988739, 628.3568748841058], "q_25": 32.91796842520125, "q_75": 44.70883786003105, "min": 27.02253370778635, "max": 50.604272577445954, "mean": 38.81340314261615, "std": 11.790869434829801, "repeat": 2, "number": 2}]}, "casademo.calibration_suite.time_gaincal": {"result": [51.329373211599886], "stats": [{"ci_99": [33.46115778386593, 69.19758863933383], "q_25": 51.15069105732255, "q_75": 51.508055365877226, "min": 50.97200890304521, "max": 51.686737520154566, "mean": 51.329373211599886, "std": 0.35736430855467916, "repeat": 2, "number": 2}]}, "casademo.flagdata_suite.time_flagdata_bandpassflag": {"result": [32.20867810794152], "stats": [{"ci_99": [30.690559761365876, 33.72679645451717], "q_25": 32.19349692447577, "q_75": 32.22385929140728, "min": 32.17831574101001, "max": 32.239040474873036, "mean": 32.20867810794152, "std": 0.030362366931512952, "repeat": 2, "number": 2}]}, "casademo.flagdata_suite.time_flagdata_list": {"result": [136.3515456323512], "stats": [{"ci_99": [132.72736644139513, 139.97572482330725], "q_25": 136.31530384044163, "q_75": 136.38778742426075, "min": 136.27906204853207, "max": 136.4240292161703, "mean": 136.3515456323512, "std": 0.07248358381912112, "repeat": 2, "number": 2}]}, "casademo.flagdata_suite.time_flagdata_list_summary": {"result": [34.823433546349406], "stats": [{"ci_99": [34.816773728467524, 34.83009336423129], "q_25": 34.82336694817059, "q_75": 34.823500144528225, "min": 34.82330034999177, "max": 34.823566742707044, "mean": 34.823433546349406, "std": 0.00013319635763764381, "repeat": 2, "number": 2}]}, "casademo.flagdata_suite.time_flagdata_summary": {"result": [34.596498341998085], "stats": [{"ci_99": [33.97285274346359, 35.22014394053258], "q_25": 34.59026188601274, "q_75": 34.60273479798343, "min": 34.584025430027395, "max": 34.608971253968775, "mean": 34.596498341998085, "std": 0.012472911970689893, "repeat": 2, "number": 2}]}, "casademo.calibration_suite.time_bandpass": {"result": [36.76863072859123], "stats": [{"ci_99": [-527.1120988070033, 600.6493602641854], "q_25": 31.129823433235288, "q_75": 42.40743802394718, "min": 25.491016137879342, "max": 48.046245319303125, "mean": 36.76863072859123, "std": 11.277614590711892, "repeat": 2, "number": 2}]}}, "params": {"arch": "x86_64", "cpu": "Intel(R) Xeon(R) CPU E5-1660 v4 @ 3.20GHz", "machine": "NRAO workstation", "num_cpu": "16", "os": "Linux 3.10.0-1160.15.2.el7.x86_64", "ram": "32GB", "python": "3.6", "pip+casatools": "6.2.0", "pip+casatasks": "6.2.0"}, "requirements": {"pip+casatools": "6.2.0", "pip+casatasks": "6.2.0"}, "commit_hash": "6734dfe0361a77e06bd27199636bb91491b555dd", "date": 1621265340000, "env_name": "virtualenv-py3.6-pip+casatasks6.2.0.123-pip+casatools6.2.0.123", "python": "3.6", "profiles": {}, "started_at": {"casademo.tclean_memory_suite.peakmem_tclean_setweighting": 1629838956127, "casademo.calibration_suite.time_applycal_callib": 1629838107324, "casademo.calibration_suite.time_gaincal": 1629838355039, "casademo.flagdata_suite.time_flagdata_bandpassflag": 1629838479703, "casademo.flagdata_suite.time_flagdata_list": 1629838544249, "casademo.flagdata_suite.time_flagdata_list_summary": 1629838817158, "casademo.flagdata_suite.time_flagdata_summary": 1629838886868, "casademo.calibration_suite.time_bandpass": 1629838232485}, "ended_at": {"casademo.tclean_memory_suite.peakmem_tclean_setweighting": 1629839142799, "casademo.calibration_suite.time_applycal_callib": 1629838232485, "casademo.calibration_suite.time_gaincal": 1629838479696, "casademo.flagdata_suite.time_flagdata_bandpassflag": 1629838544249, "casademo.flagdata_suite.time_flagdata_list": 1629838817158, "casademo.flagdata_suite.time_flagdata_list_summary": 1629838886868, "casademo.flagdata_suite.time_flagdata_summary": 1629838956127, "casademo.calibration_suite.time_bandpass": 1629838355039}, "benchmark_version": {"casademo.tclean_memory_suite.peakmem_tclean_setweighting": "3fb5214d1e8e5bf8170efbe8114cd88b0e1e51db87c955bc588eb95ba91e4f71", "casademo.calibration_suite.time_applycal_callib": "1f6437b2270507d06f2c91c35b12dce1187d02851c4b0d0c872bbcfda3e5c4f6", "casademo.calibration_suite.time_gaincal": "70a393fa53b72183c406b9cc585dca7828b9b8d585b8077a80e0946ee81ebeb0", "casademo.flagdata_suite.time_flagdata_bandpassflag": "6bc01de4a73ffea44f2190b51350292cc1e1256989be0f26cc4ec77341df934a", "casademo.flagdata_suite.time_flagdata_list": "f4d15370d3c2c0c746d0c9c28b87ee190865ebfa9e210cc5773201bea0df7bf9", "casademo.flagdata_suite.time_flagdata_list_summary": "58e4c1cc3e1c3c5f723c910c861bad52078405a7026f0321526fad1a15b04ee3", "casademo.flagdata_suite.time_flagdata_summary": "7d302987a4e4e75e43325fd83f2c968688e4b8a56a6476db46a4fcc0bc003e95", "casademo.calibration_suite.time_bandpass": "a69d32cd1360ece09039f1051989506a7673f5a708021e87c81e0936374d64ce"}, "version": 1}
