{"results": {"casademo.calibration_suite.time_applycal_callib": {"result": [25.95200771931559], "stats": [{"ci_99": [-5.143064954318106, 57.047080392949255], "q_25": 25.64105699257925, "q_75": 26.262958446051925, "min": 25.330106265842915, "max": 26.573909172788262, "mean": 25.95200771931559, "std": 0.6219014534726739, "repeat": 2, "number": 2}]}, "casademo.calibration_suite.time_bandpass": {"result": [24.86589980032295], "stats": [{"ci_99": [10.177246604114771, 39.554552996531115], "q_25": 24.719013268360868, "q_75": 25.01278633228503, "min": 24.572126736398786, "max": 25.159672864247113, "mean": 24.86589980032295, "std": 0.2937730639241636, "repeat": 2, "number": 2}]}, "casademo.calibration_suite.time_gaincal": {"result": [49.80324644059874], "stats": [{"ci_99": [43.81426823022775, 55.79222465096972], "q_25": 49.74335665849503, "q_75": 49.86313622270245, "min": 49.68346687639132, "max": 49.92302600480616, "mean": 49.80324644059874, "std": 0.11977956420741975, "repeat": 2, "number": 2}]}, "casademo.flagdata_suite.time_flagdata_bandpassflag": {"result": [5.619212240213528], "stats": [{"ci_99": [5.288059555692598, 5.950364924734458], "q_25": 5.615900713368319, "q_75": 5.622523767058738, "min": 5.61258918652311, "max": 5.625835293903947, "mean": 5.619212240213528, "std": 0.006623053690418601, "repeat": 2, "number": 2}]}, "casademo.flagdata_suite.time_flagdata_list": {"result": [106.77212968235835], "stats": [{"ci_99": [106.08205497497693, 107.46220438973978], "q_25": 106.76522893528454, "q_75": 106.77903042943217, "min": 106.75832818821073, "max": 106.78593117650598, "mean": 106.77212968235835, "std": 0.013801494147628546, "repeat": 2, "number": 2}]}, "casademo.flagdata_suite.time_flagdata_list_summary": {"result": [7.955952647374943], "stats": [{"ci_99": [5.430062901927158, 10.481842392822726], "q_25": 7.930693749920465, "q_75": 7.981211544829421, "min": 7.905434852465987, "max": 8.006470442283899, "mean": 7.955952647374943, "std": 0.05051779490895569, "repeat": 2, "number": 2}]}, "casademo.flagdata_suite.time_flagdata_summary": {"result": [7.52743214298971], "stats": [{"ci_99": [-1.1856982654426247, 16.240562551422038], "q_25": 7.440300838905387, "q_75": 7.614563447074033, "min": 7.353169534821063, "max": 7.701694751158357, "mean": 7.52743214298971, "std": 0.1742626081686467, "repeat": 2, "number": 2}]}, "casademo.tclean_memory_suite.peakmem_tclean_setweighting": 1864994816}, "params": {"arch": "x86_64", "cpu": "Intel(R) Xeon(R) CPU E5-1660 v4 @ 3.20GHz", "machine": "NRAO workstation", "num_cpu": "16", "os": "Linux 3.10.0-1160.15.2.el7.x86_64", "ram": "32GB", "python": "3.6", "pip+casatools": "trunk", "pip+casatasks": "trunk"}, "requirements": {"pip+casatools": "trunk", "pip+casatasks": "trunk"}, "commit_hash": "689c5025deba0ac832c8d7161c4fecd7e2c9fbbc", "date": 1601924289000, "env_name": "virtualenv-py3.6-pip+casatasks-trunk-pip+casatools-trunk", "python": "3.6", "profiles": {}, "started_at": {"casademo.calibration_suite.time_applycal_callib": 1630426957515, "casademo.calibration_suite.time_bandpass": 1630427033256, "casademo.calibration_suite.time_gaincal": 1630427112259, "casademo.flagdata_suite.time_flagdata_bandpassflag": 1630427236373, "casademo.flagdata_suite.time_flagdata_list": 1630427247703, "casademo.flagdata_suite.time_flagdata_list_summary": 1630427461279, "casademo.flagdata_suite.time_flagdata_summary": 1630427477363, "casademo.tclean_memory_suite.peakmem_tclean_setweighting": 1630427492802}, "ended_at": {"casademo.calibration_suite.time_applycal_callib": 1630427033256, "casademo.calibration_suite.time_bandpass": 1630427112259, "casademo.calibration_suite.time_gaincal": 1630427236366, "casademo.flagdata_suite.time_flagdata_bandpassflag": 1630427247703, "casademo.flagdata_suite.time_flagdata_list": 1630427461278, "casademo.flagdata_suite.time_flagdata_list_summary": 1630427477362, "casademo.flagdata_suite.time_flagdata_summary": 1630427492802, "casademo.tclean_memory_suite.peakmem_tclean_setweighting": 1630427787491}, "benchmark_version": {"casademo.calibration_suite.time_applycal_callib": "9ef394762fe7135f58c94c0e46a655fae93e7d107904ceff94d228f23b89a589", "casademo.calibration_suite.time_bandpass": "f706aa044f6bc64b915996b7bdd6bc5666cae0eb7c47ff9a70b5bced6c9fbd0c", "casademo.calibration_suite.time_gaincal": "56f8a9022caccdafe4240fb9a2766b2d5d56cc1c784bd724822d3b040f5b5309", "casademo.flagdata_suite.time_flagdata_bandpassflag": "f55e0ffa6be9d655555c5081a0e7bf2bc00b253273ba7c220de0bd2cfb3baf6c", "casademo.flagdata_suite.time_flagdata_list": "1a40b66ffb4a43d48af3407bae817ed4f7667fe778880859384f5f2e7c9c5d1f", "casademo.flagdata_suite.time_flagdata_list_summary": "3eb284062687484026a1defb4fceb705e83b244e37405f8794d431940ff44b08", "casademo.flagdata_suite.time_flagdata_summary": "9e569fb4e2a2f68e59c510bbf889632173be867104a4e5ba5a98d0eb110e82fb", "casademo.tclean_memory_suite.peakmem_tclean_setweighting": "b08240b9d9211ba7e2ce323aae697e4b25deb8a6db4c5e2e48519cedc4707769"}, "version": 1}
