{"results": {"casademo.calibration_suite.time_applycal_callib": {"result": [25.95200771931559], "stats": [{"ci_99": [-5.143064954318106, 57.047080392949255], "q_25": 25.64105699257925, "q_75": 26.262958446051925, "min": 25.330106265842915, "max": 26.573909172788262, "mean": 25.95200771931559, "std": 0.6219014534726739, "repeat": 2, "number": 2}]}, "casademo.calibration_suite.time_bandpass": {"result": [24.86589980032295], "stats": [{"ci_99": [10.177246604114771, 39.554552996531115], "q_25": 24.719013268360868, "q_75": 25.01278633228503, "min": 24.572126736398786, "max": 25.159672864247113, "mean": 24.86589980032295, "std": 0.2937730639241636, "repeat": 2, "number": 2}]}, "casademo.calibration_suite.time_gaincal": {"result": [49.80324644059874], "stats": [{"ci_99": [43.81426823022775, 55.79222465096972], "q_25": 49.74335665849503, "q_75": 49.86313622270245, "min": 49.68346687639132, "max": 49.92302600480616, "mean": 49.80324644059874, "std": 0.11977956420741975, "repeat": 2, "number": 2}]}, "casademo.flagdata_suite.time_flagdata_bandpassflag": {"result": [5.619212240213528], "stats": [{"ci_99": [5.288059555692598, 5.950364924734458], "q_25": 5.615900713368319, "q_75": 5.622523767058738, "min": 5.61258918652311, "max": 5.625835293903947, "mean": 5.619212240213528, "std": 0.006623053690418601, "repeat": 2, "number": 2}]}, "casademo.flagdata_suite.time_flagdata_list": {"result": [106.77212968235835], "stats": [{"ci_99": [106.08205497497693, 107.46220438973978], "q_25": 106.76522893528454, "q_75": 106.77903042943217, "min": 106.75832818821073, "max": 106.78593117650598, "mean": 106.77212968235835, "std": 0.013801494147628546, "repeat": 2, "number": 2}]}, "casademo.flagdata_suite.time_flagdata_list_summary": {"result": [7.955952647374943], "stats": [{"ci_99": [5.430062901927158, 10.481842392822726], "q_25": 7.930693749920465, "q_75": 7.981211544829421, "min": 7.905434852465987, "max": 8.006470442283899, "mean": 7.955952647374943, "std": 0.05051779490895569, "repeat": 2, "number": 2}]}, "casademo.flagdata_suite.time_flagdata_summary": {"result": [7.52743214298971], "stats": [{"ci_99": [-1.1856982654426247, 16.240562551422038], "q_25": 7.440300838905387, "q_75": 7.614563447074033, "min": 7.353169534821063, "max": 7.701694751158357, "mean": 7.52743214298971, "std": 0.1742626081686467, "repeat": 2, "number": 2}]}, "casademo.tclean_memory_suite.peakmem_tclean_setweighting": 1864994816}, "params": {"arch": "x86_64", "cpu": "Intel(R) Xeon(R) CPU E5-1660 v4 @ 3.20GHz", "machine": "NRAO workstation", "num_cpu": "16", "os": "Linux 3.10.0-1160.15.2.el7.x86_64", "ram": "32GB", "python": "3.6", "pip+casatools": "6.2.0", "pip+casatasks": "6.2.0"}, "requirements": {"pip+casatools": "6.2.0", "pip+casatasks": "6.2.0"}, "commit_hash": "689c5025deba0ac832c8d7161c4fecd7e2c9fbbc", "date": 1601924289000, "env_name": "virtualenv-py3.6-pip+casatasks6.2.0.35-pip+casatools6.2.0.35", "python": "3.6", "profiles": {}, "started_at": {"casademo.calibration_suite.time_applycal_callib": 1630426957515, "casademo.calibration_suite.time_bandpass": 1630427033256, "casademo.calibration_suite.time_gaincal": 1630427112259, "casademo.flagdata_suite.time_flagdata_bandpassflag": 1630427236373, "casademo.flagdata_suite.time_flagdata_list": 1630427247703, "casademo.flagdata_suite.time_flagdata_list_summary": 1630427461279, "casademo.flagdata_suite.time_flagdata_summary": 1630427477363, "casademo.tclean_memory_suite.peakmem_tclean_setweighting": 1630427492802}, "ended_at": {"casademo.calibration_suite.time_applycal_callib": 1630427033256, "casademo.calibration_suite.time_bandpass": 1630427112259, "casademo.calibration_suite.time_gaincal": 1630427236366, "casademo.flagdata_suite.time_flagdata_bandpassflag": 1630427247703, "casademo.flagdata_suite.time_flagdata_list": 1630427461278, "casademo.flagdata_suite.time_flagdata_list_summary": 1630427477362, "casademo.flagdata_suite.time_flagdata_summary": 1630427492802, "casademo.tclean_memory_suite.peakmem_tclean_setweighting": 1630427787491}, "benchmark_version": {"casademo.calibration_suite.time_applycal_callib": "1f6437b2270507d06f2c91c35b12dce1187d02851c4b0d0c872bbcfda3e5c4f6", "casademo.calibration_suite.time_bandpass": "a69d32cd1360ece09039f1051989506a7673f5a708021e87c81e0936374d64ce", "casademo.calibration_suite.time_gaincal": "70a393fa53b72183c406b9cc585dca7828b9b8d585b8077a80e0946ee81ebeb0", "casademo.flagdata_suite.time_flagdata_bandpassflag": "6bc01de4a73ffea44f2190b51350292cc1e1256989be0f26cc4ec77341df934a", "casademo.flagdata_suite.time_flagdata_list": "f4d15370d3c2c0c746d0c9c28b87ee190865ebfa9e210cc5773201bea0df7bf9", "casademo.flagdata_suite.time_flagdata_list_summary": "58e4c1cc3e1c3c5f723c910c861bad52078405a7026f0321526fad1a15b04ee3", "casademo.flagdata_suite.time_flagdata_summary": "7d302987a4e4e75e43325fd83f2c968688e4b8a56a6476db46a4fcc0bc003e95", "casademo.tclean_memory_suite.peakmem_tclean_setweighting": "3fb5214d1e8e5bf8170efbe8114cd88b0e1e51db87c955bc588eb95ba91e4f71"}, "version": 1}
