{"results": {"casademo.tclean_memory_suite.peakmem_tclean_setweighting": 1978163200, "casademo.calibration_suite.time_applycal_callib": {"result": [35.68113748030737], "stats": [{"ci_99": [-314.21329575544223, 385.5755707160567], "q_25": 32.182193147949874, "q_75": 39.18008181266487, "min": 28.68324881559238, "max": 42.67902614502236, "mean": 35.68113748030737, "std": 6.997888664714992, "repeat": 2, "number": 2}]}, "casademo.calibration_suite.time_bandpass": {"result": [25.2986460365355], "stats": [{"ci_99": [14.584195138886571, 36.013096934184425], "q_25": 25.191501527559012, "q_75": 25.40579054551199, "min": 25.084357018582523, "max": 25.51293505448848, "mean": 25.2986460365355, "std": 0.2142890179529786, "repeat": 2, "number": 2}]}, "casademo.calibration_suite.time_gaincal": {"result": [50.075664770789444], "stats": [{"ci_99": [37.088327672332525, 63.06300186924635], "q_25": 49.945791399804875, "q_75": 50.205538141774014, "min": 49.815918028820306, "max": 50.33541151275858, "mean": 50.075664770789444, "std": 0.2597467419691384, "repeat": 2, "number": 2}]}, "casademo.flagdata_suite.time_flagdata_bandpassflag": {"result": [6.502980769379064], "stats": [{"ci_99": [5.713324873009697, 7.292636665748431], "q_25": 6.495084210415371, "q_75": 6.510877328342758, "min": 6.487187651451677, "max": 6.518773887306452, "mean": 6.502980769379064, "std": 0.015793117927387357, "repeat": 2, "number": 2}]}, "casademo.flagdata_suite.time_flagdata_list": {"result": [116.09360191784799], "stats": [{"ci_99": [115.32619733177125, 116.86100650392473], "q_25": 116.08592787198722, "q_75": 116.10127596370876, "min": 116.07825382612646, "max": 116.10895000956953, "mean": 116.09360191784799, "std": 0.015348091721534729, "repeat": 2, "number": 2}]}, "casademo.flagdata_suite.time_flagdata_list_summary": {"result": [8.663748774677515], "stats": [{"ci_99": [6.305671657435596, 11.021825891919432], "q_25": 8.640168003505096, "q_75": 8.687329545849934, "min": 8.616587232332677, "max": 8.710910317022353, "mean": 8.663748774677515, "std": 0.04716154234483838, "repeat": 2, "number": 2}]}, "casademo.flagdata_suite.time_flagdata_summary": {"result": [8.433788893278688], "stats": [{"ci_99": [7.408815710339695, 9.458762076217681], "q_25": 8.423539161449298, "q_75": 8.444038625108078, "min": 8.413289429619908, "max": 8.454288356937468, "mean": 8.433788893278688, "std": 0.02049946365877986, "repeat": 2, "number": 2}]}}, "params": {"arch": "x86_64", "cpu": "Intel(R) Xeon(R) CPU E5-1660 v4 @ 3.20GHz", "machine": "NRAO workstation", "num_cpu": "16", "os": "Linux 3.10.0-1160.15.2.el7.x86_64", "ram": "32GB", "python": "3.6", "pip+casatools": "6.1.0", "pip+casatasks": "6.1.0"}, "requirements": {"pip+casatools": "6.1.0", "pip+casatasks": "6.1.0"}, "commit_hash": "6c88b054b8a867a9f76b33b328b62e45d6872e86", "date": 1596744526000, "env_name": "virtualenv-py3.6-pip+casatasks6.1.0.118-pip+casatools6.1.0.118", "python": "3.6", "profiles": {}, "started_at": {"casademo.tclean_memory_suite.peakmem_tclean_setweighting": 1629924330314, "casademo.calibration_suite.time_applycal_callib": 1629923769222, "casademo.calibration_suite.time_bandpass": 1629923849523, "casademo.calibration_suite.time_gaincal": 1629923926822, "casademo.flagdata_suite.time_flagdata_bandpassflag": 1629924050777, "casademo.flagdata_suite.time_flagdata_list": 1629924063810, "casademo.flagdata_suite.time_flagdata_list_summary": 1629924296077, "casademo.flagdata_suite.time_flagdata_summary": 1629924313371}, "ended_at": {"casademo.tclean_memory_suite.peakmem_tclean_setweighting": 1629924635070, "casademo.calibration_suite.time_applycal_callib": 1629923849522, "casademo.calibration_suite.time_bandpass": 1629923926822, "casademo.calibration_suite.time_gaincal": 1629924050772, "casademo.flagdata_suite.time_flagdata_bandpassflag": 1629924063810, "casademo.flagdata_suite.time_flagdata_list": 1629924296077, "casademo.flagdata_suite.time_flagdata_list_summary": 1629924313370, "casademo.flagdata_suite.time_flagdata_summary": 1629924330313}, "benchmark_version": {"casademo.tclean_memory_suite.peakmem_tclean_setweighting": "3fb5214d1e8e5bf8170efbe8114cd88b0e1e51db87c955bc588eb95ba91e4f71", "casademo.calibration_suite.time_applycal_callib": "1f6437b2270507d06f2c91c35b12dce1187d02851c4b0d0c872bbcfda3e5c4f6", "casademo.calibration_suite.time_bandpass": "a69d32cd1360ece09039f1051989506a7673f5a708021e87c81e0936374d64ce", "casademo.calibration_suite.time_gaincal": "70a393fa53b72183c406b9cc585dca7828b9b8d585b8077a80e0946ee81ebeb0", "casademo.flagdata_suite.time_flagdata_bandpassflag": "6bc01de4a73ffea44f2190b51350292cc1e1256989be0f26cc4ec77341df934a", "casademo.flagdata_suite.time_flagdata_list": "f4d15370d3c2c0c746d0c9c28b87ee190865ebfa9e210cc5773201bea0df7bf9", "casademo.flagdata_suite.time_flagdata_list_summary": "58e4c1cc3e1c3c5f723c910c861bad52078405a7026f0321526fad1a15b04ee3", "casademo.flagdata_suite.time_flagdata_summary": "7d302987a4e4e75e43325fd83f2c968688e4b8a56a6476db46a4fcc0bc003e95"}, "version": 1}
