{"results": {"casademo.tclean_memory_suite.peakmem_tclean_setweighting": 1959329792, "casademo.calibration_suite.time_applycal_callib": {"result": [42.53953584190458], "stats": [{"ci_99": [-177.34303499385715, 262.4221066776661], "q_25": 40.34071013354696, "q_75": 44.7383615502622, "min": 38.141884425189346, "max": 46.937187258619815, "mean": 42.53953584190458, "std": 4.3976514167152345, "repeat": 2, "number": 2}]}, "casademo.calibration_suite.time_bandpass": {"result": [24.283998519415036], "stats": [{"ci_99": [16.39988171099685, 32.16811532783321], "q_25": 24.205157351330854, "q_75": 24.362839687499218, "min": 24.126316183246672, "max": 24.4416808555834, "mean": 24.283998519415036, "std": 0.1576823361683637, "repeat": 2, "number": 2}]}, "casademo.calibration_suite.time_gaincal": {"result": [49.79951100819744], "stats": [{"ci_99": [34.34385521966033, 65.25516679673454], "q_25": 49.64495445031207, "q_75": 49.95406756608281, "min": 49.4903978924267, "max": 50.108624123968184, "mean": 49.79951100819744, "std": 0.3091131157707423, "repeat": 2, "number": 2}]}, "casademo.flagdata_suite.time_flagdata_bandpassflag": {"result": [9.35217808606103], "stats": [{"ci_99": [5.023065122310072, 13.681291049811986], "q_25": 9.308886956423521, "q_75": 9.39546921569854, "min": 9.265595826786011, "max": 9.43876034533605, "mean": 9.35217808606103, "std": 0.08658225927501917, "repeat": 2, "number": 2}]}, "casademo.flagdata_suite.time_flagdata_list": {"result": [111.42297880980186], "stats": [{"ci_99": [100.27149199997075, 122.57446561963296], "q_25": 111.31146394170355, "q_75": 111.53449367790017, "min": 111.19994907360524, "max": 111.64600854599848, "mean": 111.42297880980186, "std": 0.22302973619662225, "repeat": 2, "number": 2}]}, "casademo.flagdata_suite.time_flagdata_list_summary": {"result": [11.855615166947246], "stats": [{"ci_99": [9.10254845302552, 14.60868188086897], "q_25": 11.828084499808028, "q_75": 11.883145834086463, "min": 11.800553832668811, "max": 11.91067650122568, "mean": 11.855615166947246, "std": 0.055061334278434515, "repeat": 2, "number": 2}]}, "casademo.flagdata_suite.time_flagdata_summary": {"result": [11.277135544689372], "stats": [{"ci_99": [10.528758775210008, 12.025512314168736], "q_25": 11.269651776994579, "q_75": 11.284619312384166, "min": 11.262168009299785, "max": 11.29210308007896, "mean": 11.277135544689372, "std": 0.014967535389587283, "repeat": 2, "number": 2}]}}, "params": {"arch": "x86_64", "cpu": "Intel(R) Xeon(R) CPU E5-1660 v4 @ 3.20GHz", "machine": "NRAO workstation", "num_cpu": "16", "os": "Linux 3.10.0-1160.15.2.el7.x86_64", "ram": "32GB", "python": "3.6", "pip+casatools": "6.2.1", "pip+casatasks": "6.2.1"}, "requirements": {"pip+casatools": "6.2.1", "pip+casatasks": "6.2.1"}, "commit_hash": "6f36161c410d06d2b9824ac4aed3e245c0fbca19", "date": 1626733867000, "env_name": "virtualenv-py3.6-pip+casatasks6.2.1.4-pip+casatools6.2.1.4", "python": "3.6", "profiles": {}, "started_at": {"casademo.tclean_memory_suite.peakmem_tclean_setweighting": 1630512773366, "casademo.calibration_suite.time_applycal_callib": 1630512160701, "casademo.calibration_suite.time_bandpass": 1630512286963, "casademo.calibration_suite.time_gaincal": 1630512362098, "casademo.flagdata_suite.time_flagdata_bandpassflag": 1630512486009, "casademo.flagdata_suite.time_flagdata_list": 1630512504605, "casademo.flagdata_suite.time_flagdata_list_summary": 1630512727053, "casademo.flagdata_suite.time_flagdata_summary": 1630512750710}, "ended_at": {"casademo.tclean_memory_suite.peakmem_tclean_setweighting": 1630512946793, "casademo.calibration_suite.time_applycal_callib": 1630512286962, "casademo.calibration_suite.time_bandpass": 1630512362098, "casademo.calibration_suite.time_gaincal": 1630512486006, "casademo.flagdata_suite.time_flagdata_bandpassflag": 1630512504605, "casademo.flagdata_suite.time_flagdata_list": 1630512727052, "casademo.flagdata_suite.time_flagdata_list_summary": 1630512750710, "casademo.flagdata_suite.time_flagdata_summary": 1630512773366}, "benchmark_version": {"casademo.tclean_memory_suite.peakmem_tclean_setweighting": "b08240b9d9211ba7e2ce323aae697e4b25deb8a6db4c5e2e48519cedc4707769", "casademo.calibration_suite.time_applycal_callib": "9ef394762fe7135f58c94c0e46a655fae93e7d107904ceff94d228f23b89a589", "casademo.calibration_suite.time_bandpass": "f706aa044f6bc64b915996b7bdd6bc5666cae0eb7c47ff9a70b5bced6c9fbd0c", "casademo.calibration_suite.time_gaincal": "56f8a9022caccdafe4240fb9a2766b2d5d56cc1c784bd724822d3b040f5b5309", "casademo.flagdata_suite.time_flagdata_bandpassflag": "f55e0ffa6be9d655555c5081a0e7bf2bc00b253273ba7c220de0bd2cfb3baf6c", "casademo.flagdata_suite.time_flagdata_list": "1a40b66ffb4a43d48af3407bae817ed4f7667fe778880859384f5f2e7c9c5d1f", "casademo.flagdata_suite.time_flagdata_list_summary": "3eb284062687484026a1defb4fceb705e83b244e37405f8794d431940ff44b08", "casademo.flagdata_suite.time_flagdata_summary": "9e569fb4e2a2f68e59c510bbf889632173be867104a4e5ba5a98d0eb110e82fb"}, "version": 1}
