{"results": {"casademo.calibration_suite.time_applycal_callib": {"result": [26.33919158950448], "stats": [{"ci_99": [22.53784930333495, 30.140533875674006], "q_25": 26.301178166642785, "q_75": 26.377205012366176, "min": 26.26316474378109, "max": 26.41521843522787, "mean": 26.33919158950448, "std": 0.07602684572339058, "repeat": 2, "number": 2}]}, "casademo.calibration_suite.time_bandpass": {"result": [25.64123471500352], "stats": [{"ci_99": [20.317728009540588, 30.96474142046645], "q_25": 25.58799964794889, "q_75": 25.69446978205815, "min": 25.53476458089426, "max": 25.74770484911278, "mean": 25.64123471500352, "std": 0.10647013410925865, "repeat": 2, "number": 2}]}, "casademo.calibration_suite.time_gaincal": {"result": [50.145847813691944], "stats": [{"ci_99": [30.94375838758424, 69.34793723979963], "q_25": 49.95382691943087, "q_75": 50.33786870795302, "min": 49.76180602516979, "max": 50.5298896022141, "mean": 50.145847813691944, "std": 0.3840417885221541, "repeat": 2, "number": 2}]}, "casademo.flagdata_suite.time_flagdata_bandpassflag": {"result": [31.568694331217557], "stats": [{"ci_99": [31.168577384669334, 31.96881127776578], "q_25": 31.564693161752075, "q_75": 31.57269550068304, "min": 31.560691992286593, "max": 31.57669667014852, "mean": 31.568694331217557, "std": 0.00800233893096447, "repeat": 2, "number": 2}]}, "casademo.flagdata_suite.time_flagdata_list": {"result": [135.08543514204212], "stats": [{"ci_99": [133.86104317638092, 136.3098271077033], "q_25": 135.0731912223855, "q_75": 135.09767906169873, "min": 135.0609473027289, "max": 135.10992298135534, "mean": 135.08543514204212, "std": 0.024487839313223958, "repeat": 2, "number": 2}]}, "casademo.flagdata_suite.time_flagdata_list_summary": {"result": [34.45120738912374], "stats": [{"ci_99": [30.824860218912363, 38.07755455933511], "q_25": 34.414943917421624, "q_75": 34.48747086082585, "min": 34.37868044571951, "max": 34.523734332527965, "mean": 34.45120738912374, "std": 0.0725269434042275, "repeat": 2, "number": 2}]}, "casademo.flagdata_suite.time_flagdata_summary": {"result": [32.685912708053365], "stats": [{"ci_99": [31.59600632986985, 33.77581908623688], "q_25": 32.67501364427153, "q_75": 32.6968117718352, "min": 32.664114580489695, "max": 32.707710835617036, "mean": 32.685912708053365, "std": 0.021798127563670278, "repeat": 2, "number": 2}]}, "casademo.tclean_memory_suite.peakmem_tclean_setweighting": 1960333312}, "params": {"arch": "x86_64", "cpu": "Intel(R) Xeon(R) CPU E5-1660 v4 @ 3.20GHz", "machine": "NRAO workstation", "num_cpu": "16", "os": "Linux 3.10.0-1160.15.2.el7.x86_64", "ram": "32GB", "python": "3.6", "pip+casatools": "trunk", "pip+casatasks": "trunk"}, "requirements": {"pip+casatools": "trunk", "pip+casatasks": "trunk"}, "commit_hash": "6f51524ff783e2f9b41b120c52913b17084b609f", "date": 1614801579000, "env_name": "virtualenv-py3.6-pip+casatasks-trunk-pip+casatools-trunk", "python": "3.6", "profiles": {}, "started_at": {"casademo.calibration_suite.time_applycal_callib": 1630100935608, "casademo.calibration_suite.time_bandpass": 1630101011901, "casademo.calibration_suite.time_gaincal": 1630101089192, "casademo.flagdata_suite.time_flagdata_bandpassflag": 1630101212347, "casademo.flagdata_suite.time_flagdata_list": 1630101275541, "casademo.flagdata_suite.time_flagdata_list_summary": 1630101545743, "casademo.flagdata_suite.time_flagdata_summary": 1630101614851, "casademo.tclean_memory_suite.peakmem_tclean_setweighting": 1630101680300}, "ended_at": {"casademo.calibration_suite.time_applycal_callib": 1630101011900, "casademo.calibration_suite.time_bandpass": 1630101089191, "casademo.calibration_suite.time_gaincal": 1630101212343, "casademo.flagdata_suite.time_flagdata_bandpassflag": 1630101275540, "casademo.flagdata_suite.time_flagdata_list": 1630101545742, "casademo.flagdata_suite.time_flagdata_list_summary": 1630101614851, "casademo.flagdata_suite.time_flagdata_summary": 1630101680299, "casademo.tclean_memory_suite.peakmem_tclean_setweighting": 1630101847217}, "benchmark_version": {"casademo.calibration_suite.time_applycal_callib": "9ef394762fe7135f58c94c0e46a655fae93e7d107904ceff94d228f23b89a589", "casademo.calibration_suite.time_bandpass": "f706aa044f6bc64b915996b7bdd6bc5666cae0eb7c47ff9a70b5bced6c9fbd0c", "casademo.calibration_suite.time_gaincal": "56f8a9022caccdafe4240fb9a2766b2d5d56cc1c784bd724822d3b040f5b5309", "casademo.flagdata_suite.time_flagdata_bandpassflag": "f55e0ffa6be9d655555c5081a0e7bf2bc00b253273ba7c220de0bd2cfb3baf6c", "casademo.flagdata_suite.time_flagdata_list": "1a40b66ffb4a43d48af3407bae817ed4f7667fe778880859384f5f2e7c9c5d1f", "casademo.flagdata_suite.time_flagdata_list_summary": "3eb284062687484026a1defb4fceb705e83b244e37405f8794d431940ff44b08", "casademo.flagdata_suite.time_flagdata_summary": "9e569fb4e2a2f68e59c510bbf889632173be867104a4e5ba5a98d0eb110e82fb", "casademo.tclean_memory_suite.peakmem_tclean_setweighting": "b08240b9d9211ba7e2ce323aae697e4b25deb8a6db4c5e2e48519cedc4707769"}, "version": 1}
