{"results": {"casademo.calibration_suite.time_applycal_callib": {"result": [26.33919158950448], "stats": [{"ci_99": [22.53784930333495, 30.140533875674006], "q_25": 26.301178166642785, "q_75": 26.377205012366176, "min": 26.26316474378109, "max": 26.41521843522787, "mean": 26.33919158950448, "std": 0.07602684572339058, "repeat": 2, "number": 2}]}, "casademo.calibration_suite.time_bandpass": {"result": [25.64123471500352], "stats": [{"ci_99": [20.317728009540588, 30.96474142046645], "q_25": 25.58799964794889, "q_75": 25.69446978205815, "min": 25.53476458089426, "max": 25.74770484911278, "mean": 25.64123471500352, "std": 0.10647013410925865, "repeat": 2, "number": 2}]}, "casademo.calibration_suite.time_gaincal": {"result": [50.145847813691944], "stats": [{"ci_99": [30.94375838758424, 69.34793723979963], "q_25": 49.95382691943087, "q_75": 50.33786870795302, "min": 49.76180602516979, "max": 50.5298896022141, "mean": 50.145847813691944, "std": 0.3840417885221541, "repeat": 2, "number": 2}]}, "casademo.flagdata_suite.time_flagdata_bandpassflag": {"result": [31.568694331217557], "stats": [{"ci_99": [31.168577384669334, 31.96881127776578], "q_25": 31.564693161752075, "q_75": 31.57269550068304, "min": 31.560691992286593, "max": 31.57669667014852, "mean": 31.568694331217557, "std": 0.00800233893096447, "repeat": 2, "number": 2}]}, "casademo.flagdata_suite.time_flagdata_list": {"result": [135.08543514204212], "stats": [{"ci_99": [133.86104317638092, 136.3098271077033], "q_25": 135.0731912223855, "q_75": 135.09767906169873, "min": 135.0609473027289, "max": 135.10992298135534, "mean": 135.08543514204212, "std": 0.024487839313223958, "repeat": 2, "number": 2}]}, "casademo.flagdata_suite.time_flagdata_list_summary": {"result": [34.45120738912374], "stats": [{"ci_99": [30.824860218912363, 38.07755455933511], "q_25": 34.414943917421624, "q_75": 34.48747086082585, "min": 34.37868044571951, "max": 34.523734332527965, "mean": 34.45120738912374, "std": 0.0725269434042275, "repeat": 2, "number": 2}]}, "casademo.flagdata_suite.time_flagdata_summary": {"result": [32.685912708053365], "stats": [{"ci_99": [31.59600632986985, 33.77581908623688], "q_25": 32.67501364427153, "q_75": 32.6968117718352, "min": 32.664114580489695, "max": 32.707710835617036, "mean": 32.685912708053365, "std": 0.021798127563670278, "repeat": 2, "number": 2}]}, "casademo.tclean_memory_suite.peakmem_tclean_setweighting": 1960333312}, "params": {"arch": "x86_64", "cpu": "Intel(R) Xeon(R) CPU E5-1660 v4 @ 3.20GHz", "machine": "NRAO workstation", "num_cpu": "16", "os": "Linux 3.10.0-1160.15.2.el7.x86_64", "ram": "32GB", "python": "3.6", "pip+casatools": "6.2.0", "pip+casatasks": "6.2.0"}, "requirements": {"pip+casatools": "6.2.0", "pip+casatasks": "6.2.0"}, "commit_hash": "6f51524ff783e2f9b41b120c52913b17084b609f", "date": 1614801579000, "env_name": "virtualenv-py3.6-pip+casatasks6.2.0.99-pip+casatools6.2.0.99", "python": "3.6", "profiles": {}, "started_at": {"casademo.calibration_suite.time_applycal_callib": 1630100935608, "casademo.calibration_suite.time_bandpass": 1630101011901, "casademo.calibration_suite.time_gaincal": 1630101089192, "casademo.flagdata_suite.time_flagdata_bandpassflag": 1630101212347, "casademo.flagdata_suite.time_flagdata_list": 1630101275541, "casademo.flagdata_suite.time_flagdata_list_summary": 1630101545743, "casademo.flagdata_suite.time_flagdata_summary": 1630101614851, "casademo.tclean_memory_suite.peakmem_tclean_setweighting": 1630101680300}, "ended_at": {"casademo.calibration_suite.time_applycal_callib": 1630101011900, "casademo.calibration_suite.time_bandpass": 1630101089191, "casademo.calibration_suite.time_gaincal": 1630101212343, "casademo.flagdata_suite.time_flagdata_bandpassflag": 1630101275540, "casademo.flagdata_suite.time_flagdata_list": 1630101545742, "casademo.flagdata_suite.time_flagdata_list_summary": 1630101614851, "casademo.flagdata_suite.time_flagdata_summary": 1630101680299, "casademo.tclean_memory_suite.peakmem_tclean_setweighting": 1630101847217}, "benchmark_version": {"casademo.calibration_suite.time_applycal_callib": "1f6437b2270507d06f2c91c35b12dce1187d02851c4b0d0c872bbcfda3e5c4f6", "casademo.calibration_suite.time_bandpass": "a69d32cd1360ece09039f1051989506a7673f5a708021e87c81e0936374d64ce", "casademo.calibration_suite.time_gaincal": "70a393fa53b72183c406b9cc585dca7828b9b8d585b8077a80e0946ee81ebeb0", "casademo.flagdata_suite.time_flagdata_bandpassflag": "6bc01de4a73ffea44f2190b51350292cc1e1256989be0f26cc4ec77341df934a", "casademo.flagdata_suite.time_flagdata_list": "f4d15370d3c2c0c746d0c9c28b87ee190865ebfa9e210cc5773201bea0df7bf9", "casademo.flagdata_suite.time_flagdata_list_summary": "58e4c1cc3e1c3c5f723c910c861bad52078405a7026f0321526fad1a15b04ee3", "casademo.flagdata_suite.time_flagdata_summary": "7d302987a4e4e75e43325fd83f2c968688e4b8a56a6476db46a4fcc0bc003e95", "casademo.tclean_memory_suite.peakmem_tclean_setweighting": "3fb5214d1e8e5bf8170efbe8114cd88b0e1e51db87c955bc588eb95ba91e4f71"}, "version": 1}
