{"results": {"casademo.tclean_memory_suite.peakmem_tclean_setweighting": 2253053952, "casademo.calibration_suite.time_applycal_callib": {"result": [26.3460963757243], "stats": [{"ci_99": [3.604691257001832, 49.087501494446755], "q_25": 26.118682324537076, "q_75": 26.573510426911525, "min": 25.89126827334985, "max": 26.80092447809875, "mean": 26.3460963757243, "std": 0.4548281023744494, "repeat": 2, "number": 2}]}, "casademo.calibration_suite.time_bandpass": {"result": [25.361167495837435], "stats": [{"ci_99": [15.187848087633029, 35.534486904041835], "q_25": 25.25943430175539, "q_75": 25.46290068991948, "min": 25.157701107673347, "max": 25.564633884001523, "mean": 25.361167495837435, "std": 0.20346638816408813, "repeat": 2, "number": 2}]}, "casademo.calibration_suite.time_gaincal": {"result": [49.287752215284854], "stats": [{"ci_99": [45.14316049357876, 53.43234393699095], "q_25": 49.24630629806779, "q_75": 49.329198132501915, "min": 49.20486038085073, "max": 49.370644049718976, "mean": 49.287752215284854, "std": 0.08289183443412185, "repeat": 2, "number": 2}]}, "casademo.flagdata_suite.time_flagdata_bandpassflag": {"result": [31.31293791299686], "stats": [{"ci_99": [26.59381986083463, 36.03205596515908], "q_25": 31.265746732475236, "q_75": 31.36012909351848, "min": 31.218555551953614, "max": 31.407320274040103, "mean": 31.31293791299686, "std": 0.0943823610432446, "repeat": 2, "number": 2}]}, "casademo.flagdata_suite.time_flagdata_list": {"result": [134.58979063061997], "stats": [{"ci_99": [129.82257631001994, 139.35700495122], "q_25": 134.54211848741397, "q_75": 134.63746277382597, "min": 134.49444634420797, "max": 134.68513491703197, "mean": 134.58979063061997, "std": 0.09534428641200066, "repeat": 2, "number": 2}]}, "casademo.flagdata_suite.time_flagdata_list_summary": {"result": [34.345671189250425], "stats": [{"ci_99": [31.527816380141303, 37.163525998359546], "q_25": 34.31749264115933, "q_75": 34.373849737341516, "min": 34.28931409306824, "max": 34.40202828543261, "mean": 34.345671189250425, "std": 0.05635709618218243, "repeat": 2, "number": 2}]}, "casademo.flagdata_suite.time_flagdata_summary": {"result": [34.00864522438496], "stats": [{"ci_99": [31.958287958987057, 36.05900248978287], "q_25": 33.988141651730984, "q_75": 34.02914879703894, "min": 33.967638079077005, "max": 34.04965236969292, "mean": 34.00864522438496, "std": 0.041007145307958126, "repeat": 2, "number": 2}]}}, "params": {"arch": "x86_64", "cpu": "Intel(R) Xeon(R) CPU E5-1660 v4 @ 3.20GHz", "machine": "NRAO workstation", "num_cpu": "16", "os": "Linux 3.10.0-1160.15.2.el7.x86_64", "ram": "32GB", "python": "3.6", "pip+casatools": "6.2.0", "pip+casatasks": "6.2.0"}, "requirements": {"pip+casatools": "6.2.0", "pip+casatasks": "6.2.0"}, "commit_hash": "6fcdb459febc7d650e6715916b9cd982a4c76d9f", "date": 1615926233000, "env_name": "virtualenv-py3.6-pip+casatasks6.2.0.107-pip+casatools6.2.0.107", "python": "3.6", "profiles": {}, "started_at": {"casademo.tclean_memory_suite.peakmem_tclean_setweighting": 1630290013545, "casademo.calibration_suite.time_applycal_callib": 1630289267927, "casademo.calibration_suite.time_bandpass": 1630289343868, "casademo.calibration_suite.time_gaincal": 1630289422381, "casademo.flagdata_suite.time_flagdata_bandpassflag": 1630289545337, "casademo.flagdata_suite.time_flagdata_list": 1630289607831, "casademo.flagdata_suite.time_flagdata_list_summary": 1630289876881, "casademo.flagdata_suite.time_flagdata_summary": 1630289945539}, "ended_at": {"casademo.tclean_memory_suite.peakmem_tclean_setweighting": 1630290194497, "casademo.calibration_suite.time_applycal_callib": 1630289343868, "casademo.calibration_suite.time_bandpass": 1630289422380, "casademo.calibration_suite.time_gaincal": 1630289545333, "casademo.flagdata_suite.time_flagdata_bandpassflag": 1630289607831, "casademo.flagdata_suite.time_flagdata_list": 1630289876881, "casademo.flagdata_suite.time_flagdata_list_summary": 1630289945539, "casademo.flagdata_suite.time_flagdata_summary": 1630290013544}, "benchmark_version": {"casademo.calibration_suite.time_applycal_callib": "9ef394762fe7135f58c94c0e46a655fae93e7d107904ceff94d228f23b89a589", "casademo.calibration_suite.time_bandpass": "f706aa044f6bc64b915996b7bdd6bc5666cae0eb7c47ff9a70b5bced6c9fbd0c", "casademo.calibration_suite.time_gaincal": "56f8a9022caccdafe4240fb9a2766b2d5d56cc1c784bd724822d3b040f5b5309", "casademo.flagdata_suite.time_flagdata_bandpassflag": "f55e0ffa6be9d655555c5081a0e7bf2bc00b253273ba7c220de0bd2cfb3baf6c", "casademo.flagdata_suite.time_flagdata_list": "1a40b66ffb4a43d48af3407bae817ed4f7667fe778880859384f5f2e7c9c5d1f", "casademo.flagdata_suite.time_flagdata_list_summary": "3eb284062687484026a1defb4fceb705e83b244e37405f8794d431940ff44b08", "casademo.flagdata_suite.time_flagdata_summary": "9e569fb4e2a2f68e59c510bbf889632173be867104a4e5ba5a98d0eb110e82fb", "casademo.tclean_memory_suite.peakmem_tclean_setweighting": "b08240b9d9211ba7e2ce323aae697e4b25deb8a6db4c5e2e48519cedc4707769"}, "version": 1}
