{"results": {"casademo.tclean_memory_suite.peakmem_tclean_setweighting": 1959448576, "casademo.calibration_suite.time_applycal_callib": {"result": [29.6555131287314], "stats": [{"ci_99": [-157.51073161745444, 216.82175787491707], "q_25": 27.78385068126954, "q_75": 31.527175576193258, "min": 25.912188233807683, "max": 33.39883802365512, "mean": 29.6555131287314, "std": 3.743324894923717, "repeat": 2, "number": 2}]}, "casademo.calibration_suite.time_bandpass": {"result": [25.024253867566586], "stats": [{"ci_99": [-10.647465063259006, 60.69597279839215], "q_25": 24.66753667825833, "q_75": 25.38097105687484, "min": 24.310819488950074, "max": 25.737688246183097, "mean": 25.024253867566586, "std": 0.7134343786165118, "repeat": 2, "number": 2}]}, "casademo.calibration_suite.time_gaincal": {"result": [52.12089110468514], "stats": [{"ci_99": [23.451241241535172, 80.79054096783508], "q_25": 51.83419460605364, "q_75": 52.40758760331664, "min": 51.54749810742214, "max": 52.69428410194814, "mean": 52.12089110468514, "std": 0.5733929972629994, "repeat": 2, "number": 2}]}, "casademo.flagdata_suite.time_flagdata_bandpassflag": {"result": [9.379165750695392], "stats": [{"ci_99": [9.090417347149923, 9.667914154240862], "q_25": 9.376278266659938, "q_75": 9.382053234730847, "min": 9.373390782624483, "max": 9.384940718766302, "mean": 9.379165750695392, "std": 0.005774968070909381, "repeat": 2, "number": 2}]}, "casademo.flagdata_suite.time_flagdata_list": {"result": [111.29414769425057], "stats": [{"ci_99": [109.14747259416617, 113.44082279433496], "q_25": 111.27268094324972, "q_75": 111.31561444525141, "min": 111.25121419224888, "max": 111.33708119625226, "mean": 111.29414769425057, "std": 0.042933502001687884, "repeat": 2, "number": 2}]}, "casademo.flagdata_suite.time_flagdata_list_summary": {"result": [11.97970729530789], "stats": [{"ci_99": [10.72721283393912, 13.232201756676657], "q_25": 11.967182350694202, "q_75": 11.992232239921577, "min": 11.954657406080514, "max": 12.004757184535265, "mean": 11.97970729530789, "std": 0.025049889227375388, "repeat": 2, "number": 2}]}, "casademo.flagdata_suite.time_flagdata_summary": {"result": [11.521675129886717], "stats": [{"ci_99": [-0.2803611154668033, 23.323711375240226], "q_25": 11.403654767433181, "q_75": 11.639695492340252, "min": 11.285634404979646, "max": 11.757715854793787, "mean": 11.521675129886717, "std": 0.2360407249070704, "repeat": 2, "number": 2}]}}, "params": {"arch": "x86_64", "cpu": "Intel(R) Xeon(R) CPU E5-1660 v4 @ 3.20GHz", "machine": "NRAO workstation", "num_cpu": "16", "os": "Linux 3.10.0-1160.15.2.el7.x86_64", "ram": "32GB", "python": "3.6", "pip+casatools": "6.2", "pip+casatasks": "6.2"}, "requirements": {"pip+casatools": "6.2.1", "pip+casatasks": "6.2.1"}, "commit_hash": "6ff8d2788d0dded9fa87f13908d761fd8e0cf481", "date": 1628115150000, "env_name": "virtualenv-py3.6-pip+casatasks6.2.1.6-pip+casatools6.2.1.6", "python": "3.6", "profiles": {}, "started_at": {"casademo.tclean_memory_suite.peakmem_tclean_setweighting": 1629833049361, "casademo.calibration_suite.time_applycal_callib": 1629832436873, "casademo.calibration_suite.time_bandpass": 1629832561229, "casademo.calibration_suite.time_gaincal": 1629832634999, "casademo.flagdata_suite.time_flagdata_bandpassflag": 1629832760151, "casademo.flagdata_suite.time_flagdata_list": 1629832778998, "casademo.flagdata_suite.time_flagdata_list_summary": 1629833001745, "casademo.flagdata_suite.time_flagdata_summary": 1629833025804}, "ended_at": {"casademo.tclean_memory_suite.peakmem_tclean_setweighting": 1629833224692, "casademo.calibration_suite.time_applycal_callib": 1629832561229, "casademo.calibration_suite.time_bandpass": 1629832634999, "casademo.calibration_suite.time_gaincal": 1629832760145, "casademo.flagdata_suite.time_flagdata_bandpassflag": 1629832778997, "casademo.flagdata_suite.time_flagdata_list": 1629833001744, "casademo.flagdata_suite.time_flagdata_list_summary": 1629833025803, "casademo.flagdata_suite.time_flagdata_summary": 1629833049361}, "benchmark_version": {"casademo.tclean_memory_suite.peakmem_tclean_setweighting": "3fb5214d1e8e5bf8170efbe8114cd88b0e1e51db87c955bc588eb95ba91e4f71", "casademo.calibration_suite.time_applycal_callib": "1f6437b2270507d06f2c91c35b12dce1187d02851c4b0d0c872bbcfda3e5c4f6", "casademo.calibration_suite.time_bandpass": "a69d32cd1360ece09039f1051989506a7673f5a708021e87c81e0936374d64ce", "casademo.calibration_suite.time_gaincal": "70a393fa53b72183c406b9cc585dca7828b9b8d585b8077a80e0946ee81ebeb0", "casademo.flagdata_suite.time_flagdata_bandpassflag": "6bc01de4a73ffea44f2190b51350292cc1e1256989be0f26cc4ec77341df934a", "casademo.flagdata_suite.time_flagdata_list": "f4d15370d3c2c0c746d0c9c28b87ee190865ebfa9e210cc5773201bea0df7bf9", "casademo.flagdata_suite.time_flagdata_list_summary": "58e4c1cc3e1c3c5f723c910c861bad52078405a7026f0321526fad1a15b04ee3", "casademo.flagdata_suite.time_flagdata_summary": "7d302987a4e4e75e43325fd83f2c968688e4b8a56a6476db46a4fcc0bc003e95"}, "version": 1}
