{"results": {"casademo.tclean_memory_suite.peakmem_tclean_setweighting": 1959448576, "casademo.calibration_suite.time_applycal_callib": {"result": [29.6555131287314], "stats": [{"ci_99": [-157.51073161745444, 216.82175787491707], "q_25": 27.78385068126954, "q_75": 31.527175576193258, "min": 25.912188233807683, "max": 33.39883802365512, "mean": 29.6555131287314, "std": 3.743324894923717, "repeat": 2, "number": 2}]}, "casademo.calibration_suite.time_bandpass": {"result": [25.024253867566586], "stats": [{"ci_99": [-10.647465063259006, 60.69597279839215], "q_25": 24.66753667825833, "q_75": 25.38097105687484, "min": 24.310819488950074, "max": 25.737688246183097, "mean": 25.024253867566586, "std": 0.7134343786165118, "repeat": 2, "number": 2}]}, "casademo.calibration_suite.time_gaincal": {"result": [52.12089110468514], "stats": [{"ci_99": [23.451241241535172, 80.79054096783508], "q_25": 51.83419460605364, "q_75": 52.40758760331664, "min": 51.54749810742214, "max": 52.69428410194814, "mean": 52.12089110468514, "std": 0.5733929972629994, "repeat": 2, "number": 2}]}, "casademo.flagdata_suite.time_flagdata_bandpassflag": {"result": [9.379165750695392], "stats": [{"ci_99": [9.090417347149923, 9.667914154240862], "q_25": 9.376278266659938, "q_75": 9.382053234730847, "min": 9.373390782624483, "max": 9.384940718766302, "mean": 9.379165750695392, "std": 0.005774968070909381, "repeat": 2, "number": 2}]}, "casademo.flagdata_suite.time_flagdata_list": {"result": [111.29414769425057], "stats": [{"ci_99": [109.14747259416617, 113.44082279433496], "q_25": 111.27268094324972, "q_75": 111.31561444525141, "min": 111.25121419224888, "max": 111.33708119625226, "mean": 111.29414769425057, "std": 0.042933502001687884, "repeat": 2, "number": 2}]}, "casademo.flagdata_suite.time_flagdata_list_summary": {"result": [11.97970729530789], "stats": [{"ci_99": [10.72721283393912, 13.232201756676657], "q_25": 11.967182350694202, "q_75": 11.992232239921577, "min": 11.954657406080514, "max": 12.004757184535265, "mean": 11.97970729530789, "std": 0.025049889227375388, "repeat": 2, "number": 2}]}, "casademo.flagdata_suite.time_flagdata_summary": {"result": [11.521675129886717], "stats": [{"ci_99": [-0.2803611154668033, 23.323711375240226], "q_25": 11.403654767433181, "q_75": 11.639695492340252, "min": 11.285634404979646, "max": 11.757715854793787, "mean": 11.521675129886717, "std": 0.2360407249070704, "repeat": 2, "number": 2}]}}, "params": {"arch": "x86_64", "cpu": "Intel(R) Xeon(R) CPU E5-1660 v4 @ 3.20GHz", "machine": "NRAO workstation", "num_cpu": "16", "os": "Linux 3.10.0-1160.15.2.el7.x86_64", "ram": "32GB", "python": "3.6", "pip+casatools": "trunk", "pip+casatasks": "trunk"}, "requirements": {"pip+casatools": "trunk", "pip+casatasks": "trunk"}, "commit_hash": "6ff8d2788d0dded9fa87f13908d761fd8e0cf481", "date": 1628115150000, "env_name": "virtualenv-py3.6-pip+casatasks-trunk-pip+casatools-trunk", "python": "3.6", "profiles": {}, "started_at": {"casademo.tclean_memory_suite.peakmem_tclean_setweighting": 1629833049361, "casademo.calibration_suite.time_applycal_callib": 1629832436873, "casademo.calibration_suite.time_bandpass": 1629832561229, "casademo.calibration_suite.time_gaincal": 1629832634999, "casademo.flagdata_suite.time_flagdata_bandpassflag": 1629832760151, "casademo.flagdata_suite.time_flagdata_list": 1629832778998, "casademo.flagdata_suite.time_flagdata_list_summary": 1629833001745, "casademo.flagdata_suite.time_flagdata_summary": 1629833025804}, "ended_at": {"casademo.tclean_memory_suite.peakmem_tclean_setweighting": 1629833224692, "casademo.calibration_suite.time_applycal_callib": 1629832561229, "casademo.calibration_suite.time_bandpass": 1629832634999, "casademo.calibration_suite.time_gaincal": 1629832760145, "casademo.flagdata_suite.time_flagdata_bandpassflag": 1629832778997, "casademo.flagdata_suite.time_flagdata_list": 1629833001744, "casademo.flagdata_suite.time_flagdata_list_summary": 1629833025803, "casademo.flagdata_suite.time_flagdata_summary": 1629833049361}, "benchmark_version": {"casademo.calibration_suite.time_applycal_callib": "9ef394762fe7135f58c94c0e46a655fae93e7d107904ceff94d228f23b89a589", "casademo.calibration_suite.time_bandpass": "f706aa044f6bc64b915996b7bdd6bc5666cae0eb7c47ff9a70b5bced6c9fbd0c", "casademo.calibration_suite.time_gaincal": "56f8a9022caccdafe4240fb9a2766b2d5d56cc1c784bd724822d3b040f5b5309", "casademo.flagdata_suite.time_flagdata_bandpassflag": "f55e0ffa6be9d655555c5081a0e7bf2bc00b253273ba7c220de0bd2cfb3baf6c", "casademo.flagdata_suite.time_flagdata_list": "1a40b66ffb4a43d48af3407bae817ed4f7667fe778880859384f5f2e7c9c5d1f", "casademo.flagdata_suite.time_flagdata_list_summary": "3eb284062687484026a1defb4fceb705e83b244e37405f8794d431940ff44b08", "casademo.flagdata_suite.time_flagdata_summary": "9e569fb4e2a2f68e59c510bbf889632173be867104a4e5ba5a98d0eb110e82fb", "casademo.tclean_memory_suite.peakmem_tclean_setweighting": "b08240b9d9211ba7e2ce323aae697e4b25deb8a6db4c5e2e48519cedc4707769"}, "version": 1}
