{"results": {"casademo.calibration_suite.time_applycal_callib": {"result": [26.01299970690161], "stats": [{"ci_99": [4.716997340321541, 47.309002073481665], "q_25": 25.80003968323581, "q_75": 26.22595973056741, "min": 25.58707965957001, "max": 26.43891975423321, "mean": 26.01299970690161, "std": 0.4259200473316014, "repeat": 2, "number": 2}]}, "casademo.calibration_suite.time_bandpass": {"result": [24.551721315598115], "stats": [{"ci_99": [11.119871996575966, 37.98357063462025], "q_25": 24.417402822407894, "q_75": 24.686039808788337, "min": 24.283084329217672, "max": 24.82035830197856, "mean": 24.551721315598115, "std": 0.268636986380443, "repeat": 2, "number": 2}]}, "casademo.calibration_suite.time_gaincal": {"result": [49.705238935304806], "stats": [{"ci_99": [-36.31311582471244, 135.723593695322], "q_25": 48.84505538770463, "q_75": 50.56542248290498, "min": 47.98487184010446, "max": 51.42560603050515, "mean": 49.705238935304806, "std": 1.720367095200345, "repeat": 2, "number": 2}]}, "casademo.flagdata_suite.time_flagdata_bandpassflag": {"result": [31.351660078857094], "stats": [{"ci_99": [28.991750654298812, 33.711569503415376], "q_25": 31.32806098461151, "q_75": 31.375259173102677, "min": 31.30446189036593, "max": 31.39885826734826, "mean": 31.351660078857094, "std": 0.04719818849116564, "repeat": 2, "number": 2}]}, "casademo.flagdata_suite.time_flagdata_list": {"result": [133.17829401278868], "stats": [{"ci_99": [130.8607938052155, 135.49579422036186], "q_25": 133.15511901071295, "q_75": 133.20146901486441, "min": 133.13194400863722, "max": 133.22464401694015, "mean": 133.17829401278868, "std": 0.04635000415146351, "repeat": 2, "number": 2}]}, "casademo.flagdata_suite.time_flagdata_list_summary": {"result": [34.108511998318136], "stats": [{"ci_99": [33.47859232407063, 34.73843167256564], "q_25": 34.10221280157566, "q_75": 34.11481119506061, "min": 34.095913604833186, "max": 34.121110391803086, "mean": 34.108511998318136, "std": 0.012598393484950066, "repeat": 2, "number": 2}]}, "casademo.flagdata_suite.time_flagdata_summary": {"result": [33.74171515414491], "stats": [{"ci_99": [33.445806288626045, 34.03762401966378], "q_25": 33.738756065489724, "q_75": 33.7446742428001, "min": 33.735796976834536, "max": 33.74763333145529, "mean": 33.74171515414491, "std": 0.005918177310377359, "repeat": 2, "number": 2}]}, "casademo.tclean_memory_suite.peakmem_tclean_setweighting": 2254229504}, "params": {"arch": "x86_64", "cpu": "Intel(R) Xeon(R) CPU E5-1660 v4 @ 3.20GHz", "machine": "NRAO workstation", "num_cpu": "16", "os": "Linux 3.10.0-1160.15.2.el7.x86_64", "ram": "32GB", "python": "3.6", "pip+casatools": "6.2.0", "pip+casatasks": "6.2.0"}, "requirements": {"pip+casatools": "6.2.0", "pip+casatasks": "6.2.0"}, "commit_hash": "703498ad556bec746e94855bab7d117cc359062b", "date": 1619100155000, "env_name": "virtualenv-py3.6-pip+casatasks6.2.0.116-pip+casatools6.2.0.116", "python": "3.6", "profiles": {}, "started_at": {"casademo.calibration_suite.time_applycal_callib": 1630209089300, "casademo.calibration_suite.time_bandpass": 1630209164941, "casademo.calibration_suite.time_gaincal": 1630209238927, "casademo.flagdata_suite.time_flagdata_bandpassflag": 1630209363579, "casademo.flagdata_suite.time_flagdata_list": 1630209426444, "casademo.flagdata_suite.time_flagdata_list_summary": 1630209692934, "casademo.flagdata_suite.time_flagdata_summary": 1630209761241, "casademo.tclean_memory_suite.peakmem_tclean_setweighting": 1630209828746}, "ended_at": {"casademo.calibration_suite.time_applycal_callib": 1630209164940, "casademo.calibration_suite.time_bandpass": 1630209238926, "casademo.calibration_suite.time_gaincal": 1630209363572, "casademo.flagdata_suite.time_flagdata_bandpassflag": 1630209426443, "casademo.flagdata_suite.time_flagdata_list": 1630209692934, "casademo.flagdata_suite.time_flagdata_list_summary": 1630209761240, "casademo.flagdata_suite.time_flagdata_summary": 1630209828745, "casademo.tclean_memory_suite.peakmem_tclean_setweighting": 1630210011955}, "benchmark_version": {"casademo.calibration_suite.time_applycal_callib": "1f6437b2270507d06f2c91c35b12dce1187d02851c4b0d0c872bbcfda3e5c4f6", "casademo.calibration_suite.time_bandpass": "a69d32cd1360ece09039f1051989506a7673f5a708021e87c81e0936374d64ce", "casademo.calibration_suite.time_gaincal": "70a393fa53b72183c406b9cc585dca7828b9b8d585b8077a80e0946ee81ebeb0", "casademo.flagdata_suite.time_flagdata_bandpassflag": "6bc01de4a73ffea44f2190b51350292cc1e1256989be0f26cc4ec77341df934a", "casademo.flagdata_suite.time_flagdata_list": "f4d15370d3c2c0c746d0c9c28b87ee190865ebfa9e210cc5773201bea0df7bf9", "casademo.flagdata_suite.time_flagdata_list_summary": "58e4c1cc3e1c3c5f723c910c861bad52078405a7026f0321526fad1a15b04ee3", "casademo.flagdata_suite.time_flagdata_summary": "7d302987a4e4e75e43325fd83f2c968688e4b8a56a6476db46a4fcc0bc003e95", "casademo.tclean_memory_suite.peakmem_tclean_setweighting": "3fb5214d1e8e5bf8170efbe8114cd88b0e1e51db87c955bc588eb95ba91e4f71"}, "version": 1}
