{"results": {"casademo.calibration_suite.time_applycal_callib": {"result": [25.74923974997364], "stats": [{"ci_99": [-33.749995806021616, 85.24847530596884], "q_25": 25.154247394413687, "q_75": 26.344232105533592, "min": 24.559255038853735, "max": 26.939224461093545, "mean": 25.74923974997364, "std": 1.1899847111199051, "repeat": 2, "number": 2}]}, "casademo.calibration_suite.time_bandpass": {"result": [23.95629345602356], "stats": [{"ci_99": [11.654795398237184, 36.25779151380992], "q_25": 23.833278475445695, "q_75": 24.079308436601423, "min": 23.71026349486783, "max": 24.202323417179286, "mean": 23.95629345602356, "std": 0.2460299611557275, "repeat": 2, "number": 2}]}, "casademo.calibration_suite.time_gaincal": {"result": [49.87930723419413], "stats": [{"ci_99": [25.974081181455404, 73.78453328693283], "q_25": 49.64025497366674, "q_75": 50.11835949472152, "min": 49.401202713139355, "max": 50.357411755248904, "mean": 49.87930723419413, "std": 0.4781045210547745, "repeat": 2, "number": 2}]}, "casademo.flagdata_suite.time_flagdata_bandpassflag": {"result": [6.603964128298685], "stats": [{"ci_99": [3.2455469260457903, 9.962381330551576], "q_25": 6.570379956276156, "q_75": 6.637548300321214, "min": 6.536795784253627, "max": 6.671132472343743, "mean": 6.603964128298685, "std": 0.06716834404505789, "repeat": 2, "number": 2}]}, "casademo.flagdata_suite.time_flagdata_list": {"result": [117.65430248365737], "stats": [{"ci_99": [117.25563973910175, 118.052965228213], "q_25": 117.65031585621182, "q_75": 117.65828911110293, "min": 117.64632922876626, "max": 117.66227573854849, "mean": 117.65430248365737, "std": 0.007973254891112447, "repeat": 2, "number": 2}]}, "casademo.flagdata_suite.time_flagdata_list_summary": {"result": [8.63005865411833], "stats": [{"ci_99": [3.8445254513062537, 13.415591856930401], "q_25": 8.582203322090209, "q_75": 8.67791398614645, "min": 8.534347990062088, "max": 8.72576931817457, "mean": 8.63005865411833, "std": 0.09571066405624151, "repeat": 2, "number": 2}]}, "casademo.flagdata_suite.time_flagdata_summary": {"result": [8.253080614609644], "stats": [{"ci_99": [-0.008372920332476497, 16.514534149551757], "q_25": 8.170466079260223, "q_75": 8.335695149959065, "min": 8.087851543910801, "max": 8.418309685308486, "mean": 8.253080614609644, "std": 0.1652290706988424, "repeat": 2, "number": 2}]}, "casademo.tclean_memory_suite.peakmem_tclean_setweighting": 1978220544}, "params": {"arch": "x86_64", "cpu": "Intel(R) Xeon(R) CPU E5-1660 v4 @ 3.20GHz", "machine": "NRAO workstation", "num_cpu": "16", "os": "Linux 3.10.0-1160.15.2.el7.x86_64", "ram": "32GB", "python": "3.6", "pip+casatools": "6.1.2", "pip+casatasks": "6.1.2"}, "requirements": {"pip+casatools": "6.1.2", "pip+casatasks": "6.1.2"}, "commit_hash": "709a4c90d723c8a1d7921a5d635af40e06d7e4fb", "date": 1604529919000, "env_name": "virtualenv-py3.6-pip+casatasks6.1.2.4-pip+casatools6.1.2.4", "python": "3.6", "profiles": {}, "started_at": {"casademo.calibration_suite.time_applycal_callib": 1630534866316, "casademo.calibration_suite.time_bandpass": 1630534944061, "casademo.calibration_suite.time_gaincal": 1630535017846, "casademo.flagdata_suite.time_flagdata_bandpassflag": 1630535141862, "casademo.flagdata_suite.time_flagdata_list": 1630535155240, "casademo.flagdata_suite.time_flagdata_list_summary": 1630535390609, "casademo.flagdata_suite.time_flagdata_summary": 1630535408146, "casademo.tclean_memory_suite.peakmem_tclean_setweighting": 1630535425036}, "ended_at": {"casademo.calibration_suite.time_applycal_callib": 1630534944061, "casademo.calibration_suite.time_bandpass": 1630535017846, "casademo.calibration_suite.time_gaincal": 1630535141854, "casademo.flagdata_suite.time_flagdata_bandpassflag": 1630535155240, "casademo.flagdata_suite.time_flagdata_list": 1630535390609, "casademo.flagdata_suite.time_flagdata_list_summary": 1630535408145, "casademo.flagdata_suite.time_flagdata_summary": 1630535425036, "casademo.tclean_memory_suite.peakmem_tclean_setweighting": 1630535732098}, "benchmark_version": {"casademo.calibration_suite.time_applycal_callib": "9ef394762fe7135f58c94c0e46a655fae93e7d107904ceff94d228f23b89a589", "casademo.calibration_suite.time_bandpass": "f706aa044f6bc64b915996b7bdd6bc5666cae0eb7c47ff9a70b5bced6c9fbd0c", "casademo.calibration_suite.time_gaincal": "56f8a9022caccdafe4240fb9a2766b2d5d56cc1c784bd724822d3b040f5b5309", "casademo.flagdata_suite.time_flagdata_bandpassflag": "f55e0ffa6be9d655555c5081a0e7bf2bc00b253273ba7c220de0bd2cfb3baf6c", "casademo.flagdata_suite.time_flagdata_list": "1a40b66ffb4a43d48af3407bae817ed4f7667fe778880859384f5f2e7c9c5d1f", "casademo.flagdata_suite.time_flagdata_list_summary": "3eb284062687484026a1defb4fceb705e83b244e37405f8794d431940ff44b08", "casademo.flagdata_suite.time_flagdata_summary": "9e569fb4e2a2f68e59c510bbf889632173be867104a4e5ba5a98d0eb110e82fb", "casademo.tclean_memory_suite.peakmem_tclean_setweighting": "b08240b9d9211ba7e2ce323aae697e4b25deb8a6db4c5e2e48519cedc4707769"}, "version": 1}
