{"results": {"casademo.calibration_suite.time_applycal_callib": {"result": [45.40218050824478], "stats": [{"ci_99": [-112.38221306120977, 203.1865740776992], "q_25": 43.82433657255024, "q_75": 46.98002444393933, "min": 42.24649263685569, "max": 48.557868379633874, "mean": 45.40218050824478, "std": 3.155687871389091, "repeat": 2, "number": 2}]}, "casademo.calibration_suite.time_bandpass": {"result": [24.18512482731603], "stats": [{"ci_99": [12.675976015860215, 35.69427363877183], "q_25": 24.070033339201473, "q_75": 24.30021631543059, "min": 23.954941851086915, "max": 24.415307803545147, "mean": 24.18512482731603, "std": 0.23018297622911632, "repeat": 2, "number": 2}]}, "casademo.calibration_suite.time_gaincal": {"result": [49.47057633777149], "stats": [{"ci_99": [42.79314659885131, 56.148006076691665], "q_25": 49.40380204038229, "q_75": 49.53735063516069, "min": 49.33702774299309, "max": 49.604124932549894, "mean": 49.47057633777149, "std": 0.13354859477840364, "repeat": 2, "number": 2}]}, "casademo.flagdata_suite.time_flagdata_bandpassflag": {"result": [31.790197111433372], "stats": [{"ci_99": [31.743615394691005, 31.83677882817574], "q_25": 31.78973129426595, "q_75": 31.790662928600796, "min": 31.789265477098525, "max": 31.79112874576822, "mean": 31.790197111433372, "std": 0.000931634334847331, "repeat": 2, "number": 2}]}, "casademo.flagdata_suite.time_flagdata_list": {"result": [132.99317727284506], "stats": [{"ci_99": [132.899971394334, 133.08638315135613], "q_25": 132.99224521405995, "q_75": 132.99410933163017, "min": 132.99131315527484, "max": 132.99504139041528, "mean": 132.99317727284506, "std": 0.001864117570221424, "repeat": 2, "number": 2}]}, "casademo.flagdata_suite.time_flagdata_list_summary": {"result": [34.366123909829184], "stats": [{"ci_99": [34.33690418791957, 34.3953436317388], "q_25": 34.36583171261009, "q_75": 34.36641610704828, "min": 34.36553951539099, "max": 34.36670830426738, "mean": 34.366123909829184, "std": 0.0005843944381922483, "repeat": 2, "number": 2}]}, "casademo.flagdata_suite.time_flagdata_summary": {"result": [34.202728687087074], "stats": [{"ci_99": [31.702627380145714, 36.702829994028434], "q_25": 34.17772767401766, "q_75": 34.22772970015649, "min": 34.15272666094825, "max": 34.2527307132259, "mean": 34.202728687087074, "std": 0.050002026138827205, "repeat": 2, "number": 2}]}, "casademo.tclean_memory_suite.peakmem_tclean_setweighting": 1960579072}, "params": {"arch": "x86_64", "cpu": "Intel(R) Xeon(R) CPU E5-1660 v4 @ 3.20GHz", "machine": "NRAO workstation", "num_cpu": "16", "os": "Linux 3.10.0-1160.15.2.el7.x86_64", "ram": "32GB", "python": "3.6", "pip+casatools": "6.2.0", "pip+casatasks": "6.2.0"}, "requirements": {"pip+casatools": "6.2.0", "pip+casatasks": "6.2.0"}, "commit_hash": "70a1a1225cd7c09aebd970ad61c7a826afe9af88", "date": 1612346951000, "env_name": "virtualenv-py3.6-pip+casatasks6.2.0.84-pip+casatools6.2.0.84", "python": "3.6", "profiles": {}, "started_at": {"casademo.calibration_suite.time_applycal_callib": 1630335191325, "casademo.calibration_suite.time_bandpass": 1630335317785, "casademo.calibration_suite.time_gaincal": 1630335393775, "casademo.flagdata_suite.time_flagdata_bandpassflag": 1630335516986, "casademo.flagdata_suite.time_flagdata_list": 1630335580632, "casademo.flagdata_suite.time_flagdata_list_summary": 1630335846676, "casademo.flagdata_suite.time_flagdata_summary": 1630335915484, "casademo.tclean_memory_suite.peakmem_tclean_setweighting": 1630335983840}, "ended_at": {"casademo.calibration_suite.time_applycal_callib": 1630335317784, "casademo.calibration_suite.time_bandpass": 1630335393775, "casademo.calibration_suite.time_gaincal": 1630335516978, "casademo.flagdata_suite.time_flagdata_bandpassflag": 1630335580632, "casademo.flagdata_suite.time_flagdata_list": 1630335846676, "casademo.flagdata_suite.time_flagdata_list_summary": 1630335915484, "casademo.flagdata_suite.time_flagdata_summary": 1630335983840, "casademo.tclean_memory_suite.peakmem_tclean_setweighting": 1630336149072}, "benchmark_version": {"casademo.calibration_suite.time_applycal_callib": "1f6437b2270507d06f2c91c35b12dce1187d02851c4b0d0c872bbcfda3e5c4f6", "casademo.calibration_suite.time_bandpass": "a69d32cd1360ece09039f1051989506a7673f5a708021e87c81e0936374d64ce", "casademo.calibration_suite.time_gaincal": "70a393fa53b72183c406b9cc585dca7828b9b8d585b8077a80e0946ee81ebeb0", "casademo.flagdata_suite.time_flagdata_bandpassflag": "6bc01de4a73ffea44f2190b51350292cc1e1256989be0f26cc4ec77341df934a", "casademo.flagdata_suite.time_flagdata_list": "f4d15370d3c2c0c746d0c9c28b87ee190865ebfa9e210cc5773201bea0df7bf9", "casademo.flagdata_suite.time_flagdata_list_summary": "58e4c1cc3e1c3c5f723c910c861bad52078405a7026f0321526fad1a15b04ee3", "casademo.flagdata_suite.time_flagdata_summary": "7d302987a4e4e75e43325fd83f2c968688e4b8a56a6476db46a4fcc0bc003e95", "casademo.tclean_memory_suite.peakmem_tclean_setweighting": "3fb5214d1e8e5bf8170efbe8114cd88b0e1e51db87c955bc588eb95ba91e4f71"}, "version": 1}
