{"results": {"casademo.calibration_suite.time_applycal_callib": {"result": [27.626199499703944], "stats": [{"ci_99": [-54.10166441835463, 109.35406341776245], "q_25": 26.808920860523358, "q_75": 28.44347813888453, "min": 25.991642221342772, "max": 29.260756778065115, "mean": 27.626199499703944, "std": 1.6345572783611715, "repeat": 2, "number": 2}]}, "casademo.calibration_suite.time_bandpass": {"result": [24.564628103515133], "stats": [{"ci_99": [-15.941837874008343, 65.07109408103858], "q_25": 24.1595634437399, "q_75": 24.969692763290368, "min": 23.754498783964664, "max": 25.374757423065603, "mean": 24.564628103515133, "std": 0.8101293195504695, "repeat": 2, "number": 2}]}, "casademo.calibration_suite.time_gaincal": {"result": [49.29041906516068], "stats": [{"ci_99": [45.374235566938296, 53.20660256338306], "q_25": 49.25125723017845, "q_75": 49.3295809001429, "min": 49.21209539519623, "max": 49.368742735125124, "mean": 49.29041906516068, "std": 0.07832366996444762, "repeat": 2, "number": 2}]}, "casademo.flagdata_suite.time_flagdata_bandpassflag": {"result": [31.608449823921546], "stats": [{"ci_99": [29.717284562299028, 33.499615085544065], "q_25": 31.58953817130532, "q_75": 31.62736147653777, "min": 31.570626518689096, "max": 31.646273129153997, "mean": 31.608449823921546, "std": 0.037823305232450366, "repeat": 2, "number": 2}]}, "casademo.flagdata_suite.time_flagdata_list": {"result": [134.71790710603818], "stats": [{"ci_99": [131.52502863807604, 137.91078557400033], "q_25": 134.68597832135856, "q_75": 134.7498358907178, "min": 134.65404953667894, "max": 134.78176467539743, "mean": 134.71790710603818, "std": 0.06385756935924292, "repeat": 2, "number": 2}]}, "casademo.flagdata_suite.time_flagdata_list_summary": {"result": [34.60944460891187], "stats": [{"ci_99": [33.5043090460822, 35.714580171741545], "q_25": 34.598393253283575, "q_75": 34.62049596454017, "min": 34.58734189765528, "max": 34.631547320168465, "mean": 34.60944460891187, "std": 0.022102711256593466, "repeat": 2, "number": 2}]}, "casademo.flagdata_suite.time_flagdata_summary": {"result": [34.2526528139133], "stats": [{"ci_99": [33.23325218795799, 35.272053439868614], "q_25": 34.24245880765375, "q_75": 34.262846820172854, "min": 34.232264801394194, "max": 34.27304082643241, "mean": 34.2526528139133, "std": 0.02038801251910627, "repeat": 2, "number": 2}]}, "casademo.tclean_memory_suite.peakmem_tclean_setweighting": 1960357888}, "params": {"arch": "x86_64", "cpu": "Intel(R) Xeon(R) CPU E5-1660 v4 @ 3.20GHz", "machine": "NRAO workstation", "num_cpu": "16", "os": "Linux 3.10.0-1160.15.2.el7.x86_64", "ram": "32GB", "python": "3.6", "pip+casatools": "6.2.0", "pip+casatasks": "6.2.0"}, "requirements": {"pip+casatools": "6.2.0", "pip+casatasks": "6.2.0"}, "commit_hash": "7229f1b3bcd4846bf91001200545cdaa6ae81c26", "date": 1615305279000, "env_name": "virtualenv-py3.6-pip+casatasks6.2.0.102-pip+casatools6.2.0.102", "python": "3.6", "profiles": {}, "started_at": {"casademo.calibration_suite.time_applycal_callib": 1630291198129, "casademo.calibration_suite.time_bandpass": 1630291273968, "casademo.calibration_suite.time_gaincal": 1630291365842, "casademo.flagdata_suite.time_flagdata_bandpassflag": 1630291488395, "casademo.flagdata_suite.time_flagdata_list": 1630291551590, "casademo.flagdata_suite.time_flagdata_list_summary": 1630291820941, "casademo.flagdata_suite.time_flagdata_summary": 1630291890250, "casademo.tclean_memory_suite.peakmem_tclean_setweighting": 1630291958756}, "ended_at": {"casademo.calibration_suite.time_applycal_callib": 1630291273968, "casademo.calibration_suite.time_bandpass": 1630291365841, "casademo.calibration_suite.time_gaincal": 1630291488391, "casademo.flagdata_suite.time_flagdata_bandpassflag": 1630291551590, "casademo.flagdata_suite.time_flagdata_list": 1630291820941, "casademo.flagdata_suite.time_flagdata_list_summary": 1630291890249, "casademo.flagdata_suite.time_flagdata_summary": 1630291958756, "casademo.tclean_memory_suite.peakmem_tclean_setweighting": 1630292125585}, "benchmark_version": {"casademo.calibration_suite.time_applycal_callib": "1f6437b2270507d06f2c91c35b12dce1187d02851c4b0d0c872bbcfda3e5c4f6", "casademo.calibration_suite.time_bandpass": "a69d32cd1360ece09039f1051989506a7673f5a708021e87c81e0936374d64ce", "casademo.calibration_suite.time_gaincal": "70a393fa53b72183c406b9cc585dca7828b9b8d585b8077a80e0946ee81ebeb0", "casademo.flagdata_suite.time_flagdata_bandpassflag": "6bc01de4a73ffea44f2190b51350292cc1e1256989be0f26cc4ec77341df934a", "casademo.flagdata_suite.time_flagdata_list": "f4d15370d3c2c0c746d0c9c28b87ee190865ebfa9e210cc5773201bea0df7bf9", "casademo.flagdata_suite.time_flagdata_list_summary": "58e4c1cc3e1c3c5f723c910c861bad52078405a7026f0321526fad1a15b04ee3", "casademo.flagdata_suite.time_flagdata_summary": "7d302987a4e4e75e43325fd83f2c968688e4b8a56a6476db46a4fcc0bc003e95", "casademo.tclean_memory_suite.peakmem_tclean_setweighting": "3fb5214d1e8e5bf8170efbe8114cd88b0e1e51db87c955bc588eb95ba91e4f71"}, "version": 1}
