{"results": {"casademo.tclean_memory_suite.peakmem_tclean_setweighting": 2154475520, "casademo.calibration_suite.time_applycal_callib": {"result": [37.27999365888536], "stats": [{"ci_99": [-442.4714612169191, 517.0314485346894], "q_25": 32.482479110127315, "q_75": 42.077508207643405, "min": 27.68496456136927, "max": 46.87502275640145, "mean": 37.27999365888536, "std": 9.59502909751609, "repeat": 2, "number": 2}]}, "casademo.calibration_suite.time_bandpass": {"result": [36.998458105372265], "stats": [{"ci_99": [-572.0086464157794, 646.0055626265233], "q_25": 30.90838706016075, "q_75": 43.08852915058378, "min": 24.818316014949232, "max": 49.1786001957953, "mean": 36.998458105372265, "std": 12.180142090423033, "repeat": 2, "number": 2}]}, "casademo.calibration_suite.time_gaincal": {"result": [49.68715828191489], "stats": [{"ci_99": [9.324241977185011, 90.05007458664474], "q_25": 49.28352911886759, "q_75": 50.09078744496219, "min": 48.87989995582029, "max": 50.49441660800949, "mean": 49.68715828191489, "std": 0.8072583260945976, "repeat": 2, "number": 2}]}, "casademo.flagdata_suite.time_flagdata_bandpassflag": {"result": [32.71212449669838], "stats": [{"ci_99": [30.93108294904232, 34.49316604435444], "q_25": 32.69431408122182, "q_75": 32.72993491217494, "min": 32.67650366574526, "max": 32.7477453276515, "mean": 32.71212449669838, "std": 0.035620830953121185, "repeat": 2, "number": 2}]}, "casademo.flagdata_suite.time_flagdata_list": {"result": [136.15349670336582], "stats": [{"ci_99": [133.938494121423, 138.36849928530864], "q_25": 136.1313466775464, "q_75": 136.17564672918525, "min": 136.10919665172696, "max": 136.19779675500467, "mean": 136.15349670336582, "std": 0.04430005163885653, "repeat": 2, "number": 2}]}, "casademo.flagdata_suite.time_flagdata_list_summary": {"result": [34.94226366560906], "stats": [{"ci_99": [15.877941039390862, 54.00658629182725], "q_25": 34.75162043934688, "q_75": 35.132906891871244, "min": 34.5609772130847, "max": 35.323550118133426, "mean": 34.94226366560906, "std": 0.381286452524364, "repeat": 2, "number": 2}]}, "casademo.flagdata_suite.time_flagdata_summary": {"result": [34.254275461193174], "stats": [{"ci_99": [-5.0302440407685935, 73.53879496315491], "q_25": 33.861430266173556, "q_75": 34.64712065621279, "min": 33.46858507115394, "max": 35.03996585123241, "mean": 34.254275461193174, "std": 0.7856903900392354, "repeat": 2, "number": 2}]}}, "params": {"arch": "x86_64", "cpu": "Intel(R) Xeon(R) CPU E5-1660 v4 @ 3.20GHz", "machine": "NRAO workstation", "num_cpu": "16", "os": "Linux 3.10.0-1160.15.2.el7.x86_64", "ram": "32GB", "python": "3.6", "pip+casatools": "trunk", "pip+casatasks": "trunk"}, "requirements": {"pip+casatools": "trunk", "pip+casatasks": "trunk"}, "commit_hash": "79982d4cbfc0feafd6d4e826ec858256b501a5d8", "date": 1621615997000, "env_name": "virtualenv-py3.6-pip+casatasks-trunk-pip+casatools-trunk", "python": "3.6", "profiles": {}, "started_at": {"casademo.tclean_memory_suite.peakmem_tclean_setweighting": 1630204491658, "casademo.calibration_suite.time_applycal_callib": 1630203694955, "casademo.calibration_suite.time_bandpass": 1630203817157, "casademo.calibration_suite.time_gaincal": 1630203894349, "casademo.flagdata_suite.time_flagdata_bandpassflag": 1630204017745, "casademo.flagdata_suite.time_flagdata_list": 1630204083144, "casademo.flagdata_suite.time_flagdata_list_summary": 1630204355447, "casademo.flagdata_suite.time_flagdata_summary": 1630204424654}, "ended_at": {"casademo.tclean_memory_suite.peakmem_tclean_setweighting": 1630204680775, "casademo.calibration_suite.time_applycal_callib": 1630203817157, "casademo.calibration_suite.time_bandpass": 1630203894348, "casademo.calibration_suite.time_gaincal": 1630204017742, "casademo.flagdata_suite.time_flagdata_bandpassflag": 1630204083143, "casademo.flagdata_suite.time_flagdata_list": 1630204355446, "casademo.flagdata_suite.time_flagdata_list_summary": 1630204424654, "casademo.flagdata_suite.time_flagdata_summary": 1630204491657}, "benchmark_version": {"casademo.calibration_suite.time_applycal_callib": "9ef394762fe7135f58c94c0e46a655fae93e7d107904ceff94d228f23b89a589", "casademo.calibration_suite.time_bandpass": "f706aa044f6bc64b915996b7bdd6bc5666cae0eb7c47ff9a70b5bced6c9fbd0c", "casademo.calibration_suite.time_gaincal": "56f8a9022caccdafe4240fb9a2766b2d5d56cc1c784bd724822d3b040f5b5309", "casademo.flagdata_suite.time_flagdata_bandpassflag": "f55e0ffa6be9d655555c5081a0e7bf2bc00b253273ba7c220de0bd2cfb3baf6c", "casademo.flagdata_suite.time_flagdata_list": "1a40b66ffb4a43d48af3407bae817ed4f7667fe778880859384f5f2e7c9c5d1f", "casademo.flagdata_suite.time_flagdata_list_summary": "3eb284062687484026a1defb4fceb705e83b244e37405f8794d431940ff44b08", "casademo.flagdata_suite.time_flagdata_summary": "9e569fb4e2a2f68e59c510bbf889632173be867104a4e5ba5a98d0eb110e82fb", "casademo.tclean_memory_suite.peakmem_tclean_setweighting": "b08240b9d9211ba7e2ce323aae697e4b25deb8a6db4c5e2e48519cedc4707769"}, "version": 1}
