{"results": {"casademo.tclean_memory_suite.peakmem_tclean_setweighting": 2154475520, "casademo.calibration_suite.time_applycal_callib": {"result": [37.27999365888536], "stats": [{"ci_99": [-442.4714612169191, 517.0314485346894], "q_25": 32.482479110127315, "q_75": 42.077508207643405, "min": 27.68496456136927, "max": 46.87502275640145, "mean": 37.27999365888536, "std": 9.59502909751609, "repeat": 2, "number": 2}]}, "casademo.calibration_suite.time_bandpass": {"result": [36.998458105372265], "stats": [{"ci_99": [-572.0086464157794, 646.0055626265233], "q_25": 30.90838706016075, "q_75": 43.08852915058378, "min": 24.818316014949232, "max": 49.1786001957953, "mean": 36.998458105372265, "std": 12.180142090423033, "repeat": 2, "number": 2}]}, "casademo.calibration_suite.time_gaincal": {"result": [49.68715828191489], "stats": [{"ci_99": [9.324241977185011, 90.05007458664474], "q_25": 49.28352911886759, "q_75": 50.09078744496219, "min": 48.87989995582029, "max": 50.49441660800949, "mean": 49.68715828191489, "std": 0.8072583260945976, "repeat": 2, "number": 2}]}, "casademo.flagdata_suite.time_flagdata_bandpassflag": {"result": [32.71212449669838], "stats": [{"ci_99": [30.93108294904232, 34.49316604435444], "q_25": 32.69431408122182, "q_75": 32.72993491217494, "min": 32.67650366574526, "max": 32.7477453276515, "mean": 32.71212449669838, "std": 0.035620830953121185, "repeat": 2, "number": 2}]}, "casademo.flagdata_suite.time_flagdata_list": {"result": [136.15349670336582], "stats": [{"ci_99": [133.938494121423, 138.36849928530864], "q_25": 136.1313466775464, "q_75": 136.17564672918525, "min": 136.10919665172696, "max": 136.19779675500467, "mean": 136.15349670336582, "std": 0.04430005163885653, "repeat": 2, "number": 2}]}, "casademo.flagdata_suite.time_flagdata_list_summary": {"result": [34.94226366560906], "stats": [{"ci_99": [15.877941039390862, 54.00658629182725], "q_25": 34.75162043934688, "q_75": 35.132906891871244, "min": 34.5609772130847, "max": 35.323550118133426, "mean": 34.94226366560906, "std": 0.381286452524364, "repeat": 2, "number": 2}]}, "casademo.flagdata_suite.time_flagdata_summary": {"result": [34.254275461193174], "stats": [{"ci_99": [-5.0302440407685935, 73.53879496315491], "q_25": 33.861430266173556, "q_75": 34.64712065621279, "min": 33.46858507115394, "max": 35.03996585123241, "mean": 34.254275461193174, "std": 0.7856903900392354, "repeat": 2, "number": 2}]}}, "params": {"arch": "x86_64", "cpu": "Intel(R) Xeon(R) CPU E5-1660 v4 @ 3.20GHz", "machine": "NRAO workstation", "num_cpu": "16", "os": "Linux 3.10.0-1160.15.2.el7.x86_64", "ram": "32GB", "python": "3.6", "pip+casatools": "6.3.0", "pip+casatasks": "6.3.0"}, "requirements": {"pip+casatools": "6.3.0", "pip+casatasks": "6.3.0"}, "commit_hash": "79982d4cbfc0feafd6d4e826ec858256b501a5d8", "date": 1621615997000, "env_name": "virtualenv-py3.6-pip+casatasks6.3.0.9-pip+casatools6.3.0.9", "python": "3.6", "profiles": {}, "started_at": {"casademo.tclean_memory_suite.peakmem_tclean_setweighting": 1630204491658, "casademo.calibration_suite.time_applycal_callib": 1630203694955, "casademo.calibration_suite.time_bandpass": 1630203817157, "casademo.calibration_suite.time_gaincal": 1630203894349, "casademo.flagdata_suite.time_flagdata_bandpassflag": 1630204017745, "casademo.flagdata_suite.time_flagdata_list": 1630204083144, "casademo.flagdata_suite.time_flagdata_list_summary": 1630204355447, "casademo.flagdata_suite.time_flagdata_summary": 1630204424654}, "ended_at": {"casademo.tclean_memory_suite.peakmem_tclean_setweighting": 1630204680775, "casademo.calibration_suite.time_applycal_callib": 1630203817157, "casademo.calibration_suite.time_bandpass": 1630203894348, "casademo.calibration_suite.time_gaincal": 1630204017742, "casademo.flagdata_suite.time_flagdata_bandpassflag": 1630204083143, "casademo.flagdata_suite.time_flagdata_list": 1630204355446, "casademo.flagdata_suite.time_flagdata_list_summary": 1630204424654, "casademo.flagdata_suite.time_flagdata_summary": 1630204491657}, "benchmark_version": {"casademo.tclean_memory_suite.peakmem_tclean_setweighting": "3fb5214d1e8e5bf8170efbe8114cd88b0e1e51db87c955bc588eb95ba91e4f71", "casademo.calibration_suite.time_applycal_callib": "1f6437b2270507d06f2c91c35b12dce1187d02851c4b0d0c872bbcfda3e5c4f6", "casademo.calibration_suite.time_bandpass": "a69d32cd1360ece09039f1051989506a7673f5a708021e87c81e0936374d64ce", "casademo.calibration_suite.time_gaincal": "70a393fa53b72183c406b9cc585dca7828b9b8d585b8077a80e0946ee81ebeb0", "casademo.flagdata_suite.time_flagdata_bandpassflag": "6bc01de4a73ffea44f2190b51350292cc1e1256989be0f26cc4ec77341df934a", "casademo.flagdata_suite.time_flagdata_list": "f4d15370d3c2c0c746d0c9c28b87ee190865ebfa9e210cc5773201bea0df7bf9", "casademo.flagdata_suite.time_flagdata_list_summary": "58e4c1cc3e1c3c5f723c910c861bad52078405a7026f0321526fad1a15b04ee3", "casademo.flagdata_suite.time_flagdata_summary": "7d302987a4e4e75e43325fd83f2c968688e4b8a56a6476db46a4fcc0bc003e95"}, "version": 1}
