{"results": {"casademo.calibration_suite.time_applycal_callib": {"result": [26.105376711580902], "stats": [{"ci_99": [6.938960432540625, 45.271792990621165], "q_25": 25.9137125487905, "q_75": 26.297040874371305, "min": 25.722048386000097, "max": 26.488705037161708, "mean": 26.105376711580902, "std": 0.38332832558080554, "repeat": 2, "number": 2}]}, "casademo.calibration_suite.time_bandpass": {"result": [25.213555700378492], "stats": [{"ci_99": [17.1083556485828, 33.31875575217418], "q_25": 25.132503699860536, "q_75": 25.29460770089645, "min": 25.05145169934258, "max": 25.375659701414406, "mean": 25.213555700378492, "std": 0.16210400103591383, "repeat": 2, "number": 2}]}, "casademo.calibration_suite.time_gaincal": {"result": [48.917319072177634], "stats": [{"ci_99": [33.9782368328888, 63.856401311466456], "q_25": 48.767928249784745, "q_75": 49.06670989457052, "min": 48.61853742739186, "max": 49.21610071696341, "mean": 48.917319072177634, "std": 0.29878164478577673, "repeat": 2, "number": 2}]}, "casademo.flagdata_suite.time_flagdata_bandpassflag": {"result": [30.857017207425088], "stats": [{"ci_99": [18.046638778876513, 43.66739563597365], "q_25": 30.728913423139602, "q_75": 30.985120991710573, "min": 30.600809638854116, "max": 31.11322477599606, "mean": 30.857017207425088, "std": 0.2562075685709715, "repeat": 2, "number": 2}]}, "casademo.flagdata_suite.time_flagdata_list": {"result": [130.50715850153938], "stats": [{"ci_99": [51.00174617441371, 210.012570828665], "q_25": 129.71210437826812, "q_75": 131.30221262481064, "min": 128.91705025499687, "max": 132.0972667480819, "mean": 130.50715850153938, "std": 1.5901082465425134, "repeat": 2, "number": 2}]}, "casademo.flagdata_suite.time_flagdata_list_summary": {"result": [34.026154945837334], "stats": [{"ci_99": [31.003576249582693, 37.048733642091975], "q_25": 33.99592915887479, "q_75": 34.05638073279988, "min": 33.96570337191224, "max": 34.08660651976243, "mean": 34.026154945837334, "std": 0.060451573925092816, "repeat": 2, "number": 2}]}, "casademo.flagdata_suite.time_flagdata_summary": {"result": [32.98729871818796], "stats": [{"ci_99": [-2.3409996698610485, 68.31559710623694], "q_25": 32.63401573430747, "q_75": 33.34058170206845, "min": 32.28073275042698, "max": 33.69386468594894, "mean": 32.98729871818796, "std": 0.7065659677609801, "repeat": 2, "number": 2}]}, "casademo.tclean_memory_suite.peakmem_tclean_setweighting": 1960591360}, "params": {"arch": "x86_64", "cpu": "Intel(R) Xeon(R) CPU E5-1660 v4 @ 3.20GHz", "machine": "NRAO workstation", "num_cpu": "16", "os": "Linux 3.10.0-1160.15.2.el7.x86_64", "ram": "32GB", "python": "3.6", "pip+casatools": "6.2.0", "pip+casatasks": "6.2.0"}, "requirements": {"pip+casatools": "6.2.0", "pip+casatasks": "6.2.0"}, "commit_hash": "7b208ae1739388afc39a9e24bbd449d51ce3c529", "date": 1614637125000, "env_name": "virtualenv-py3.6-pip+casatasks6.2.0.98-pip+casatools6.2.0.98", "python": "3.6", "profiles": {}, "started_at": {"casademo.calibration_suite.time_applycal_callib": 1630328809515, "casademo.calibration_suite.time_bandpass": 1630328886105, "casademo.calibration_suite.time_gaincal": 1630328961944, "casademo.flagdata_suite.time_flagdata_bandpassflag": 1630329085906, "casademo.flagdata_suite.time_flagdata_list": 1630329148198, "casademo.flagdata_suite.time_flagdata_list_summary": 1630329412473, "casademo.flagdata_suite.time_flagdata_summary": 1630329480478, "casademo.tclean_memory_suite.peakmem_tclean_setweighting": 1630329545076}, "ended_at": {"casademo.calibration_suite.time_applycal_callib": 1630328886104, "casademo.calibration_suite.time_bandpass": 1630328961944, "casademo.calibration_suite.time_gaincal": 1630329085901, "casademo.flagdata_suite.time_flagdata_bandpassflag": 1630329148197, "casademo.flagdata_suite.time_flagdata_list": 1630329412473, "casademo.flagdata_suite.time_flagdata_list_summary": 1630329480478, "casademo.flagdata_suite.time_flagdata_summary": 1630329545075, "casademo.tclean_memory_suite.peakmem_tclean_setweighting": 1630329713517}, "benchmark_version": {"casademo.calibration_suite.time_applycal_callib": "1f6437b2270507d06f2c91c35b12dce1187d02851c4b0d0c872bbcfda3e5c4f6", "casademo.calibration_suite.time_bandpass": "a69d32cd1360ece09039f1051989506a7673f5a708021e87c81e0936374d64ce", "casademo.calibration_suite.time_gaincal": "70a393fa53b72183c406b9cc585dca7828b9b8d585b8077a80e0946ee81ebeb0", "casademo.flagdata_suite.time_flagdata_bandpassflag": "6bc01de4a73ffea44f2190b51350292cc1e1256989be0f26cc4ec77341df934a", "casademo.flagdata_suite.time_flagdata_list": "f4d15370d3c2c0c746d0c9c28b87ee190865ebfa9e210cc5773201bea0df7bf9", "casademo.flagdata_suite.time_flagdata_list_summary": "58e4c1cc3e1c3c5f723c910c861bad52078405a7026f0321526fad1a15b04ee3", "casademo.flagdata_suite.time_flagdata_summary": "7d302987a4e4e75e43325fd83f2c968688e4b8a56a6476db46a4fcc0bc003e95", "casademo.tclean_memory_suite.peakmem_tclean_setweighting": "3fb5214d1e8e5bf8170efbe8114cd88b0e1e51db87c955bc588eb95ba91e4f71"}, "version": 1}
