{"results": {"casademo.tclean_memory_suite.peakmem_tclean_setweighting": 2154528768, "casademo.calibration_suite.time_applycal_callib": {"result": [38.55131016555242], "stats": [{"ci_99": [-515.9699036905076, 593.072524021612], "q_25": 33.00609802699182, "q_75": 44.09652230411302, "min": 27.46088588843122, "max": 49.641734442673624, "mean": 38.55131016555242, "std": 11.090424277121201, "repeat": 2, "number": 2}]}, "casademo.calibration_suite.time_bandpass": {"result": [24.450754177290946], "stats": [{"ci_99": [18.210144400130957, 30.691363954450928], "q_25": 24.388348079519346, "q_75": 24.513160275062546, "min": 24.325941981747746, "max": 24.575566372834146, "mean": 24.450754177290946, "std": 0.12481219554319978, "repeat": 2, "number": 2}]}, "casademo.calibration_suite.time_gaincal": {"result": [50.83278801292181], "stats": [{"ci_99": [46.30337017122656, 55.36220585461706], "q_25": 50.78749383450486, "q_75": 50.87808219133876, "min": 50.742199656087905, "max": 50.923376369755715, "mean": 50.83278801292181, "std": 0.09058835683390498, "repeat": 2, "number": 2}]}, "casademo.flagdata_suite.time_flagdata_bandpassflag": {"result": [31.895900808740407], "stats": [{"ci_99": [19.562895817216486, 44.228905800264315], "q_25": 31.772570758825168, "q_75": 32.019230858655646, "min": 31.64924070890993, "max": 32.142560908570886, "mean": 31.895900808740407, "std": 0.24666009983047843, "repeat": 2, "number": 2}]}, "casademo.flagdata_suite.time_flagdata_list": {"result": [134.64615765260532], "stats": [{"ci_99": [55.54516135016456, 213.74715395504603], "q_25": 133.85514768958092, "q_75": 135.43716761562973, "min": 133.0641377265565, "max": 136.22817757865414, "mean": 134.64615765260532, "std": 1.5820199260488153, "repeat": 2, "number": 2}]}, "casademo.flagdata_suite.time_flagdata_list_summary": {"result": [35.042116625234485], "stats": [{"ci_99": [32.705501627177, 37.37873162329197], "q_25": 35.01875047525391, "q_75": 35.06548277521506, "min": 34.995384325273335, "max": 35.088848925195634, "mean": 35.042116625234485, "std": 0.04673229996114969, "repeat": 2, "number": 2}]}, "casademo.flagdata_suite.time_flagdata_summary": {"result": [34.72253173426725], "stats": [{"ci_99": [33.11538085876964, 36.32968260976486], "q_25": 34.706460225512274, "q_75": 34.738603243022226, "min": 34.6903887167573, "max": 34.7546747517772, "mean": 34.72253173426725, "std": 0.03214301750995219, "repeat": 2, "number": 2}]}}, "params": {"arch": "x86_64", "cpu": "Intel(R) Xeon(R) CPU E5-1660 v4 @ 3.20GHz", "machine": "NRAO workstation", "num_cpu": "16", "os": "Linux 3.10.0-1160.15.2.el7.x86_64", "ram": "32GB", "python": "3.6", "pip+casatools": "6.3.0", "pip+casatasks": "6.3.0"}, "requirements": {"pip+casatools": "6.3.0", "pip+casatasks": "6.3.0"}, "commit_hash": "7b35bfba4096f783e0e6e318b2dbc99dcd9f4eb5", "date": 1620842403000, "env_name": "virtualenv-py3.6-pip+casatasks6.3.0.4-pip+casatools6.3.0.4", "python": "3.6", "profiles": {}, "started_at": {"casademo.tclean_memory_suite.peakmem_tclean_setweighting": 1630097270396, "casademo.calibration_suite.time_applycal_callib": 1630096467160, "casademo.calibration_suite.time_bandpass": 1630096591867, "casademo.calibration_suite.time_gaincal": 1630096669512, "casademo.flagdata_suite.time_flagdata_bandpassflag": 1630096794072, "casademo.flagdata_suite.time_flagdata_list": 1630096858419, "casademo.flagdata_suite.time_flagdata_list_summary": 1630097130928, "casademo.flagdata_suite.time_flagdata_summary": 1630097200988}, "ended_at": {"casademo.tclean_memory_suite.peakmem_tclean_setweighting": 1630097458803, "casademo.calibration_suite.time_applycal_callib": 1630096591867, "casademo.calibration_suite.time_bandpass": 1630096669511, "casademo.calibration_suite.time_gaincal": 1630096794069, "casademo.flagdata_suite.time_flagdata_bandpassflag": 1630096858419, "casademo.flagdata_suite.time_flagdata_list": 1630097130927, "casademo.flagdata_suite.time_flagdata_list_summary": 1630097200988, "casademo.flagdata_suite.time_flagdata_summary": 1630097270396}, "benchmark_version": {"casademo.tclean_memory_suite.peakmem_tclean_setweighting": "3fb5214d1e8e5bf8170efbe8114cd88b0e1e51db87c955bc588eb95ba91e4f71", "casademo.calibration_suite.time_applycal_callib": "1f6437b2270507d06f2c91c35b12dce1187d02851c4b0d0c872bbcfda3e5c4f6", "casademo.calibration_suite.time_bandpass": "a69d32cd1360ece09039f1051989506a7673f5a708021e87c81e0936374d64ce", "casademo.calibration_suite.time_gaincal": "70a393fa53b72183c406b9cc585dca7828b9b8d585b8077a80e0946ee81ebeb0", "casademo.flagdata_suite.time_flagdata_bandpassflag": "6bc01de4a73ffea44f2190b51350292cc1e1256989be0f26cc4ec77341df934a", "casademo.flagdata_suite.time_flagdata_list": "f4d15370d3c2c0c746d0c9c28b87ee190865ebfa9e210cc5773201bea0df7bf9", "casademo.flagdata_suite.time_flagdata_list_summary": "58e4c1cc3e1c3c5f723c910c861bad52078405a7026f0321526fad1a15b04ee3", "casademo.flagdata_suite.time_flagdata_summary": "7d302987a4e4e75e43325fd83f2c968688e4b8a56a6476db46a4fcc0bc003e95"}, "version": 1}
