{"results": {"casademo.tclean_memory_suite.peakmem_tclean_setweighting": 2154528768, "casademo.calibration_suite.time_applycal_callib": {"result": [38.55131016555242], "stats": [{"ci_99": [-515.9699036905076, 593.072524021612], "q_25": 33.00609802699182, "q_75": 44.09652230411302, "min": 27.46088588843122, "max": 49.641734442673624, "mean": 38.55131016555242, "std": 11.090424277121201, "repeat": 2, "number": 2}]}, "casademo.calibration_suite.time_bandpass": {"result": [24.450754177290946], "stats": [{"ci_99": [18.210144400130957, 30.691363954450928], "q_25": 24.388348079519346, "q_75": 24.513160275062546, "min": 24.325941981747746, "max": 24.575566372834146, "mean": 24.450754177290946, "std": 0.12481219554319978, "repeat": 2, "number": 2}]}, "casademo.calibration_suite.time_gaincal": {"result": [50.83278801292181], "stats": [{"ci_99": [46.30337017122656, 55.36220585461706], "q_25": 50.78749383450486, "q_75": 50.87808219133876, "min": 50.742199656087905, "max": 50.923376369755715, "mean": 50.83278801292181, "std": 0.09058835683390498, "repeat": 2, "number": 2}]}, "casademo.flagdata_suite.time_flagdata_bandpassflag": {"result": [31.895900808740407], "stats": [{"ci_99": [19.562895817216486, 44.228905800264315], "q_25": 31.772570758825168, "q_75": 32.019230858655646, "min": 31.64924070890993, "max": 32.142560908570886, "mean": 31.895900808740407, "std": 0.24666009983047843, "repeat": 2, "number": 2}]}, "casademo.flagdata_suite.time_flagdata_list": {"result": [134.64615765260532], "stats": [{"ci_99": [55.54516135016456, 213.74715395504603], "q_25": 133.85514768958092, "q_75": 135.43716761562973, "min": 133.0641377265565, "max": 136.22817757865414, "mean": 134.64615765260532, "std": 1.5820199260488153, "repeat": 2, "number": 2}]}, "casademo.flagdata_suite.time_flagdata_list_summary": {"result": [35.042116625234485], "stats": [{"ci_99": [32.705501627177, 37.37873162329197], "q_25": 35.01875047525391, "q_75": 35.06548277521506, "min": 34.995384325273335, "max": 35.088848925195634, "mean": 35.042116625234485, "std": 0.04673229996114969, "repeat": 2, "number": 2}]}, "casademo.flagdata_suite.time_flagdata_summary": {"result": [34.72253173426725], "stats": [{"ci_99": [33.11538085876964, 36.32968260976486], "q_25": 34.706460225512274, "q_75": 34.738603243022226, "min": 34.6903887167573, "max": 34.7546747517772, "mean": 34.72253173426725, "std": 0.03214301750995219, "repeat": 2, "number": 2}]}}, "params": {"arch": "x86_64", "cpu": "Intel(R) Xeon(R) CPU E5-1660 v4 @ 3.20GHz", "machine": "NRAO workstation", "num_cpu": "16", "os": "Linux 3.10.0-1160.15.2.el7.x86_64", "ram": "32GB", "python": "3.6", "pip+casatools": "trunk", "pip+casatasks": "trunk"}, "requirements": {"pip+casatools": "trunk", "pip+casatasks": "trunk"}, "commit_hash": "7b35bfba4096f783e0e6e318b2dbc99dcd9f4eb5", "date": 1620842403000, "env_name": "virtualenv-py3.6-pip+casatasks-trunk-pip+casatools-trunk", "python": "3.6", "profiles": {}, "started_at": {"casademo.tclean_memory_suite.peakmem_tclean_setweighting": 1630097270396, "casademo.calibration_suite.time_applycal_callib": 1630096467160, "casademo.calibration_suite.time_bandpass": 1630096591867, "casademo.calibration_suite.time_gaincal": 1630096669512, "casademo.flagdata_suite.time_flagdata_bandpassflag": 1630096794072, "casademo.flagdata_suite.time_flagdata_list": 1630096858419, "casademo.flagdata_suite.time_flagdata_list_summary": 1630097130928, "casademo.flagdata_suite.time_flagdata_summary": 1630097200988}, "ended_at": {"casademo.tclean_memory_suite.peakmem_tclean_setweighting": 1630097458803, "casademo.calibration_suite.time_applycal_callib": 1630096591867, "casademo.calibration_suite.time_bandpass": 1630096669511, "casademo.calibration_suite.time_gaincal": 1630096794069, "casademo.flagdata_suite.time_flagdata_bandpassflag": 1630096858419, "casademo.flagdata_suite.time_flagdata_list": 1630097130927, "casademo.flagdata_suite.time_flagdata_list_summary": 1630097200988, "casademo.flagdata_suite.time_flagdata_summary": 1630097270396}, "benchmark_version": {"casademo.calibration_suite.time_applycal_callib": "9ef394762fe7135f58c94c0e46a655fae93e7d107904ceff94d228f23b89a589", "casademo.calibration_suite.time_bandpass": "f706aa044f6bc64b915996b7bdd6bc5666cae0eb7c47ff9a70b5bced6c9fbd0c", "casademo.calibration_suite.time_gaincal": "56f8a9022caccdafe4240fb9a2766b2d5d56cc1c784bd724822d3b040f5b5309", "casademo.flagdata_suite.time_flagdata_bandpassflag": "f55e0ffa6be9d655555c5081a0e7bf2bc00b253273ba7c220de0bd2cfb3baf6c", "casademo.flagdata_suite.time_flagdata_list": "1a40b66ffb4a43d48af3407bae817ed4f7667fe778880859384f5f2e7c9c5d1f", "casademo.flagdata_suite.time_flagdata_list_summary": "3eb284062687484026a1defb4fceb705e83b244e37405f8794d431940ff44b08", "casademo.flagdata_suite.time_flagdata_summary": "9e569fb4e2a2f68e59c510bbf889632173be867104a4e5ba5a98d0eb110e82fb", "casademo.tclean_memory_suite.peakmem_tclean_setweighting": "b08240b9d9211ba7e2ce323aae697e4b25deb8a6db4c5e2e48519cedc4707769"}, "version": 1}
