{"results": {"casademo.calibration_suite.time_applycal_callib": {"result": [32.081116071669385], "stats": [{"ci_99": [-201.15320640685968, 265.3154385501982], "q_25": 29.748772846884094, "q_75": 34.413459296454675, "min": 27.416429622098804, "max": 36.745802521239966, "mean": 32.081116071669385, "std": 4.664686449570581, "repeat": 2, "number": 2}]}, "casademo.calibration_suite.time_bandpass": {"result": [25.010694662341848], "stats": [{"ci_99": [-12.467275519156829, 62.488664843840496], "q_25": 24.63591496052686, "q_75": 25.385474364156835, "min": 24.261135258711874, "max": 25.76025406597182, "mean": 25.010694662341848, "std": 0.7495594036299735, "repeat": 2, "number": 2}]}, "casademo.calibration_suite.time_gaincal": {"result": [50.03073860285804], "stats": [{"ci_99": [31.754785192664713, 68.30669201305135], "q_25": 49.8479790687561, "q_75": 50.21349813695997, "min": 49.66521953465417, "max": 50.3962576710619, "mean": 50.03073860285804, "std": 0.3655190682038665, "repeat": 2, "number": 2}]}, "casademo.flagdata_suite.time_flagdata_bandpassflag": {"result": [30.815542310709134], "stats": [{"ci_99": [30.058933371445164, 31.572151249973103], "q_25": 30.807976221316494, "q_75": 30.823108400101773, "min": 30.800410131923854, "max": 30.830674489494413, "mean": 30.815542310709134, "std": 0.015132178785279393, "repeat": 2, "number": 2}]}, "casademo.flagdata_suite.time_flagdata_list": {"result": [134.2534505489748], "stats": [{"ci_99": [128.35462569096126, 140.15227540698834], "q_25": 134.19446230039466, "q_75": 134.31243879755493, "min": 134.13547405181453, "max": 134.37142704613507, "mean": 134.2534505489748, "std": 0.11797649716027081, "repeat": 2, "number": 2}]}, "casademo.flagdata_suite.time_flagdata_list_summary": {"result": [33.26063458714634], "stats": [{"ci_99": [13.876732437871397, 52.64453673642127], "q_25": 33.06679556565359, "q_75": 33.45447360863909, "min": 32.87295654416084, "max": 33.64831263013184, "mean": 33.26063458714634, "std": 0.3876780429854989, "repeat": 2, "number": 2}]}, "casademo.flagdata_suite.time_flagdata_summary": {"result": [32.47755829105154], "stats": [{"ci_99": [-3.47395008103922, 68.42906666314227], "q_25": 32.11804320733063, "q_75": 32.837073374772444, "min": 31.75852812360972, "max": 33.19658845849335, "mean": 32.47755829105154, "std": 0.7190301674418151, "repeat": 2, "number": 2}]}, "casademo.tclean_memory_suite.peakmem_tclean_setweighting": 2032898048}, "params": {"arch": "x86_64", "cpu": "Intel(R) Xeon(R) CPU E5-1660 v4 @ 3.20GHz", "machine": "NRAO workstation", "num_cpu": "16", "os": "Linux 3.10.0-1160.15.2.el7.x86_64", "ram": "32GB", "python": "3.6", "pip+casatools": "trunk", "pip+casatasks": "trunk"}, "requirements": {"pip+casatools": "trunk", "pip+casatasks": "trunk"}, "commit_hash": "7c50ad4bfd12b217aac476333ac8aae891348b78", "date": 1610372804000, "env_name": "virtualenv-py3.6-pip+casatasks-trunk-pip+casatools-trunk", "python": "3.6", "profiles": {}, "started_at": {"casademo.calibration_suite.time_applycal_callib": 1630157742494, "casademo.calibration_suite.time_bandpass": 1630157867653, "casademo.calibration_suite.time_gaincal": 1630157942290, "casademo.flagdata_suite.time_flagdata_bandpassflag": 1630158066048, "casademo.flagdata_suite.time_flagdata_list": 1630158127689, "casademo.flagdata_suite.time_flagdata_list_summary": 1630158396515, "casademo.flagdata_suite.time_flagdata_summary": 1630158462314, "casademo.tclean_memory_suite.peakmem_tclean_setweighting": 1630158525860}, "ended_at": {"casademo.calibration_suite.time_applycal_callib": 1630157867652, "casademo.calibration_suite.time_bandpass": 1630157942290, "casademo.calibration_suite.time_gaincal": 1630158066045, "casademo.flagdata_suite.time_flagdata_bandpassflag": 1630158127689, "casademo.flagdata_suite.time_flagdata_list": 1630158396515, "casademo.flagdata_suite.time_flagdata_list_summary": 1630158462314, "casademo.flagdata_suite.time_flagdata_summary": 1630158525859, "casademo.tclean_memory_suite.peakmem_tclean_setweighting": 1630159117354}, "benchmark_version": {"casademo.calibration_suite.time_applycal_callib": "9ef394762fe7135f58c94c0e46a655fae93e7d107904ceff94d228f23b89a589", "casademo.calibration_suite.time_bandpass": "f706aa044f6bc64b915996b7bdd6bc5666cae0eb7c47ff9a70b5bced6c9fbd0c", "casademo.calibration_suite.time_gaincal": "56f8a9022caccdafe4240fb9a2766b2d5d56cc1c784bd724822d3b040f5b5309", "casademo.flagdata_suite.time_flagdata_bandpassflag": "f55e0ffa6be9d655555c5081a0e7bf2bc00b253273ba7c220de0bd2cfb3baf6c", "casademo.flagdata_suite.time_flagdata_list": "1a40b66ffb4a43d48af3407bae817ed4f7667fe778880859384f5f2e7c9c5d1f", "casademo.flagdata_suite.time_flagdata_list_summary": "3eb284062687484026a1defb4fceb705e83b244e37405f8794d431940ff44b08", "casademo.flagdata_suite.time_flagdata_summary": "9e569fb4e2a2f68e59c510bbf889632173be867104a4e5ba5a98d0eb110e82fb", "casademo.tclean_memory_suite.peakmem_tclean_setweighting": "b08240b9d9211ba7e2ce323aae697e4b25deb8a6db4c5e2e48519cedc4707769"}, "version": 1}
