{"results": {"casademo.calibration_suite.time_applycal_callib": {"result": [32.081116071669385], "stats": [{"ci_99": [-201.15320640685968, 265.3154385501982], "q_25": 29.748772846884094, "q_75": 34.413459296454675, "min": 27.416429622098804, "max": 36.745802521239966, "mean": 32.081116071669385, "std": 4.664686449570581, "repeat": 2, "number": 2}]}, "casademo.calibration_suite.time_bandpass": {"result": [25.010694662341848], "stats": [{"ci_99": [-12.467275519156829, 62.488664843840496], "q_25": 24.63591496052686, "q_75": 25.385474364156835, "min": 24.261135258711874, "max": 25.76025406597182, "mean": 25.010694662341848, "std": 0.7495594036299735, "repeat": 2, "number": 2}]}, "casademo.calibration_suite.time_gaincal": {"result": [50.03073860285804], "stats": [{"ci_99": [31.754785192664713, 68.30669201305135], "q_25": 49.8479790687561, "q_75": 50.21349813695997, "min": 49.66521953465417, "max": 50.3962576710619, "mean": 50.03073860285804, "std": 0.3655190682038665, "repeat": 2, "number": 2}]}, "casademo.flagdata_suite.time_flagdata_bandpassflag": {"result": [30.815542310709134], "stats": [{"ci_99": [30.058933371445164, 31.572151249973103], "q_25": 30.807976221316494, "q_75": 30.823108400101773, "min": 30.800410131923854, "max": 30.830674489494413, "mean": 30.815542310709134, "std": 0.015132178785279393, "repeat": 2, "number": 2}]}, "casademo.flagdata_suite.time_flagdata_list": {"result": [134.2534505489748], "stats": [{"ci_99": [128.35462569096126, 140.15227540698834], "q_25": 134.19446230039466, "q_75": 134.31243879755493, "min": 134.13547405181453, "max": 134.37142704613507, "mean": 134.2534505489748, "std": 0.11797649716027081, "repeat": 2, "number": 2}]}, "casademo.flagdata_suite.time_flagdata_list_summary": {"result": [33.26063458714634], "stats": [{"ci_99": [13.876732437871397, 52.64453673642127], "q_25": 33.06679556565359, "q_75": 33.45447360863909, "min": 32.87295654416084, "max": 33.64831263013184, "mean": 33.26063458714634, "std": 0.3876780429854989, "repeat": 2, "number": 2}]}, "casademo.flagdata_suite.time_flagdata_summary": {"result": [32.47755829105154], "stats": [{"ci_99": [-3.47395008103922, 68.42906666314227], "q_25": 32.11804320733063, "q_75": 32.837073374772444, "min": 31.75852812360972, "max": 33.19658845849335, "mean": 32.47755829105154, "std": 0.7190301674418151, "repeat": 2, "number": 2}]}, "casademo.tclean_memory_suite.peakmem_tclean_setweighting": 2032898048}, "params": {"arch": "x86_64", "cpu": "Intel(R) Xeon(R) CPU E5-1660 v4 @ 3.20GHz", "machine": "NRAO workstation", "num_cpu": "16", "os": "Linux 3.10.0-1160.15.2.el7.x86_64", "ram": "32GB", "python": "3.6", "pip+casatools": "6.2.0", "pip+casatasks": "6.2.0"}, "requirements": {"pip+casatools": "6.2.0", "pip+casatasks": "6.2.0"}, "commit_hash": "7c50ad4bfd12b217aac476333ac8aae891348b78", "date": 1610372804000, "env_name": "virtualenv-py3.6-pip+casatasks6.2.0.68-pip+casatools6.2.0.68", "python": "3.6", "profiles": {}, "started_at": {"casademo.calibration_suite.time_applycal_callib": 1630157742494, "casademo.calibration_suite.time_bandpass": 1630157867653, "casademo.calibration_suite.time_gaincal": 1630157942290, "casademo.flagdata_suite.time_flagdata_bandpassflag": 1630158066048, "casademo.flagdata_suite.time_flagdata_list": 1630158127689, "casademo.flagdata_suite.time_flagdata_list_summary": 1630158396515, "casademo.flagdata_suite.time_flagdata_summary": 1630158462314, "casademo.tclean_memory_suite.peakmem_tclean_setweighting": 1630158525860}, "ended_at": {"casademo.calibration_suite.time_applycal_callib": 1630157867652, "casademo.calibration_suite.time_bandpass": 1630157942290, "casademo.calibration_suite.time_gaincal": 1630158066045, "casademo.flagdata_suite.time_flagdata_bandpassflag": 1630158127689, "casademo.flagdata_suite.time_flagdata_list": 1630158396515, "casademo.flagdata_suite.time_flagdata_list_summary": 1630158462314, "casademo.flagdata_suite.time_flagdata_summary": 1630158525859, "casademo.tclean_memory_suite.peakmem_tclean_setweighting": 1630159117354}, "benchmark_version": {"casademo.calibration_suite.time_applycal_callib": "1f6437b2270507d06f2c91c35b12dce1187d02851c4b0d0c872bbcfda3e5c4f6", "casademo.calibration_suite.time_bandpass": "a69d32cd1360ece09039f1051989506a7673f5a708021e87c81e0936374d64ce", "casademo.calibration_suite.time_gaincal": "70a393fa53b72183c406b9cc585dca7828b9b8d585b8077a80e0946ee81ebeb0", "casademo.flagdata_suite.time_flagdata_bandpassflag": "6bc01de4a73ffea44f2190b51350292cc1e1256989be0f26cc4ec77341df934a", "casademo.flagdata_suite.time_flagdata_list": "f4d15370d3c2c0c746d0c9c28b87ee190865ebfa9e210cc5773201bea0df7bf9", "casademo.flagdata_suite.time_flagdata_list_summary": "58e4c1cc3e1c3c5f723c910c861bad52078405a7026f0321526fad1a15b04ee3", "casademo.flagdata_suite.time_flagdata_summary": "7d302987a4e4e75e43325fd83f2c968688e4b8a56a6476db46a4fcc0bc003e95", "casademo.tclean_memory_suite.peakmem_tclean_setweighting": "3fb5214d1e8e5bf8170efbe8114cd88b0e1e51db87c955bc588eb95ba91e4f71"}, "version": 1}
