{"results": {"casademo.calibration_suite.time_applycal_callib": {"result": [27.631531939841807], "stats": [{"ci_99": [1.591485720127821, 53.67157815955577], "q_25": 27.371131477644667, "q_75": 27.891932402038947, "min": 27.110731015447527, "max": 28.152332864236087, "mean": 27.631531939841807, "std": 0.5208009243942797, "repeat": 2, "number": 2}]}, "casademo.calibration_suite.time_bandpass": {"result": [26.37047633063048], "stats": [{"ci_99": [3.9470341335982084, 48.79391852766274], "q_25": 26.14624190866016, "q_75": 26.594710752600804, "min": 25.922007486689836, "max": 26.818945174571127, "mean": 26.37047633063048, "std": 0.44846884394064546, "repeat": 2, "number": 2}]}, "casademo.calibration_suite.time_gaincal": {"result": [50.89369376958348], "stats": [{"ci_99": [41.05010644136928, 60.73728109779767], "q_25": 50.79525789630134, "q_75": 50.99212964286562, "min": 50.696822023019195, "max": 51.09056551614776, "mean": 50.89369376958348, "std": 0.19687174656428397, "repeat": 2, "number": 2}]}, "casademo.flagdata_suite.time_flagdata_bandpassflag": {"result": [31.777072565397248], "stats": [{"ci_99": [27.830683388980106, 35.72346174181439], "q_25": 31.737608673633076, "q_75": 31.81653645716142, "min": 31.698144781868905, "max": 31.85600034892559, "mean": 31.777072565397248, "std": 0.07892778352834284, "repeat": 2, "number": 2}]}, "casademo.flagdata_suite.time_flagdata_list": {"result": [134.15958891413175], "stats": [{"ci_99": [131.73009820305742, 136.58907962520607], "q_25": 134.135294007021, "q_75": 134.1838838212425, "min": 134.11099909991026, "max": 134.20817872835323, "mean": 134.15958891413175, "std": 0.04858981422148645, "repeat": 2, "number": 2}]}, "casademo.flagdata_suite.time_flagdata_list_summary": {"result": [33.993527579819784], "stats": [{"ci_99": [17.12556757987477, 50.861487579764784], "q_25": 33.82484797982033, "q_75": 34.162207179819234, "min": 33.65616837982088, "max": 34.330886779818684, "mean": 33.993527579819784, "std": 0.3373591999989003, "repeat": 2, "number": 2}]}, "casademo.flagdata_suite.time_flagdata_summary": {"result": [33.31925189681351], "stats": [{"ci_99": [-8.094887546263635, 74.73339133989063], "q_25": 32.90511050238274, "q_75": 33.73339329124428, "min": 32.49096910795197, "max": 34.147534685675055, "mean": 33.31925189681351, "std": 0.8282827888615429, "repeat": 2, "number": 2}]}, "casademo.tclean_memory_suite.peakmem_tclean_setweighting": 2154471424}, "params": {"arch": "x86_64", "cpu": "Intel(R) Xeon(R) CPU E5-1660 v4 @ 3.20GHz", "machine": "NRAO workstation", "num_cpu": "16", "os": "Linux 3.10.0-1160.15.2.el7.x86_64", "ram": "32GB", "python": "3.6", "pip+casatools": "6.2.0", "pip+casatasks": "6.2.0"}, "requirements": {"pip+casatools": "6.2.0", "pip+casatasks": "6.2.0"}, "commit_hash": "7f5a01778c8caf7d108a8f7355916eb269c79648", "date": 1620076030000, "env_name": "virtualenv-py3.6-pip+casatasks6.2.0.121-pip+casatools6.2.0.121", "python": "3.6", "profiles": {}, "started_at": {"casademo.calibration_suite.time_applycal_callib": 1629899324719, "casademo.calibration_suite.time_bandpass": 1629899402463, "casademo.calibration_suite.time_gaincal": 1629899480539, "casademo.flagdata_suite.time_flagdata_bandpassflag": 1629899604035, "casademo.flagdata_suite.time_flagdata_list": 1629899667480, "casademo.flagdata_suite.time_flagdata_list_summary": 1629899935979, "casademo.flagdata_suite.time_flagdata_summary": 1629900003332, "casademo.tclean_memory_suite.peakmem_tclean_setweighting": 1629900071689}, "ended_at": {"casademo.calibration_suite.time_applycal_callib": 1629899402462, "casademo.calibration_suite.time_bandpass": 1629899480539, "casademo.calibration_suite.time_gaincal": 1629899604032, "casademo.flagdata_suite.time_flagdata_bandpassflag": 1629899667480, "casademo.flagdata_suite.time_flagdata_list": 1629899935978, "casademo.flagdata_suite.time_flagdata_list_summary": 1629900003332, "casademo.flagdata_suite.time_flagdata_summary": 1629900071688, "casademo.tclean_memory_suite.peakmem_tclean_setweighting": 1629900261294}, "benchmark_version": {"casademo.calibration_suite.time_applycal_callib": "1f6437b2270507d06f2c91c35b12dce1187d02851c4b0d0c872bbcfda3e5c4f6", "casademo.calibration_suite.time_bandpass": "a69d32cd1360ece09039f1051989506a7673f5a708021e87c81e0936374d64ce", "casademo.calibration_suite.time_gaincal": "70a393fa53b72183c406b9cc585dca7828b9b8d585b8077a80e0946ee81ebeb0", "casademo.flagdata_suite.time_flagdata_bandpassflag": "6bc01de4a73ffea44f2190b51350292cc1e1256989be0f26cc4ec77341df934a", "casademo.flagdata_suite.time_flagdata_list": "f4d15370d3c2c0c746d0c9c28b87ee190865ebfa9e210cc5773201bea0df7bf9", "casademo.flagdata_suite.time_flagdata_list_summary": "58e4c1cc3e1c3c5f723c910c861bad52078405a7026f0321526fad1a15b04ee3", "casademo.flagdata_suite.time_flagdata_summary": "7d302987a4e4e75e43325fd83f2c968688e4b8a56a6476db46a4fcc0bc003e95", "casademo.tclean_memory_suite.peakmem_tclean_setweighting": "3fb5214d1e8e5bf8170efbe8114cd88b0e1e51db87c955bc588eb95ba91e4f71"}, "version": 1}
