{"results": {"casademo.calibration_suite.time_applycal_callib": {"result": [27.631531939841807], "stats": [{"ci_99": [1.591485720127821, 53.67157815955577], "q_25": 27.371131477644667, "q_75": 27.891932402038947, "min": 27.110731015447527, "max": 28.152332864236087, "mean": 27.631531939841807, "std": 0.5208009243942797, "repeat": 2, "number": 2}]}, "casademo.calibration_suite.time_bandpass": {"result": [26.37047633063048], "stats": [{"ci_99": [3.9470341335982084, 48.79391852766274], "q_25": 26.14624190866016, "q_75": 26.594710752600804, "min": 25.922007486689836, "max": 26.818945174571127, "mean": 26.37047633063048, "std": 0.44846884394064546, "repeat": 2, "number": 2}]}, "casademo.calibration_suite.time_gaincal": {"result": [50.89369376958348], "stats": [{"ci_99": [41.05010644136928, 60.73728109779767], "q_25": 50.79525789630134, "q_75": 50.99212964286562, "min": 50.696822023019195, "max": 51.09056551614776, "mean": 50.89369376958348, "std": 0.19687174656428397, "repeat": 2, "number": 2}]}, "casademo.flagdata_suite.time_flagdata_bandpassflag": {"result": [31.777072565397248], "stats": [{"ci_99": [27.830683388980106, 35.72346174181439], "q_25": 31.737608673633076, "q_75": 31.81653645716142, "min": 31.698144781868905, "max": 31.85600034892559, "mean": 31.777072565397248, "std": 0.07892778352834284, "repeat": 2, "number": 2}]}, "casademo.flagdata_suite.time_flagdata_list": {"result": [134.15958891413175], "stats": [{"ci_99": [131.73009820305742, 136.58907962520607], "q_25": 134.135294007021, "q_75": 134.1838838212425, "min": 134.11099909991026, "max": 134.20817872835323, "mean": 134.15958891413175, "std": 0.04858981422148645, "repeat": 2, "number": 2}]}, "casademo.flagdata_suite.time_flagdata_list_summary": {"result": [33.993527579819784], "stats": [{"ci_99": [17.12556757987477, 50.861487579764784], "q_25": 33.82484797982033, "q_75": 34.162207179819234, "min": 33.65616837982088, "max": 34.330886779818684, "mean": 33.993527579819784, "std": 0.3373591999989003, "repeat": 2, "number": 2}]}, "casademo.flagdata_suite.time_flagdata_summary": {"result": [33.31925189681351], "stats": [{"ci_99": [-8.094887546263635, 74.73339133989063], "q_25": 32.90511050238274, "q_75": 33.73339329124428, "min": 32.49096910795197, "max": 34.147534685675055, "mean": 33.31925189681351, "std": 0.8282827888615429, "repeat": 2, "number": 2}]}, "casademo.tclean_memory_suite.peakmem_tclean_setweighting": 2154471424, "casademo.tclean_memory_suite.track_tclean_file_descriptors_cubemode_mosaic_briggs": 128}, "params": {"arch": "x86_64", "cpu": "Intel(R) Xeon(R) CPU E5-1660 v4 @ 3.20GHz", "machine": "NRAO workstation", "num_cpu": "16", "os": "Linux 3.10.0-1160.15.2.el7.x86_64", "ram": "32GB", "python": "3.6", "pip+casatools": "6.2.0", "pip+casatasks": "6.2.0"}, "requirements": {"pip+casatools": "6.2.0", "pip+casatasks": "6.2.0"}, "commit_hash": "7f5a01778c8caf7d108a8f7355916eb269c79648", "date": 1620076030000, "env_name": "virtualenv-py3.6-pip+casatasks6.2.0.121-pip+casatools6.2.0.121", "python": "3.6", "profiles": {}, "started_at": {"casademo.calibration_suite.time_applycal_callib": 1629899324719, "casademo.calibration_suite.time_bandpass": 1629899402463, "casademo.calibration_suite.time_gaincal": 1629899480539, "casademo.flagdata_suite.time_flagdata_bandpassflag": 1629899604035, "casademo.flagdata_suite.time_flagdata_list": 1629899667480, "casademo.flagdata_suite.time_flagdata_list_summary": 1629899935979, "casademo.flagdata_suite.time_flagdata_summary": 1629900003332, "casademo.tclean_memory_suite.peakmem_tclean_setweighting": 1629900071689, "casademo.tclean_memory_suite.track_tclean_file_descriptors_cubemode_mosaic_briggs": 1631888674022}, "ended_at": {"casademo.calibration_suite.time_applycal_callib": 1629899402462, "casademo.calibration_suite.time_bandpass": 1629899480539, "casademo.calibration_suite.time_gaincal": 1629899604032, "casademo.flagdata_suite.time_flagdata_bandpassflag": 1629899667480, "casademo.flagdata_suite.time_flagdata_list": 1629899935978, "casademo.flagdata_suite.time_flagdata_list_summary": 1629900003332, "casademo.flagdata_suite.time_flagdata_summary": 1629900071688, "casademo.tclean_memory_suite.peakmem_tclean_setweighting": 1629900261294, "casademo.tclean_memory_suite.track_tclean_file_descriptors_cubemode_mosaic_briggs": 1631888858286}, "benchmark_version": {"casademo.calibration_suite.time_applycal_callib": "9ef394762fe7135f58c94c0e46a655fae93e7d107904ceff94d228f23b89a589", "casademo.calibration_suite.time_bandpass": "f706aa044f6bc64b915996b7bdd6bc5666cae0eb7c47ff9a70b5bced6c9fbd0c", "casademo.calibration_suite.time_gaincal": "56f8a9022caccdafe4240fb9a2766b2d5d56cc1c784bd724822d3b040f5b5309", "casademo.flagdata_suite.time_flagdata_bandpassflag": "f55e0ffa6be9d655555c5081a0e7bf2bc00b253273ba7c220de0bd2cfb3baf6c", "casademo.flagdata_suite.time_flagdata_list": "1a40b66ffb4a43d48af3407bae817ed4f7667fe778880859384f5f2e7c9c5d1f", "casademo.flagdata_suite.time_flagdata_list_summary": "3eb284062687484026a1defb4fceb705e83b244e37405f8794d431940ff44b08", "casademo.flagdata_suite.time_flagdata_summary": "9e569fb4e2a2f68e59c510bbf889632173be867104a4e5ba5a98d0eb110e82fb", "casademo.tclean_memory_suite.peakmem_tclean_setweighting": "b08240b9d9211ba7e2ce323aae697e4b25deb8a6db4c5e2e48519cedc4707769", "casademo.tclean_memory_suite.track_tclean_file_descriptors_cubemode_mosaic_briggs": "e3aeb6edf33f78d2db6d58dfc61576924a9768f7a205164fcd839666bde1ae63"}, "version": 1}
