{"results": {"casademo.calibration_suite.time_applycal_callib": {"result": [28.07141284062527], "stats": [{"ci_99": [0.48956825700588524, 55.65325742424463], "q_25": 27.795594394789077, "q_75": 28.347231286461465, "min": 27.519775948952883, "max": 28.62304973229766, "mean": 28.07141284062527, "std": 0.5516368916723877, "repeat": 2, "number": 2}]}, "casademo.calibration_suite.time_bandpass": {"result": [24.522515051066875], "stats": [{"ci_99": [16.750310491770506, 32.29471961036324], "q_25": 24.44479300547391, "q_75": 24.60023709665984, "min": 24.367070959880948, "max": 24.677959142252803, "mean": 24.522515051066875, "std": 0.1554440911859274, "repeat": 2, "number": 2}]}, "casademo.calibration_suite.time_gaincal": {"result": [49.8965560097713], "stats": [{"ci_99": [37.747312918072566, 62.045799101470024], "q_25": 49.775063578854315, "q_75": 50.01804844068829, "min": 49.65357114793733, "max": 50.13954087160528, "mean": 49.8965560097713, "std": 0.24298486183397472, "repeat": 2, "number": 2}]}, "casademo.flagdata_suite.time_flagdata_bandpassflag": {"result": [30.980529550928622], "stats": [{"ci_99": [30.340547914151102, 31.620511187706143], "q_25": 30.974129734560847, "q_75": 30.986929367296398, "min": 30.967729918193072, "max": 30.993329183664173, "mean": 30.980529550928622, "std": 0.012799632735550404, "repeat": 2, "number": 2}]}, "casademo.flagdata_suite.time_flagdata_list": {"result": [133.20270195510238], "stats": [{"ci_99": [130.9717095773667, 135.43369433283806], "q_25": 133.18039203132503, "q_75": 133.22501187887974, "min": 133.15808210754767, "max": 133.2473218026571, "mean": 133.20270195510238, "std": 0.04461984755471349, "repeat": 2, "number": 2}]}, "casademo.flagdata_suite.time_flagdata_list_summary": {"result": [33.224030083278194], "stats": [{"ci_99": [15.236850012792274, 51.2112101537641], "q_25": 33.044158282573335, "q_75": 33.40390188398305, "min": 32.864286481868476, "max": 33.58377368468791, "mean": 33.224030083278194, "std": 0.3597436014097184, "repeat": 2, "number": 2}]}, "casademo.flagdata_suite.time_flagdata_summary": {"result": [33.25964784133248], "stats": [{"ci_99": [31.003728742944077, 35.515566939720884], "q_25": 33.237088650348596, "q_75": 33.282207032316364, "min": 33.21452945936471, "max": 33.30476622330025, "mean": 33.25964784133248, "std": 0.04511838196776807, "repeat": 2, "number": 2}]}, "casademo.tclean_memory_suite.peakmem_tclean_setweighting": 1865379840}, "params": {"arch": "x86_64", "cpu": "Intel(R) Xeon(R) CPU E5-1660 v4 @ 3.20GHz", "machine": "NRAO workstation", "num_cpu": "16", "os": "Linux 3.10.0-1160.15.2.el7.x86_64", "ram": "32GB", "python": "3.6", "pip+casatools": "6.2.0", "pip+casatasks": "6.2.0"}, "requirements": {"pip+casatools": "6.2.0", "pip+casatasks": "6.2.0"}, "commit_hash": "7ff9b6d8c6286b8b61fab7b8a83d93d5f8437bff", "date": 1605031880000, "env_name": "virtualenv-py3.6-pip+casatasks6.2.0.48-pip+casatools6.2.0.48", "python": "3.6", "profiles": {}, "started_at": {"casademo.calibration_suite.time_applycal_callib": 1630417491578, "casademo.calibration_suite.time_bandpass": 1630417570778, "casademo.calibration_suite.time_gaincal": 1630417645309, "casademo.flagdata_suite.time_flagdata_bandpassflag": 1630417768512, "casademo.flagdata_suite.time_flagdata_list": 1630417830504, "casademo.flagdata_suite.time_flagdata_list_summary": 1630418096876, "casademo.flagdata_suite.time_flagdata_summary": 1630418162677, "casademo.tclean_memory_suite.peakmem_tclean_setweighting": 1630418229330}, "ended_at": {"casademo.calibration_suite.time_applycal_callib": 1630417570777, "casademo.calibration_suite.time_bandpass": 1630417645309, "casademo.calibration_suite.time_gaincal": 1630417768505, "casademo.flagdata_suite.time_flagdata_bandpassflag": 1630417830504, "casademo.flagdata_suite.time_flagdata_list": 1630418096876, "casademo.flagdata_suite.time_flagdata_list_summary": 1630418162677, "casademo.flagdata_suite.time_flagdata_summary": 1630418229329, "casademo.tclean_memory_suite.peakmem_tclean_setweighting": 1630418538127}, "benchmark_version": {"casademo.calibration_suite.time_applycal_callib": "1f6437b2270507d06f2c91c35b12dce1187d02851c4b0d0c872bbcfda3e5c4f6", "casademo.calibration_suite.time_bandpass": "a69d32cd1360ece09039f1051989506a7673f5a708021e87c81e0936374d64ce", "casademo.calibration_suite.time_gaincal": "70a393fa53b72183c406b9cc585dca7828b9b8d585b8077a80e0946ee81ebeb0", "casademo.flagdata_suite.time_flagdata_bandpassflag": "6bc01de4a73ffea44f2190b51350292cc1e1256989be0f26cc4ec77341df934a", "casademo.flagdata_suite.time_flagdata_list": "f4d15370d3c2c0c746d0c9c28b87ee190865ebfa9e210cc5773201bea0df7bf9", "casademo.flagdata_suite.time_flagdata_list_summary": "58e4c1cc3e1c3c5f723c910c861bad52078405a7026f0321526fad1a15b04ee3", "casademo.flagdata_suite.time_flagdata_summary": "7d302987a4e4e75e43325fd83f2c968688e4b8a56a6476db46a4fcc0bc003e95", "casademo.tclean_memory_suite.peakmem_tclean_setweighting": "3fb5214d1e8e5bf8170efbe8114cd88b0e1e51db87c955bc588eb95ba91e4f71"}, "version": 1}
