{"results": {"casademo.calibration_suite.time_applycal_callib": {"result": [26.360037398524582], "stats": [{"ci_99": [23.506224748678505, 29.213850048370656], "q_25": 26.33149927202612, "q_75": 26.388575525023043, "min": 26.30296114552766, "max": 26.417113651521504, "mean": 26.360037398524582, "std": 0.05707625299692154, "repeat": 2, "number": 2}]}, "casademo.calibration_suite.time_bandpass": {"result": [24.331844036467373], "stats": [{"ci_99": [-9.79038533102721, 58.45407340396193], "q_25": 23.990621742792428, "q_75": 24.67306633014232, "min": 23.64939944911748, "max": 25.014288623817265, "mean": 24.331844036467373, "std": 0.6824445873498917, "repeat": 2, "number": 2}]}, "casademo.calibration_suite.time_gaincal": {"result": [50.22672625631094], "stats": [{"ci_99": [-10.209237119182944, 110.66268963180477], "q_25": 49.622366622556, "q_75": 50.83108589006588, "min": 49.01800698880106, "max": 51.43544552382082, "mean": 50.22672625631094, "std": 1.2087192675098777, "repeat": 2, "number": 2}]}, "casademo.flagdata_suite.time_flagdata_bandpassflag": {"result": [31.74155015614815], "stats": [{"ci_99": [29.541780984727666, 33.941319327568635], "q_25": 31.719552464433946, "q_75": 31.763547847862355, "min": 31.69755477271974, "max": 31.78554553957656, "mean": 31.74155015614815, "std": 0.043995383428409696, "repeat": 2, "number": 2}]}, "casademo.flagdata_suite.time_flagdata_list": {"result": [135.12577126687393], "stats": [{"ci_99": [134.94169615162537, 135.3098463821225], "q_25": 135.12393051572144, "q_75": 135.1276120180264, "min": 135.12208976456895, "max": 135.1294527691789, "mean": 135.12577126687393, "std": 0.003681502304971218, "repeat": 2, "number": 2}]}, "casademo.flagdata_suite.time_flagdata_list_summary": {"result": [34.34095424343832], "stats": [{"ci_99": [32.37122309836559, 36.31068538851105], "q_25": 34.32125693198759, "q_75": 34.360651554889046, "min": 34.301559620536864, "max": 34.38034886633977, "mean": 34.34095424343832, "std": 0.03939462290145457, "repeat": 2, "number": 2}]}, "casademo.flagdata_suite.time_flagdata_summary": {"result": [34.087064939318225], "stats": [{"ci_99": [29.372035754146054, 38.80209412449039], "q_25": 34.0399146474665, "q_75": 34.13421523116995, "min": 33.99276435561478, "max": 34.18136552302167, "mean": 34.087064939318225, "std": 0.09430058370344341, "repeat": 2, "number": 2}]}, "casademo.tclean_memory_suite.peakmem_tclean_setweighting": 1960484864}, "params": {"arch": "x86_64", "cpu": "Intel(R) Xeon(R) CPU E5-1660 v4 @ 3.20GHz", "machine": "NRAO workstation", "num_cpu": "16", "os": "Linux 3.10.0-1160.15.2.el7.x86_64", "ram": "32GB", "python": "3.6", "pip+casatools": "6.2.0", "pip+casatasks": "6.2.0"}, "requirements": {"pip+casatools": "6.2.0", "pip+casatasks": "6.2.0"}, "commit_hash": "83e6392157df088b3414ec4275b22e52e4425bc2", "date": 1614104649000, "env_name": "virtualenv-py3.6-pip+casatasks6.2.0.95-pip+casatools6.2.0.95", "python": "3.6", "profiles": {}, "started_at": {"casademo.calibration_suite.time_applycal_callib": 1630108355046, "casademo.calibration_suite.time_bandpass": 1630108431135, "casademo.calibration_suite.time_gaincal": 1630108505467, "casademo.flagdata_suite.time_flagdata_bandpassflag": 1630108629932, "casademo.flagdata_suite.time_flagdata_list": 1630108693378, "casademo.flagdata_suite.time_flagdata_list_summary": 1630108963681, "casademo.flagdata_suite.time_flagdata_summary": 1630109032338, "casademo.tclean_memory_suite.peakmem_tclean_setweighting": 1630109100394}, "ended_at": {"casademo.calibration_suite.time_applycal_callib": 1630108431135, "casademo.calibration_suite.time_bandpass": 1630108505467, "casademo.calibration_suite.time_gaincal": 1630108629924, "casademo.flagdata_suite.time_flagdata_bandpassflag": 1630108693377, "casademo.flagdata_suite.time_flagdata_list": 1630108963680, "casademo.flagdata_suite.time_flagdata_list_summary": 1630109032337, "casademo.flagdata_suite.time_flagdata_summary": 1630109100393, "casademo.tclean_memory_suite.peakmem_tclean_setweighting": 1630109268432}, "benchmark_version": {"casademo.calibration_suite.time_applycal_callib": "9ef394762fe7135f58c94c0e46a655fae93e7d107904ceff94d228f23b89a589", "casademo.calibration_suite.time_bandpass": "f706aa044f6bc64b915996b7bdd6bc5666cae0eb7c47ff9a70b5bced6c9fbd0c", "casademo.calibration_suite.time_gaincal": "56f8a9022caccdafe4240fb9a2766b2d5d56cc1c784bd724822d3b040f5b5309", "casademo.flagdata_suite.time_flagdata_bandpassflag": "f55e0ffa6be9d655555c5081a0e7bf2bc00b253273ba7c220de0bd2cfb3baf6c", "casademo.flagdata_suite.time_flagdata_list": "1a40b66ffb4a43d48af3407bae817ed4f7667fe778880859384f5f2e7c9c5d1f", "casademo.flagdata_suite.time_flagdata_list_summary": "3eb284062687484026a1defb4fceb705e83b244e37405f8794d431940ff44b08", "casademo.flagdata_suite.time_flagdata_summary": "9e569fb4e2a2f68e59c510bbf889632173be867104a4e5ba5a98d0eb110e82fb", "casademo.tclean_memory_suite.peakmem_tclean_setweighting": "b08240b9d9211ba7e2ce323aae697e4b25deb8a6db4c5e2e48519cedc4707769"}, "version": 1}
