{"results": {"casademo.calibration_suite.time_applycal_callib": {"result": [36.68555677612312], "stats": [{"ci_99": [-450.25561569747515, 523.6267292497209], "q_25": 31.81614505138714, "q_75": 41.554968500859104, "min": 26.946733326651156, "max": 46.42438022559509, "mean": 36.68555677612312, "std": 9.738823449471965, "repeat": 2, "number": 2}]}, "casademo.calibration_suite.time_bandpass": {"result": [24.629033530130982], "stats": [{"ci_99": [23.9294948624447, 25.328572197817266], "q_25": 24.62203814345412, "q_75": 24.636028916807845, "min": 24.615042756777257, "max": 24.643024303484708, "mean": 24.629033530130982, "std": 0.013990773353725672, "repeat": 2, "number": 2}]}, "casademo.calibration_suite.time_gaincal": {"result": [50.48848135629669], "stats": [{"ci_99": [48.9675767137669, 52.009385998826474], "q_25": 50.47327230987139, "q_75": 50.503690402721986, "min": 50.45806326344609, "max": 50.518899449147284, "mean": 50.48848135629669, "std": 0.030418092850595713, "repeat": 2, "number": 2}]}, "casademo.flagdata_suite.time_flagdata_bandpassflag": {"result": [5.888975270325318], "stats": [{"ci_99": [-0.25331705273129046, 12.031267593381921], "q_25": 5.827552347094752, "q_75": 5.950398193555884, "min": 5.766129423864186, "max": 6.01182111678645, "mean": 5.888975270325318, "std": 0.12284584646113217, "repeat": 2, "number": 2}]}, "casademo.flagdata_suite.time_flagdata_list": {"result": [106.00910219457], "stats": [{"ci_99": [102.6449164384976, 109.3732879506424], "q_25": 105.97546033700928, "q_75": 106.04274405213073, "min": 105.94181847944856, "max": 106.07638590969145, "mean": 106.00910219457, "std": 0.06728371512144804, "repeat": 2, "number": 2}]}, "casademo.flagdata_suite.time_flagdata_list_summary": {"result": [7.764808643609285], "stats": [{"ci_99": [7.632207028567791, 7.89741025865078], "q_25": 7.76348262745887, "q_75": 7.7661346597597, "min": 7.7621566113084555, "max": 7.767460675910115, "mean": 7.764808643609285, "std": 0.0026520323008298874, "repeat": 2, "number": 2}]}, "casademo.flagdata_suite.time_flagdata_summary": {"result": [7.509558451361954], "stats": [{"ci_99": [7.028769691474736, 7.990347211249173], "q_25": 7.504750563763082, "q_75": 7.514366338960826, "min": 7.49994267616421, "max": 7.519174226559699, "mean": 7.509558451361954, "std": 0.00961577519774437, "repeat": 2, "number": 2}]}, "casademo.tclean_memory_suite.peakmem_tclean_setweighting": 1861787648}, "params": {"arch": "x86_64", "cpu": "Intel(R) Xeon(R) CPU E5-1660 v4 @ 3.20GHz", "machine": "NRAO workstation", "num_cpu": "16", "os": "Linux 3.10.0-1160.15.2.el7.x86_64", "ram": "32GB", "python": "3.6", "pip+casatools": "trunk", "pip+casatasks": "trunk"}, "requirements": {"pip+casatools": "trunk", "pip+casatasks": "trunk"}, "commit_hash": "853c918d8a501a961e23e64a61fbf216904bdf76", "date": 1599723688000, "env_name": "virtualenv-py3.6-pip+casatasks-trunk-pip+casatools-trunk", "python": "3.6", "profiles": {}, "started_at": {"casademo.calibration_suite.time_applycal_callib": 1630072900577, "casademo.calibration_suite.time_bandpass": 1630073019452, "casademo.calibration_suite.time_gaincal": 1630073093952, "casademo.flagdata_suite.time_flagdata_bandpassflag": 1630073218763, "casademo.flagdata_suite.time_flagdata_list": 1630073230344, "casademo.flagdata_suite.time_flagdata_list_summary": 1630073442567, "casademo.flagdata_suite.time_flagdata_summary": 1630073458157, "casademo.tclean_memory_suite.peakmem_tclean_setweighting": 1630073473246}, "ended_at": {"casademo.calibration_suite.time_applycal_callib": 1630073019452, "casademo.calibration_suite.time_bandpass": 1630073093952, "casademo.calibration_suite.time_gaincal": 1630073218759, "casademo.flagdata_suite.time_flagdata_bandpassflag": 1630073230344, "casademo.flagdata_suite.time_flagdata_list": 1630073442567, "casademo.flagdata_suite.time_flagdata_list_summary": 1630073458157, "casademo.flagdata_suite.time_flagdata_summary": 1630073473245, "casademo.tclean_memory_suite.peakmem_tclean_setweighting": 1630073774558}, "benchmark_version": {"casademo.calibration_suite.time_applycal_callib": "9ef394762fe7135f58c94c0e46a655fae93e7d107904ceff94d228f23b89a589", "casademo.calibration_suite.time_bandpass": "f706aa044f6bc64b915996b7bdd6bc5666cae0eb7c47ff9a70b5bced6c9fbd0c", "casademo.calibration_suite.time_gaincal": "56f8a9022caccdafe4240fb9a2766b2d5d56cc1c784bd724822d3b040f5b5309", "casademo.flagdata_suite.time_flagdata_bandpassflag": "f55e0ffa6be9d655555c5081a0e7bf2bc00b253273ba7c220de0bd2cfb3baf6c", "casademo.flagdata_suite.time_flagdata_list": "1a40b66ffb4a43d48af3407bae817ed4f7667fe778880859384f5f2e7c9c5d1f", "casademo.flagdata_suite.time_flagdata_list_summary": "3eb284062687484026a1defb4fceb705e83b244e37405f8794d431940ff44b08", "casademo.flagdata_suite.time_flagdata_summary": "9e569fb4e2a2f68e59c510bbf889632173be867104a4e5ba5a98d0eb110e82fb", "casademo.tclean_memory_suite.peakmem_tclean_setweighting": "b08240b9d9211ba7e2ce323aae697e4b25deb8a6db4c5e2e48519cedc4707769"}, "version": 1}
