{"results": {"casademo.calibration_suite.time_applycal_callib": {"result": [26.854005569359288], "stats": [{"ci_99": [20.99460338638164, 32.71340775233693], "q_25": 26.79541154752951, "q_75": 26.912599591189064, "min": 26.736817525699735, "max": 26.97119361301884, "mean": 26.854005569359288, "std": 0.11718804365955293, "repeat": 2, "number": 2}]}, "casademo.calibration_suite.time_bandpass": {"result": [23.83672918495722], "stats": [{"ci_99": [-46.68419637181796, 94.35765474173235], "q_25": 23.13151992938947, "q_75": 24.541938440524973, "min": 22.426310673821718, "max": 25.247147696092725, "mean": 23.83672918495722, "std": 1.4104185111355036, "repeat": 2, "number": 2}]}, "casademo.calibration_suite.time_gaincal": {"result": [49.80683849356137], "stats": [{"ci_99": [17.320315120043233, 82.29336186707948], "q_25": 49.48197325982619, "q_75": 50.13170372729655, "min": 49.15710802609101, "max": 50.456568961031735, "mean": 49.80683849356137, "std": 0.6497304674703628, "repeat": 2, "number": 2}]}, "casademo.flagdata_suite.time_flagdata_bandpassflag": {"result": [6.475711094448343], "stats": [{"ci_99": [4.720004140166566, 8.231418048730118], "q_25": 6.458154024905525, "q_75": 6.493268163991161, "min": 6.440596955362707, "max": 6.5108252335339785, "mean": 6.475711094448343, "std": 0.03511413908563554, "repeat": 2, "number": 2}]}, "casademo.flagdata_suite.time_flagdata_list": {"result": [116.89301570644602], "stats": [{"ci_99": [115.9982212097384, 117.78781020315364], "q_25": 116.88406776147895, "q_75": 116.9019636514131, "min": 116.87511981651187, "max": 116.91091159638017, "mean": 116.89301570644602, "std": 0.017895889934152365, "repeat": 2, "number": 2}]}, "casademo.flagdata_suite.time_flagdata_list_summary": {"result": [8.584954747930169], "stats": [{"ci_99": [7.258905139751732, 9.911004356108604], "q_25": 8.571694251848385, "q_75": 8.598215244011953, "min": 8.5584337557666, "max": 8.611475740093738, "mean": 8.584954747930169, "std": 0.026520992163568735, "repeat": 2, "number": 2}]}, "casademo.flagdata_suite.time_flagdata_summary": {"result": [8.393619689159095], "stats": [{"ci_99": [8.3553696423769, 8.43186973594129], "q_25": 8.393237188691273, "q_75": 8.394002189626917, "min": 8.392854688223451, "max": 8.39438469009474, "mean": 8.393619689159095, "std": 0.0007650009356439114, "repeat": 2, "number": 2}]}, "casademo.tclean_memory_suite.peakmem_tclean_setweighting": 1978150912}, "params": {"arch": "x86_64", "cpu": "Intel(R) Xeon(R) CPU E5-1660 v4 @ 3.20GHz", "machine": "NRAO workstation", "num_cpu": "16", "os": "Linux 3.10.0-1160.15.2.el7.x86_64", "ram": "32GB", "python": "3.6", "pip+casatools": "trunk", "pip+casatasks": "trunk"}, "requirements": {"pip+casatools": "trunk", "pip+casatasks": "trunk"}, "commit_hash": "853e1e5526138739b5e34361dc7fc50aadc1b614", "date": 1604063435000, "env_name": "virtualenv-py3.6-pip+casatasks-trunk-pip+casatools-trunk", "python": "3.6", "profiles": {}, "started_at": {"casademo.calibration_suite.time_applycal_callib": 1630528537041, "casademo.calibration_suite.time_bandpass": 1630528614886, "casademo.calibration_suite.time_gaincal": 1630528691174, "casademo.flagdata_suite.time_flagdata_bandpassflag": 1630528814983, "casademo.flagdata_suite.time_flagdata_list": 1630528827917, "casademo.flagdata_suite.time_flagdata_list_summary": 1630529061732, "casademo.flagdata_suite.time_flagdata_summary": 1630529078925, "casademo.tclean_memory_suite.peakmem_tclean_setweighting": 1630529095767}, "ended_at": {"casademo.calibration_suite.time_applycal_callib": 1630528614885, "casademo.calibration_suite.time_bandpass": 1630528691173, "casademo.calibration_suite.time_gaincal": 1630528814976, "casademo.flagdata_suite.time_flagdata_bandpassflag": 1630528827917, "casademo.flagdata_suite.time_flagdata_list": 1630529061731, "casademo.flagdata_suite.time_flagdata_list_summary": 1630529078924, "casademo.flagdata_suite.time_flagdata_summary": 1630529095766, "casademo.tclean_memory_suite.peakmem_tclean_setweighting": 1630529401637}, "benchmark_version": {"casademo.calibration_suite.time_applycal_callib": "9ef394762fe7135f58c94c0e46a655fae93e7d107904ceff94d228f23b89a589", "casademo.calibration_suite.time_bandpass": "f706aa044f6bc64b915996b7bdd6bc5666cae0eb7c47ff9a70b5bced6c9fbd0c", "casademo.calibration_suite.time_gaincal": "56f8a9022caccdafe4240fb9a2766b2d5d56cc1c784bd724822d3b040f5b5309", "casademo.flagdata_suite.time_flagdata_bandpassflag": "f55e0ffa6be9d655555c5081a0e7bf2bc00b253273ba7c220de0bd2cfb3baf6c", "casademo.flagdata_suite.time_flagdata_list": "1a40b66ffb4a43d48af3407bae817ed4f7667fe778880859384f5f2e7c9c5d1f", "casademo.flagdata_suite.time_flagdata_list_summary": "3eb284062687484026a1defb4fceb705e83b244e37405f8794d431940ff44b08", "casademo.flagdata_suite.time_flagdata_summary": "9e569fb4e2a2f68e59c510bbf889632173be867104a4e5ba5a98d0eb110e82fb", "casademo.tclean_memory_suite.peakmem_tclean_setweighting": "b08240b9d9211ba7e2ce323aae697e4b25deb8a6db4c5e2e48519cedc4707769"}, "version": 1}
