{"results": {"casademo.calibration_suite.time_applycal_callib": {"result": [37.145267620682716], "stats": [{"ci_99": [-464.4978707116097, 538.7884059529747], "q_25": 32.12883623735979, "q_75": 42.16169900400564, "min": 27.112404854036868, "max": 47.178130387328565, "mean": 37.145267620682716, "std": 10.032862766645849, "repeat": 2, "number": 2}]}, "casademo.calibration_suite.time_bandpass": null, "casademo.calibration_suite.time_gaincal": {"result": [50.1723738159053], "stats": [{"ci_99": [34.89893898414448, 65.44580864766611], "q_25": 50.019639467587695, "q_75": 50.32510816422291, "min": 49.866905119270086, "max": 50.47784251254052, "mean": 50.1723738159053, "std": 0.3054686966352165, "repeat": 2, "number": 2}]}, "casademo.flagdata_suite.time_flagdata_bandpassflag": {"result": [8.935021691024303], "stats": [{"ci_99": [6.324217922985554, 11.545825459063051], "q_25": 8.908913653343916, "q_75": 8.961129728704691, "min": 8.882805615663528, "max": 8.987237766385078, "mean": 8.935021691024303, "std": 0.052216075360774994, "repeat": 2, "number": 2}]}, "casademo.flagdata_suite.time_flagdata_list": {"result": [112.60633453400806], "stats": [{"ci_99": [109.49512837594375, 115.71754069207236], "q_25": 112.57522247242741, "q_75": 112.6374465955887, "min": 112.54411041084677, "max": 112.66855865716934, "mean": 112.60633453400806, "std": 0.062224123161286116, "repeat": 2, "number": 2}]}, "casademo.flagdata_suite.time_flagdata_list_summary": {"result": [11.760148224420846], "stats": [{"ci_99": [5.212884075008333, 18.30741237383335], "q_25": 11.69467558292672, "q_75": 11.82562086591497, "min": 11.629202941432595, "max": 11.891093507409096, "mean": 11.760148224420846, "std": 0.13094528298825026, "repeat": 2, "number": 2}]}, "casademo.flagdata_suite.time_flagdata_summary": {"result": [11.44371464010328], "stats": [{"ci_99": [-0.7755252243950963, 23.662954504601647], "q_25": 11.321522241458297, "q_75": 11.565907038748264, "min": 11.199329842813313, "max": 11.688099437393248, "mean": 11.44371464010328, "std": 0.24438479728996754, "repeat": 2, "number": 2}]}, "casademo.tclean_memory_suite.peakmem_tclean_setweighting": 1961259008, "casademo.tclean_memory_suite.track_tclean_file_descriptors_cubemode_mosaic_briggs": 128}, "params": {"arch": "x86_64", "cpu": "Intel(R) Xeon(R) CPU E5-1660 v4 @ 3.20GHz", "machine": "NRAO workstation", "num_cpu": "16", "os": "Linux 3.10.0-1160.15.2.el7.x86_64", "ram": "32GB", "python": "3.6", "pip+casatasks": "trunk"}, "requirements": {"pip+casatasks": "trunk"}, "commit_hash": "85a2546777121b18bd5c0e9137b9b8e55f08cb7c", "date": 1634154707000, "env_name": "virtualenv-py3.6-pip+casatasks-trunk", "python": "3.6", "profiles": {}, "started_at": {"casademo.calibration_suite.time_applycal_callib": 1637184183260, "casademo.calibration_suite.time_bandpass": 1637183684441, "casademo.calibration_suite.time_gaincal": 1637184308668, "casademo.flagdata_suite.time_flagdata_bandpassflag": 1637184433721, "casademo.flagdata_suite.time_flagdata_list": 1637184451758, "casademo.flagdata_suite.time_flagdata_list_summary": 1637184676912, "casademo.flagdata_suite.time_flagdata_summary": 1637184700760, "casademo.tclean_memory_suite.peakmem_tclean_setweighting": 1637184724167, "casademo.tclean_memory_suite.track_tclean_file_descriptors_cubemode_mosaic_briggs": 1637184897891}, "ended_at": {"casademo.calibration_suite.time_applycal_callib": 1637184308667, "casademo.calibration_suite.time_bandpass": 1637183768499, "casademo.calibration_suite.time_gaincal": 1637184433720, "casademo.flagdata_suite.time_flagdata_bandpassflag": 1637184451757, "casademo.flagdata_suite.time_flagdata_list": 1637184676912, "casademo.flagdata_suite.time_flagdata_list_summary": 1637184700760, "casademo.flagdata_suite.time_flagdata_summary": 1637184724167, "casademo.tclean_memory_suite.peakmem_tclean_setweighting": 1637184897890, "casademo.tclean_memory_suite.track_tclean_file_descriptors_cubemode_mosaic_briggs": 1637185073151}, "benchmark_version": {"casademo.calibration_suite.time_applycal_callib": "9ef394762fe7135f58c94c0e46a655fae93e7d107904ceff94d228f23b89a589", "casademo.calibration_suite.time_bandpass": "f706aa044f6bc64b915996b7bdd6bc5666cae0eb7c47ff9a70b5bced6c9fbd0c", "casademo.calibration_suite.time_gaincal": "56f8a9022caccdafe4240fb9a2766b2d5d56cc1c784bd724822d3b040f5b5309", "casademo.flagdata_suite.time_flagdata_bandpassflag": "f55e0ffa6be9d655555c5081a0e7bf2bc00b253273ba7c220de0bd2cfb3baf6c", "casademo.flagdata_suite.time_flagdata_list": "1a40b66ffb4a43d48af3407bae817ed4f7667fe778880859384f5f2e7c9c5d1f", "casademo.flagdata_suite.time_flagdata_list_summary": "3eb284062687484026a1defb4fceb705e83b244e37405f8794d431940ff44b08", "casademo.flagdata_suite.time_flagdata_summary": "9e569fb4e2a2f68e59c510bbf889632173be867104a4e5ba5a98d0eb110e82fb", "casademo.tclean_memory_suite.peakmem_tclean_setweighting": "c89589301c2c884b40375d00ec2f343d5ebdc195afbfc70ae2f149be692e8187", "casademo.tclean_memory_suite.track_tclean_file_descriptors_cubemode_mosaic_briggs": "e3aeb6edf33f78d2db6d58dfc61576924a9768f7a205164fcd839666bde1ae63"}, "version": 1}
