{"results": {"casademo.calibration_suite.time_applycal_callib": {"result": [26.876365067670122], "stats": [{"ci_99": [23.89688560529612, 29.85584453004412], "q_25": 26.84657027304638, "q_75": 26.906159862293862, "min": 26.81677547842264, "max": 26.935954656917602, "mean": 26.876365067670122, "std": 0.059589589247480035, "repeat": 2, "number": 2}]}, "casademo.calibration_suite.time_bandpass": {"result": [23.95009859651327], "stats": [{"ci_99": [-19.816046276129782, 67.7162434691563], "q_25": 23.51243714778684, "q_75": 24.387760045239702, "min": 23.07477569906041, "max": 24.825421493966132, "mean": 23.95009859651327, "std": 0.8753228974528611, "repeat": 2, "number": 2}]}, "casademo.calibration_suite.time_gaincal": {"result": [50.383888211799785], "stats": [{"ci_99": [22.278431329177693, 78.48934509442185], "q_25": 50.102833642973565, "q_75": 50.664942780626006, "min": 49.821779074147344, "max": 50.94599734945223, "mean": 50.383888211799785, "std": 0.5621091376524419, "repeat": 2, "number": 2}]}, "casademo.flagdata_suite.time_flagdata_bandpassflag": {"result": [31.61574259912595], "stats": [{"ci_99": [30.78855711547658, 32.442928082775325], "q_25": 31.607470744289458, "q_75": 31.624014453962445, "min": 31.599198889452964, "max": 31.63228630879894, "mean": 31.61574259912595, "std": 0.01654370967298746, "repeat": 2, "number": 2}]}, "casademo.flagdata_suite.time_flagdata_list": {"result": [134.29102263390087], "stats": [{"ci_99": [125.66779733379371, 142.91424793400802], "q_25": 134.2047903808998, "q_75": 134.37725488690194, "min": 134.11855812789872, "max": 134.463487139903, "mean": 134.29102263390087, "std": 0.17246450600214303, "repeat": 2, "number": 2}]}, "casademo.flagdata_suite.time_flagdata_list_summary": {"result": [33.97380644106306], "stats": [{"ci_99": [13.658166521927342, 54.28944636019877], "q_25": 33.770650041871704, "q_75": 34.17696284025442, "min": 33.56749364268035, "max": 34.380119239445776, "mean": 33.97380644106306, "std": 0.4063127983827144, "repeat": 2, "number": 2}]}, "casademo.flagdata_suite.time_flagdata_summary": {"result": [34.09548739134334], "stats": [{"ci_99": [33.66953996871598, 34.5214348139707], "q_25": 34.09122791711707, "q_75": 34.099746865569614, "min": 34.08696844289079, "max": 34.10400633979589, "mean": 34.09548739134334, "std": 0.008518948452547193, "repeat": 2, "number": 2}]}, "casademo.tclean_memory_suite.peakmem_tclean_setweighting": 2253017088}, "params": {"arch": "x86_64", "cpu": "Intel(R) Xeon(R) CPU E5-1660 v4 @ 3.20GHz", "machine": "NRAO workstation", "num_cpu": "16", "os": "Linux 3.10.0-1160.15.2.el7.x86_64", "ram": "32GB", "python": "3.6", "pip+casatools": "6.2.0", "pip+casatasks": "6.2.0"}, "requirements": {"pip+casatools": "6.2.0", "pip+casatasks": "6.2.0"}, "commit_hash": "85fb20d3ce0c4631f2e1ec72d17945b532c70c39", "date": 1615822614000, "env_name": "virtualenv-py3.6-pip+casatasks6.2.0.106-pip+casatools6.2.0.106", "python": "3.6", "profiles": {}, "started_at": {"casademo.calibration_suite.time_applycal_callib": 1629983837467, "casademo.calibration_suite.time_bandpass": 1629983914763, "casademo.calibration_suite.time_gaincal": 1629983990167, "casademo.flagdata_suite.time_flagdata_bandpassflag": 1629984113870, "casademo.flagdata_suite.time_flagdata_list": 1629984177214, "casademo.flagdata_suite.time_flagdata_list_summary": 1629984445498, "casademo.flagdata_suite.time_flagdata_summary": 1629984514306, "casademo.tclean_memory_suite.peakmem_tclean_setweighting": 1629984582563}, "ended_at": {"casademo.calibration_suite.time_applycal_callib": 1629983914762, "casademo.calibration_suite.time_bandpass": 1629983990166, "casademo.calibration_suite.time_gaincal": 1629984113864, "casademo.flagdata_suite.time_flagdata_bandpassflag": 1629984177214, "casademo.flagdata_suite.time_flagdata_list": 1629984445497, "casademo.flagdata_suite.time_flagdata_list_summary": 1629984514305, "casademo.flagdata_suite.time_flagdata_summary": 1629984582562, "casademo.tclean_memory_suite.peakmem_tclean_setweighting": 1629984760597}, "benchmark_version": {"casademo.calibration_suite.time_applycal_callib": "9ef394762fe7135f58c94c0e46a655fae93e7d107904ceff94d228f23b89a589", "casademo.calibration_suite.time_bandpass": "f706aa044f6bc64b915996b7bdd6bc5666cae0eb7c47ff9a70b5bced6c9fbd0c", "casademo.calibration_suite.time_gaincal": "56f8a9022caccdafe4240fb9a2766b2d5d56cc1c784bd724822d3b040f5b5309", "casademo.flagdata_suite.time_flagdata_bandpassflag": "f55e0ffa6be9d655555c5081a0e7bf2bc00b253273ba7c220de0bd2cfb3baf6c", "casademo.flagdata_suite.time_flagdata_list": "1a40b66ffb4a43d48af3407bae817ed4f7667fe778880859384f5f2e7c9c5d1f", "casademo.flagdata_suite.time_flagdata_list_summary": "3eb284062687484026a1defb4fceb705e83b244e37405f8794d431940ff44b08", "casademo.flagdata_suite.time_flagdata_summary": "9e569fb4e2a2f68e59c510bbf889632173be867104a4e5ba5a98d0eb110e82fb", "casademo.tclean_memory_suite.peakmem_tclean_setweighting": "b08240b9d9211ba7e2ce323aae697e4b25deb8a6db4c5e2e48519cedc4707769"}, "version": 1}
