{"results": {"casademo.calibration_suite.time_applycal_callib": {"result": [26.876365067670122], "stats": [{"ci_99": [23.89688560529612, 29.85584453004412], "q_25": 26.84657027304638, "q_75": 26.906159862293862, "min": 26.81677547842264, "max": 26.935954656917602, "mean": 26.876365067670122, "std": 0.059589589247480035, "repeat": 2, "number": 2}]}, "casademo.calibration_suite.time_bandpass": {"result": [23.95009859651327], "stats": [{"ci_99": [-19.816046276129782, 67.7162434691563], "q_25": 23.51243714778684, "q_75": 24.387760045239702, "min": 23.07477569906041, "max": 24.825421493966132, "mean": 23.95009859651327, "std": 0.8753228974528611, "repeat": 2, "number": 2}]}, "casademo.calibration_suite.time_gaincal": {"result": [50.383888211799785], "stats": [{"ci_99": [22.278431329177693, 78.48934509442185], "q_25": 50.102833642973565, "q_75": 50.664942780626006, "min": 49.821779074147344, "max": 50.94599734945223, "mean": 50.383888211799785, "std": 0.5621091376524419, "repeat": 2, "number": 2}]}, "casademo.flagdata_suite.time_flagdata_bandpassflag": {"result": [31.61574259912595], "stats": [{"ci_99": [30.78855711547658, 32.442928082775325], "q_25": 31.607470744289458, "q_75": 31.624014453962445, "min": 31.599198889452964, "max": 31.63228630879894, "mean": 31.61574259912595, "std": 0.01654370967298746, "repeat": 2, "number": 2}]}, "casademo.flagdata_suite.time_flagdata_list": {"result": [134.29102263390087], "stats": [{"ci_99": [125.66779733379371, 142.91424793400802], "q_25": 134.2047903808998, "q_75": 134.37725488690194, "min": 134.11855812789872, "max": 134.463487139903, "mean": 134.29102263390087, "std": 0.17246450600214303, "repeat": 2, "number": 2}]}, "casademo.flagdata_suite.time_flagdata_list_summary": {"result": [33.97380644106306], "stats": [{"ci_99": [13.658166521927342, 54.28944636019877], "q_25": 33.770650041871704, "q_75": 34.17696284025442, "min": 33.56749364268035, "max": 34.380119239445776, "mean": 33.97380644106306, "std": 0.4063127983827144, "repeat": 2, "number": 2}]}, "casademo.flagdata_suite.time_flagdata_summary": {"result": [34.09548739134334], "stats": [{"ci_99": [33.66953996871598, 34.5214348139707], "q_25": 34.09122791711707, "q_75": 34.099746865569614, "min": 34.08696844289079, "max": 34.10400633979589, "mean": 34.09548739134334, "std": 0.008518948452547193, "repeat": 2, "number": 2}]}, "casademo.tclean_memory_suite.peakmem_tclean_setweighting": 2253017088}, "params": {"arch": "x86_64", "cpu": "Intel(R) Xeon(R) CPU E5-1660 v4 @ 3.20GHz", "machine": "NRAO workstation", "num_cpu": "16", "os": "Linux 3.10.0-1160.15.2.el7.x86_64", "ram": "32GB", "python": "3.6", "pip+casatools": "6.2.0", "pip+casatasks": "6.2.0"}, "requirements": {"pip+casatools": "6.2.0", "pip+casatasks": "6.2.0"}, "commit_hash": "85fb20d3ce0c4631f2e1ec72d17945b532c70c39", "date": 1615822614000, "env_name": "virtualenv-py3.6-pip+casatasks6.2.0.106-pip+casatools6.2.0.106", "python": "3.6", "profiles": {}, "started_at": {"casademo.calibration_suite.time_applycal_callib": 1629983837467, "casademo.calibration_suite.time_bandpass": 1629983914763, "casademo.calibration_suite.time_gaincal": 1629983990167, "casademo.flagdata_suite.time_flagdata_bandpassflag": 1629984113870, "casademo.flagdata_suite.time_flagdata_list": 1629984177214, "casademo.flagdata_suite.time_flagdata_list_summary": 1629984445498, "casademo.flagdata_suite.time_flagdata_summary": 1629984514306, "casademo.tclean_memory_suite.peakmem_tclean_setweighting": 1629984582563}, "ended_at": {"casademo.calibration_suite.time_applycal_callib": 1629983914762, "casademo.calibration_suite.time_bandpass": 1629983990166, "casademo.calibration_suite.time_gaincal": 1629984113864, "casademo.flagdata_suite.time_flagdata_bandpassflag": 1629984177214, "casademo.flagdata_suite.time_flagdata_list": 1629984445497, "casademo.flagdata_suite.time_flagdata_list_summary": 1629984514305, "casademo.flagdata_suite.time_flagdata_summary": 1629984582562, "casademo.tclean_memory_suite.peakmem_tclean_setweighting": 1629984760597}, "benchmark_version": {"casademo.calibration_suite.time_applycal_callib": "1f6437b2270507d06f2c91c35b12dce1187d02851c4b0d0c872bbcfda3e5c4f6", "casademo.calibration_suite.time_bandpass": "a69d32cd1360ece09039f1051989506a7673f5a708021e87c81e0936374d64ce", "casademo.calibration_suite.time_gaincal": "70a393fa53b72183c406b9cc585dca7828b9b8d585b8077a80e0946ee81ebeb0", "casademo.flagdata_suite.time_flagdata_bandpassflag": "6bc01de4a73ffea44f2190b51350292cc1e1256989be0f26cc4ec77341df934a", "casademo.flagdata_suite.time_flagdata_list": "f4d15370d3c2c0c746d0c9c28b87ee190865ebfa9e210cc5773201bea0df7bf9", "casademo.flagdata_suite.time_flagdata_list_summary": "58e4c1cc3e1c3c5f723c910c861bad52078405a7026f0321526fad1a15b04ee3", "casademo.flagdata_suite.time_flagdata_summary": "7d302987a4e4e75e43325fd83f2c968688e4b8a56a6476db46a4fcc0bc003e95", "casademo.tclean_memory_suite.peakmem_tclean_setweighting": "3fb5214d1e8e5bf8170efbe8114cd88b0e1e51db87c955bc588eb95ba91e4f71"}, "version": 1}
