{"results": {"casademo.tclean_memory_suite.peakmem_tclean_setweighting": 1977356288, "casademo.calibration_suite.time_applycal_callib": {"result": [26.486162873916328], "stats": [{"ci_99": [-8.057406092993915, 61.02973184082654], "q_25": 26.140727184247226, "q_75": 26.83159856358543, "min": 25.795291494578123, "max": 27.177034253254533, "mean": 26.486162873916328, "std": 0.6908713793382049, "repeat": 2, "number": 2}]}, "casademo.calibration_suite.time_bandpass": {"result": [24.21717550395988], "stats": [{"ci_99": [-13.770067053614184, 62.20441806153391], "q_25": 23.83730307838414, "q_75": 24.59704792953562, "min": 23.457430652808398, "max": 24.97692035511136, "mean": 24.21717550395988, "std": 0.7597448511514813, "repeat": 2, "number": 2}]}, "casademo.calibration_suite.time_gaincal": null, "casademo.flagdata_suite.time_flagdata_bandpassflag": {"result": [7.434598133666441], "stats": [{"ci_99": [6.254418704891577, 8.614777562441303], "q_25": 7.422796339378692, "q_75": 7.4463999279541895, "min": 7.410994545090944, "max": 7.458201722241938, "mean": 7.434598133666441, "std": 0.02360358857549727, "repeat": 2, "number": 2}]}, "casademo.flagdata_suite.time_flagdata_list": {"result": [142.69828698132187], "stats": [{"ci_99": [50.19570185802877, 235.2008721046149], "q_25": 141.77326113008894, "q_75": 143.6233128325548, "min": 140.848235278856, "max": 144.54833868378773, "mean": 142.69828698132187, "std": 1.850051702465862, "repeat": 2, "number": 2}]}, "casademo.flagdata_suite.time_flagdata_list_summary": {"result": [11.84210959286429], "stats": [{"ci_99": [10.077607763698325, 13.606611422030253], "q_25": 11.82446457457263, "q_75": 11.85975461115595, "min": 11.80681955628097, "max": 11.87739962944761, "mean": 11.84210959286429, "std": 0.035290036583319306, "repeat": 2, "number": 2}]}, "casademo.flagdata_suite.time_flagdata_summary": {"result": [11.578228684375063], "stats": [{"ci_99": [10.972609393065795, 12.18384797568433], "q_25": 11.57217249146197, "q_75": 11.584284877288155, "min": 11.566116298548877, "max": 11.590341070201248, "mean": 11.578228684375063, "std": 0.012112385826185346, "repeat": 2, "number": 2}]}}, "params": {"arch": "x86_64", "cpu": "Intel(R) Xeon(R) CPU E5-1660 v4 @ 3.20GHz", "machine": "NRAO workstation", "num_cpu": "16", "os": "Linux 3.10.0-1160.15.2.el7.x86_64", "ram": "32GB", "python": "3.6", "pip+casatools": "trunk", "pip+casatasks": "trunk"}, "requirements": {"pip+casatools": "trunk", "pip+casatasks": "trunk"}, "commit_hash": "883cbf256fba2db0c9f4f35ba936d7628de257e4", "date": 1575503154000, "env_name": "virtualenv-py3.6-pip+casatasks-trunk-pip+casatools-trunk", "python": "3.6", "profiles": {}, "started_at": {"casademo.tclean_memory_suite.peakmem_tclean_setweighting": 1630597454965, "casademo.calibration_suite.time_applycal_callib": 1630596951185, "casademo.calibration_suite.time_bandpass": 1630599688511, "casademo.calibration_suite.time_gaincal": 1630596569544, "casademo.flagdata_suite.time_flagdata_bandpassflag": 1630597103667, "casademo.flagdata_suite.time_flagdata_list": 1630597118656, "casademo.flagdata_suite.time_flagdata_list_summary": 1630597408052, "casademo.flagdata_suite.time_flagdata_summary": 1630597431708}, "ended_at": {"casademo.tclean_memory_suite.peakmem_tclean_setweighting": 1630597762346, "casademo.calibration_suite.time_applycal_callib": 1630597027126, "casademo.calibration_suite.time_bandpass": 1630599762998, "casademo.calibration_suite.time_gaincal": 1630596605838, "casademo.flagdata_suite.time_flagdata_bandpassflag": 1630597118655, "casademo.flagdata_suite.time_flagdata_list": 1630597408051, "casademo.flagdata_suite.time_flagdata_list_summary": 1630597431708, "casademo.flagdata_suite.time_flagdata_summary": 1630597454965}, "benchmark_version": {"casademo.calibration_suite.time_applycal_callib": "9ef394762fe7135f58c94c0e46a655fae93e7d107904ceff94d228f23b89a589", "casademo.calibration_suite.time_bandpass": "f706aa044f6bc64b915996b7bdd6bc5666cae0eb7c47ff9a70b5bced6c9fbd0c", "casademo.calibration_suite.time_gaincal": "56f8a9022caccdafe4240fb9a2766b2d5d56cc1c784bd724822d3b040f5b5309", "casademo.flagdata_suite.time_flagdata_bandpassflag": "f55e0ffa6be9d655555c5081a0e7bf2bc00b253273ba7c220de0bd2cfb3baf6c", "casademo.flagdata_suite.time_flagdata_list": "1a40b66ffb4a43d48af3407bae817ed4f7667fe778880859384f5f2e7c9c5d1f", "casademo.flagdata_suite.time_flagdata_list_summary": "3eb284062687484026a1defb4fceb705e83b244e37405f8794d431940ff44b08", "casademo.flagdata_suite.time_flagdata_summary": "9e569fb4e2a2f68e59c510bbf889632173be867104a4e5ba5a98d0eb110e82fb", "casademo.tclean_memory_suite.peakmem_tclean_setweighting": "b08240b9d9211ba7e2ce323aae697e4b25deb8a6db4c5e2e48519cedc4707769"}, "version": 1}
