{"results": {"casademo.calibration_suite.time_applycal_callib": {"result": [38.02387964958325], "stats": [{"ci_99": [-554.4068678137846, 630.4546271129507], "q_25": 32.09957217494957, "q_75": 43.94818712421693, "min": 26.175264700315893, "max": 49.87249459885061, "mean": 38.02387964958325, "std": 11.848614949267358, "repeat": 2, "number": 2}]}, "casademo.calibration_suite.time_bandpass": {"result": [26.124615577980876], "stats": [{"ci_99": [-98.41928188037127, 150.6685130363329], "q_25": 24.879176603397354, "q_75": 27.370054552564397, "min": 23.633737628813833, "max": 28.61549352714792, "mean": 26.124615577980876, "std": 2.490877949167043, "repeat": 2, "number": 2}]}, "casademo.calibration_suite.time_gaincal": {"result": [48.49892872897908], "stats": [{"ci_99": [21.933415807317942, 75.06444165064019], "q_25": 48.23327359976247, "q_75": 48.76458385819569, "min": 47.96761847054586, "max": 49.030238987412304, "mean": 48.49892872897908, "std": 0.5313102584332228, "repeat": 2, "number": 2}]}, "casademo.flagdata_suite.time_flagdata_bandpassflag": {"result": [31.19383902125992], "stats": [{"ci_99": [30.544974860502407, 31.84270318201743], "q_25": 31.187350379652344, "q_75": 31.200327662867494, "min": 31.18086173804477, "max": 31.20681630447507, "mean": 31.19383902125992, "std": 0.012977283215150237, "repeat": 2, "number": 2}]}, "casademo.flagdata_suite.time_flagdata_list": {"result": [131.6404714002274], "stats": [{"ci_99": [57.43641878804192, 205.84452401241282], "q_25": 130.89843087410554, "q_75": 132.38251192634925, "min": 130.1563903479837, "max": 133.1245524524711, "mean": 131.6404714002274, "std": 1.4840810522437096, "repeat": 2, "number": 2}]}, "casademo.flagdata_suite.time_flagdata_list_summary": {"result": [33.37049663881771], "stats": [{"ci_99": [32.25307333399542, 34.48791994364001], "q_25": 33.35932240576949, "q_75": 33.381670871865936, "min": 33.34814817272127, "max": 33.39284510491416, "mean": 33.37049663881771, "std": 0.022348466096445918, "repeat": 2, "number": 2}]}, "casademo.flagdata_suite.time_flagdata_summary": {"result": [33.69482664158568], "stats": [{"ci_99": [31.8383850553073, 35.55126822786406], "q_25": 33.676262225722894, "q_75": 33.71339105744846, "min": 33.65769780986011, "max": 33.731955473311245, "mean": 33.69482664158568, "std": 0.03712883172556758, "repeat": 2, "number": 2}]}, "casademo.tclean_memory_suite.peakmem_tclean_setweighting": 2032914432}, "params": {"arch": "x86_64", "cpu": "Intel(R) Xeon(R) CPU E5-1660 v4 @ 3.20GHz", "machine": "NRAO workstation", "num_cpu": "16", "os": "Linux 3.10.0-1160.15.2.el7.x86_64", "ram": "32GB", "python": "3.6", "pip+casatools": "6.2.0", "pip+casatasks": "6.2.0"}, "requirements": {"pip+casatools": "6.2.0", "pip+casatasks": "6.2.0"}, "commit_hash": "88858d4621802becc47bc41e1d9beac6daacfb46", "date": 1611230080000, "env_name": "virtualenv-py3.6-pip+casatasks6.2.0.75-pip+casatools6.2.0.75", "python": "3.6", "profiles": {}, "started_at": {"casademo.calibration_suite.time_applycal_callib": 1630343151797, "casademo.calibration_suite.time_bandpass": 1630343275300, "casademo.calibration_suite.time_gaincal": 1630343397802, "casademo.flagdata_suite.time_flagdata_bandpassflag": 1630343521055, "casademo.flagdata_suite.time_flagdata_list": 1630343583498, "casademo.flagdata_suite.time_flagdata_list_summary": 1630343843877, "casademo.flagdata_suite.time_flagdata_summary": 1630343910729, "casademo.tclean_memory_suite.peakmem_tclean_setweighting": 1630343978233}, "ended_at": {"casademo.calibration_suite.time_applycal_callib": 1630343275299, "casademo.calibration_suite.time_bandpass": 1630343397801, "casademo.calibration_suite.time_gaincal": 1630343521052, "casademo.flagdata_suite.time_flagdata_bandpassflag": 1630343583498, "casademo.flagdata_suite.time_flagdata_list": 1630343843876, "casademo.flagdata_suite.time_flagdata_list_summary": 1630343910728, "casademo.flagdata_suite.time_flagdata_summary": 1630343978232, "casademo.tclean_memory_suite.peakmem_tclean_setweighting": 1630344565923}, "benchmark_version": {"casademo.calibration_suite.time_applycal_callib": "9ef394762fe7135f58c94c0e46a655fae93e7d107904ceff94d228f23b89a589", "casademo.calibration_suite.time_bandpass": "f706aa044f6bc64b915996b7bdd6bc5666cae0eb7c47ff9a70b5bced6c9fbd0c", "casademo.calibration_suite.time_gaincal": "56f8a9022caccdafe4240fb9a2766b2d5d56cc1c784bd724822d3b040f5b5309", "casademo.flagdata_suite.time_flagdata_bandpassflag": "f55e0ffa6be9d655555c5081a0e7bf2bc00b253273ba7c220de0bd2cfb3baf6c", "casademo.flagdata_suite.time_flagdata_list": "1a40b66ffb4a43d48af3407bae817ed4f7667fe778880859384f5f2e7c9c5d1f", "casademo.flagdata_suite.time_flagdata_list_summary": "3eb284062687484026a1defb4fceb705e83b244e37405f8794d431940ff44b08", "casademo.flagdata_suite.time_flagdata_summary": "9e569fb4e2a2f68e59c510bbf889632173be867104a4e5ba5a98d0eb110e82fb", "casademo.tclean_memory_suite.peakmem_tclean_setweighting": "b08240b9d9211ba7e2ce323aae697e4b25deb8a6db4c5e2e48519cedc4707769"}, "version": 1}
