{"results": {"casademo.tclean_memory_suite.peakmem_tclean_setweighting": 1959419904, "casademo.calibration_suite.time_applycal_callib": {"result": [45.872576150810346], "stats": [{"ci_99": [-387.86657487484626, 479.61172717646656], "q_25": 41.53518464055378, "q_75": 50.20996766106691, "min": 37.197793130297214, "max": 54.54735917132348, "mean": 45.872576150810346, "std": 8.674783020513132, "repeat": 2, "number": 2}]}, "casademo.calibration_suite.time_gaincal": {"result": [50.612084578257054], "stats": [{"ci_99": [42.317555063869804, 58.9066140926443], "q_25": 50.52913928311318, "q_75": 50.69502987340093, "min": 50.44619398796931, "max": 50.7779751685448, "mean": 50.612084578257054, "std": 0.165890590287745, "repeat": 2, "number": 2}]}, "casademo.flagdata_suite.time_flagdata_bandpassflag": {"result": [9.263072478119284], "stats": [{"ci_99": [4.4329886683262885, 14.093156287912276], "q_25": 9.214771640021354, "q_75": 9.311373316217214, "min": 9.166470801923424, "max": 9.359674154315144, "mean": 9.263072478119284, "std": 0.09660167619585991, "repeat": 2, "number": 2}]}, "casademo.flagdata_suite.time_flagdata_list": {"result": [112.82107227062806], "stats": [{"ci_99": [107.67014843923971, 117.97199610201642], "q_25": 112.76956303231418, "q_75": 112.87258150894195, "min": 112.7180537940003, "max": 112.92409074725583, "mean": 112.82107227062806, "std": 0.10301847662776709, "repeat": 2, "number": 2}]}, "casademo.flagdata_suite.time_flagdata_list_summary": {"result": [11.93455467093736], "stats": [{"ci_99": [7.365971827879548, 16.503137513995167], "q_25": 11.888868842506781, "q_75": 11.980240499367937, "min": 11.843183014076203, "max": 12.025926327798516, "mean": 11.93455467093736, "std": 0.09137165686115623, "repeat": 2, "number": 2}]}, "casademo.flagdata_suite.time_flagdata_summary": {"result": [11.256054969504476], "stats": [{"ci_99": [11.221862834878266, 11.290247104130685], "q_25": 11.255713048158213, "q_75": 11.256396890850738, "min": 11.255371126811951, "max": 11.256738812197, "mean": 11.256054969504476, "std": 0.0006838426925241947, "repeat": 2, "number": 2}]}, "casademo.calibration_suite.time_bandpass": {"result": [37.52615299448371], "stats": [{"ci_99": [-612.9876322913915, 688.0399382803583], "q_25": 31.021015141624957, "q_75": 44.03129084734246, "min": 24.515877288766205, "max": 50.53642870020121, "mean": 37.52615299448371, "std": 13.010275705717504, "repeat": 2, "number": 2}]}}, "params": {"arch": "x86_64", "cpu": "Intel(R) Xeon(R) CPU E5-1660 v4 @ 3.20GHz", "machine": "NRAO workstation", "num_cpu": "16", "os": "Linux 3.10.0-1160.15.2.el7.x86_64", "ram": "32GB", "python": "3.6", "pip+casatools": "6.3.0", "pip+casatasks": "6.3.0"}, "requirements": {"pip+casatools": "6.3.0", "pip+casatasks": "6.3.0"}, "commit_hash": "8a651ad1cb5d7020f99861fb362d998aa5d42431", "date": 1628168804000, "env_name": "virtualenv-py3.6-pip+casatasks6.3.0.36-pip+casatools6.3.0.36", "python": "3.6", "profiles": {}, "started_at": {"casademo.tclean_memory_suite.peakmem_tclean_setweighting": 1629905640049, "casademo.calibration_suite.time_applycal_callib": 1629905025428, "casademo.calibration_suite.time_gaincal": 1629905225225, "casademo.flagdata_suite.time_flagdata_bandpassflag": 1629905349437, "casademo.flagdata_suite.time_flagdata_list": 1629905367834, "casademo.flagdata_suite.time_flagdata_list_summary": 1629905593736, "casademo.flagdata_suite.time_flagdata_summary": 1629905617494, "casademo.calibration_suite.time_bandpass": 1629905151191}, "ended_at": {"casademo.tclean_memory_suite.peakmem_tclean_setweighting": 1629905813980, "casademo.calibration_suite.time_applycal_callib": 1629905151190, "casademo.calibration_suite.time_gaincal": 1629905349430, "casademo.flagdata_suite.time_flagdata_bandpassflag": 1629905367833, "casademo.flagdata_suite.time_flagdata_list": 1629905593736, "casademo.flagdata_suite.time_flagdata_list_summary": 1629905617494, "casademo.flagdata_suite.time_flagdata_summary": 1629905640049, "casademo.calibration_suite.time_bandpass": 1629905225225}, "benchmark_version": {"casademo.calibration_suite.time_applycal_callib": "9ef394762fe7135f58c94c0e46a655fae93e7d107904ceff94d228f23b89a589", "casademo.calibration_suite.time_bandpass": "f706aa044f6bc64b915996b7bdd6bc5666cae0eb7c47ff9a70b5bced6c9fbd0c", "casademo.calibration_suite.time_gaincal": "56f8a9022caccdafe4240fb9a2766b2d5d56cc1c784bd724822d3b040f5b5309", "casademo.flagdata_suite.time_flagdata_bandpassflag": "f55e0ffa6be9d655555c5081a0e7bf2bc00b253273ba7c220de0bd2cfb3baf6c", "casademo.flagdata_suite.time_flagdata_list": "1a40b66ffb4a43d48af3407bae817ed4f7667fe778880859384f5f2e7c9c5d1f", "casademo.flagdata_suite.time_flagdata_list_summary": "3eb284062687484026a1defb4fceb705e83b244e37405f8794d431940ff44b08", "casademo.flagdata_suite.time_flagdata_summary": "9e569fb4e2a2f68e59c510bbf889632173be867104a4e5ba5a98d0eb110e82fb", "casademo.tclean_memory_suite.peakmem_tclean_setweighting": "b08240b9d9211ba7e2ce323aae697e4b25deb8a6db4c5e2e48519cedc4707769"}, "version": 1}
