{"results": {"casademo.calibration_suite.time_applycal_callib": {"result": [26.359928882680833], "stats": [{"ci_99": [-67.28741357196122, 120.0072713373228], "q_25": 25.423455458134413, "q_75": 27.296402307227254, "min": 24.486982033587992, "max": 28.232875731773674, "mean": 26.359928882680833, "std": 1.8729468490928411, "repeat": 2, "number": 2}]}, "casademo.calibration_suite.time_bandpass": {"result": [29.128443461377174], "stats": [{"ci_99": [-216.83727054623887, 275.094157468993], "q_25": 26.668786321301013, "q_75": 31.588100601453334, "min": 24.209129181224853, "max": 34.047757741529495, "mean": 29.128443461377174, "std": 4.919314280152321, "repeat": 2, "number": 2}]}, "casademo.calibration_suite.time_gaincal": {"result": [50.21095970040187], "stats": [{"ci_99": [43.211728803347796, 57.21019059745594], "q_25": 50.14096739143133, "q_75": 50.28095200937241, "min": 50.07097508246079, "max": 50.350944318342954, "mean": 50.21095970040187, "std": 0.13998461794108152, "repeat": 2, "number": 2}]}, "casademo.flagdata_suite.time_flagdata_bandpassflag": {"result": [31.479428955586627], "stats": [{"ci_99": [24.81811011931859, 38.14074779185466], "q_25": 31.412815767223947, "q_75": 31.546042143949308, "min": 31.346202578861266, "max": 31.612655332311988, "mean": 31.479428955586627, "std": 0.13322637672536075, "repeat": 2, "number": 2}]}, "casademo.flagdata_suite.time_flagdata_list": {"result": [133.80413968698122], "stats": [{"ci_99": [127.01825850526802, 140.5900208686944], "q_25": 133.73628087516408, "q_75": 133.87199849879835, "min": 133.66842206334695, "max": 133.93985731061548, "mean": 133.80413968698122, "std": 0.13571762363426387, "repeat": 2, "number": 2}]}, "casademo.flagdata_suite.time_flagdata_list_summary": {"result": [34.1655011693947], "stats": [{"ci_99": [32.90898110112175, 35.42202123766765], "q_25": 34.15293596871197, "q_75": 34.17806637007743, "min": 34.14037076802924, "max": 34.19063157076016, "mean": 34.1655011693947, "std": 0.025130401365458965, "repeat": 2, "number": 2}]}, "casademo.flagdata_suite.time_flagdata_summary": {"result": [33.95295191812329], "stats": [{"ci_99": [33.230120558524504, 34.675783277722076], "q_25": 33.9457236045273, "q_75": 33.96018023171928, "min": 33.938495290931314, "max": 33.967408545315266, "mean": 33.95295191812329, "std": 0.014456627191975713, "repeat": 2, "number": 2}]}, "casademo.tclean_memory_suite.peakmem_tclean_setweighting": 2033094656}, "params": {"arch": "x86_64", "cpu": "Intel(R) Xeon(R) CPU E5-1660 v4 @ 3.20GHz", "machine": "NRAO workstation", "num_cpu": "16", "os": "Linux 3.10.0-1160.15.2.el7.x86_64", "ram": "32GB", "python": "3.6", "pip+casatools": "6.2.0", "pip+casatasks": "6.2.0"}, "requirements": {"pip+casatools": "6.2.0", "pip+casatasks": "6.2.0"}, "commit_hash": "8a8c00a5d9ac44283940a85df54eb2e8995b5aa3", "date": 1611821705000, "env_name": "virtualenv-py3.6-pip+casatasks6.2.0.80-pip+casatools6.2.0.80", "python": "3.6", "profiles": {}, "started_at": {"casademo.calibration_suite.time_applycal_callib": 1630114500909, "casademo.calibration_suite.time_bandpass": 1630114611890, "casademo.calibration_suite.time_gaincal": 1630114733889, "casademo.flagdata_suite.time_flagdata_bandpassflag": 1630114857844, "casademo.flagdata_suite.time_flagdata_list": 1630114920587, "casademo.flagdata_suite.time_flagdata_list_summary": 1630115187982, "casademo.flagdata_suite.time_flagdata_summary": 1630115256339, "casademo.tclean_memory_suite.peakmem_tclean_setweighting": 1630115324244}, "ended_at": {"casademo.calibration_suite.time_applycal_callib": 1630114611889, "casademo.calibration_suite.time_bandpass": 1630114733889, "casademo.calibration_suite.time_gaincal": 1630114857839, "casademo.flagdata_suite.time_flagdata_bandpassflag": 1630114920587, "casademo.flagdata_suite.time_flagdata_list": 1630115187982, "casademo.flagdata_suite.time_flagdata_list_summary": 1630115256338, "casademo.flagdata_suite.time_flagdata_summary": 1630115324244, "casademo.tclean_memory_suite.peakmem_tclean_setweighting": 1630115915357}, "benchmark_version": {"casademo.calibration_suite.time_applycal_callib": "1f6437b2270507d06f2c91c35b12dce1187d02851c4b0d0c872bbcfda3e5c4f6", "casademo.calibration_suite.time_bandpass": "a69d32cd1360ece09039f1051989506a7673f5a708021e87c81e0936374d64ce", "casademo.calibration_suite.time_gaincal": "70a393fa53b72183c406b9cc585dca7828b9b8d585b8077a80e0946ee81ebeb0", "casademo.flagdata_suite.time_flagdata_bandpassflag": "6bc01de4a73ffea44f2190b51350292cc1e1256989be0f26cc4ec77341df934a", "casademo.flagdata_suite.time_flagdata_list": "f4d15370d3c2c0c746d0c9c28b87ee190865ebfa9e210cc5773201bea0df7bf9", "casademo.flagdata_suite.time_flagdata_list_summary": "58e4c1cc3e1c3c5f723c910c861bad52078405a7026f0321526fad1a15b04ee3", "casademo.flagdata_suite.time_flagdata_summary": "7d302987a4e4e75e43325fd83f2c968688e4b8a56a6476db46a4fcc0bc003e95", "casademo.tclean_memory_suite.peakmem_tclean_setweighting": "3fb5214d1e8e5bf8170efbe8114cd88b0e1e51db87c955bc588eb95ba91e4f71"}, "version": 1}
