{"results": {"casademo.calibration_suite.time_applycal_callib": {"result": [25.8868902255781], "stats": [{"ci_99": [10.576978259254247, 41.19680219190194], "q_25": 25.73379110591486, "q_75": 26.039989345241338, "min": 25.580691986251622, "max": 26.193088464904577, "mean": 25.8868902255781, "std": 0.30619823932647705, "repeat": 2, "number": 2}]}, "casademo.calibration_suite.time_bandpass": {"result": [25.031588799785823], "stats": [{"ci_99": [20.332960798870772, 29.73021680070087], "q_25": 24.984602519776672, "q_75": 25.078575079794973, "min": 24.93761623976752, "max": 25.125561359804124, "mean": 25.031588799785823, "std": 0.09397256001830101, "repeat": 2, "number": 2}]}, "casademo.calibration_suite.time_gaincal": {"result": [49.66745369741693], "stats": [{"ci_99": [28.22510977415368, 71.10979762068017], "q_25": 49.4530302581843, "q_75": 49.881877136649564, "min": 49.238606818951666, "max": 50.096300575882196, "mean": 49.66745369741693, "std": 0.42884687846526504, "repeat": 2, "number": 2}]}, "casademo.flagdata_suite.time_flagdata_bandpassflag": {"result": [5.643343324074522], "stats": [{"ci_99": [4.1434767346363515, 7.14320991351269], "q_25": 5.62834465818014, "q_75": 5.658341989968903, "min": 5.613345992285758, "max": 5.673340655863285, "mean": 5.643343324074522, "std": 0.029997331788763404, "repeat": 2, "number": 2}]}, "casademo.flagdata_suite.time_flagdata_list": {"result": [107.3111036485061], "stats": [{"ci_99": [106.01506688818336, 108.60714040882885], "q_25": 107.29814328090288, "q_75": 107.32406401610933, "min": 107.28518291329965, "max": 107.33702438371256, "mean": 107.3111036485061, "std": 0.025920735206454992, "repeat": 2, "number": 2}]}, "casademo.flagdata_suite.time_flagdata_list_summary": {"result": [7.981737633468583], "stats": [{"ci_99": [6.504828052362427, 9.458647214574738], "q_25": 7.966968537657522, "q_75": 7.996506729279645, "min": 7.95219944184646, "max": 8.011275825090706, "mean": 7.981737633468583, "std": 0.029538191622123122, "repeat": 2, "number": 2}]}, "casademo.flagdata_suite.time_flagdata_summary": {"result": [7.68377785384655], "stats": [{"ci_99": [7.424624728038907, 7.942930979654193], "q_25": 7.681186322588474, "q_75": 7.686369385104626, "min": 7.678594791330397, "max": 7.688960916362703, "mean": 7.68377785384655, "std": 0.005183062516152859, "repeat": 2, "number": 2}]}, "casademo.tclean_memory_suite.peakmem_tclean_setweighting": 1864990720}, "params": {"arch": "x86_64", "cpu": "Intel(R) Xeon(R) CPU E5-1660 v4 @ 3.20GHz", "machine": "NRAO workstation", "num_cpu": "16", "os": "Linux 3.10.0-1160.15.2.el7.x86_64", "ram": "32GB", "python": "3.6", "pip+casatools": "6.2.0", "pip+casatasks": "6.2.0"}, "requirements": {"pip+casatools": "6.2.0", "pip+casatasks": "6.2.0"}, "commit_hash": "8aa04107f062728eb83c6099201ad4db70623b44", "date": 1602019143000, "env_name": "virtualenv-py3.6-pip+casatasks6.2.0.36-pip+casatools6.2.0.36", "python": "3.6", "profiles": {}, "started_at": {"casademo.calibration_suite.time_applycal_callib": 1630162472909, "casademo.calibration_suite.time_bandpass": 1630162548294, "casademo.calibration_suite.time_gaincal": 1630162624083, "casademo.flagdata_suite.time_flagdata_bandpassflag": 1630162747242, "casademo.flagdata_suite.time_flagdata_list": 1630162758622, "casademo.flagdata_suite.time_flagdata_list_summary": 1630162973353, "casademo.flagdata_suite.time_flagdata_summary": 1630162989336, "casademo.tclean_memory_suite.peakmem_tclean_setweighting": 1630163004775}, "ended_at": {"casademo.calibration_suite.time_applycal_callib": 1630162548294, "casademo.calibration_suite.time_bandpass": 1630162624083, "casademo.calibration_suite.time_gaincal": 1630162747239, "casademo.flagdata_suite.time_flagdata_bandpassflag": 1630162758622, "casademo.flagdata_suite.time_flagdata_list": 1630162973352, "casademo.flagdata_suite.time_flagdata_list_summary": 1630162989335, "casademo.flagdata_suite.time_flagdata_summary": 1630163004774, "casademo.tclean_memory_suite.peakmem_tclean_setweighting": 1630163295951}, "benchmark_version": {"casademo.calibration_suite.time_applycal_callib": "1f6437b2270507d06f2c91c35b12dce1187d02851c4b0d0c872bbcfda3e5c4f6", "casademo.calibration_suite.time_bandpass": "a69d32cd1360ece09039f1051989506a7673f5a708021e87c81e0936374d64ce", "casademo.calibration_suite.time_gaincal": "70a393fa53b72183c406b9cc585dca7828b9b8d585b8077a80e0946ee81ebeb0", "casademo.flagdata_suite.time_flagdata_bandpassflag": "6bc01de4a73ffea44f2190b51350292cc1e1256989be0f26cc4ec77341df934a", "casademo.flagdata_suite.time_flagdata_list": "f4d15370d3c2c0c746d0c9c28b87ee190865ebfa9e210cc5773201bea0df7bf9", "casademo.flagdata_suite.time_flagdata_list_summary": "58e4c1cc3e1c3c5f723c910c861bad52078405a7026f0321526fad1a15b04ee3", "casademo.flagdata_suite.time_flagdata_summary": "7d302987a4e4e75e43325fd83f2c968688e4b8a56a6476db46a4fcc0bc003e95", "casademo.tclean_memory_suite.peakmem_tclean_setweighting": "3fb5214d1e8e5bf8170efbe8114cd88b0e1e51db87c955bc588eb95ba91e4f71"}, "version": 1}
