{"results": {"casademo.calibration_suite.time_applycal_callib": {"result": [26.2508631888777], "stats": [{"ci_99": [13.415487410500646, 39.086238967254744], "q_25": 26.12250943109393, "q_75": 26.379216946661472, "min": 25.99415567331016, "max": 26.507570704445243, "mean": 26.2508631888777, "std": 0.2567075155675411, "repeat": 2, "number": 2}]}, "casademo.calibration_suite.time_bandpass": {"result": [23.79376936890185], "stats": [{"ci_99": [-13.463646804913878, 61.05118554271755], "q_25": 23.42119520716369, "q_75": 24.166343530640006, "min": 23.048621045425534, "max": 24.538917692378163, "mean": 23.79376936890185, "std": 0.7451483234763145, "repeat": 2, "number": 2}]}, "casademo.calibration_suite.time_gaincal": {"result": [50.284909195266664], "stats": [{"ci_99": [25.056473369710147, 75.51334502082315], "q_25": 50.0326248370111, "q_75": 50.53719355352223, "min": 49.780340478755534, "max": 50.789477911777794, "mean": 50.284909195266664, "std": 0.5045687165111303, "repeat": 2, "number": 2}]}, "casademo.flagdata_suite.time_flagdata_bandpassflag": {"result": [8.893968716729432], "stats": [{"ci_99": [7.178577890153974, 10.609359543304889], "q_25": 8.876814808463678, "q_75": 8.911122624995187, "min": 8.859660900197923, "max": 8.928276533260942, "mean": 8.893968716729432, "std": 0.03430781653150916, "repeat": 2, "number": 2}]}, "casademo.flagdata_suite.time_flagdata_list": {"result": [112.43853485491127], "stats": [{"ci_99": [103.5999350277707, 121.27713468205184], "q_25": 112.35014885663986, "q_75": 112.52692085318267, "min": 112.26176285836846, "max": 112.61530685145408, "mean": 112.43853485491127, "std": 0.1767719965428114, "repeat": 2, "number": 2}]}, "casademo.flagdata_suite.time_flagdata_list_summary": {"result": [11.77775179874152], "stats": [{"ci_99": [10.47700550314039, 13.078498094342647], "q_25": 11.764744335785508, "q_75": 11.79075926169753, "min": 11.751736872829497, "max": 11.803766724653542, "mean": 11.77775179874152, "std": 0.02601492591202259, "repeat": 2, "number": 2}]}, "casademo.flagdata_suite.time_flagdata_summary": {"result": [11.47261121449992], "stats": [{"ci_99": [11.211134462151676, 11.734087966848165], "q_25": 11.469996446976438, "q_75": 11.475225982023403, "min": 11.467381679452956, "max": 11.477840749546885, "mean": 11.47261121449992, "std": 0.005229535046964884, "repeat": 2, "number": 2}]}, "casademo.tclean_memory_suite.peakmem_tclean_setweighting": 1961177088, "casademo.tclean_memory_suite.track_tclean_file_descriptors_cubemode_mosaic_briggs": 128}, "params": {"arch": "x86_64", "cpu": "Intel(R) Xeon(R) CPU E5-1660 v4 @ 3.20GHz", "machine": "NRAO workstation", "num_cpu": "16", "os": "Linux 3.10.0-1160.15.2.el7.x86_64", "ram": "32GB", "python": "3.6", "pip+casatasks": "trunk"}, "requirements": {"pip+casatasks": "trunk"}, "commit_hash": "8c42ee03dc95c791ad37e74f2cc1dc64ca7516be", "date": 1632475509000, "env_name": "virtualenv-py3.6-pip+casatasks-trunk", "python": "3.6", "profiles": {}, "started_at": {"casademo.calibration_suite.time_applycal_callib": 1637175345274, "casademo.calibration_suite.time_bandpass": 1637175421967, "casademo.calibration_suite.time_gaincal": 1637175496154, "casademo.flagdata_suite.time_flagdata_bandpassflag": 1637175620918, "casademo.flagdata_suite.time_flagdata_list": 1637175638663, "casademo.flagdata_suite.time_flagdata_list_summary": 1637175863968, "casademo.flagdata_suite.time_flagdata_summary": 1637175887626, "casademo.tclean_memory_suite.peakmem_tclean_setweighting": 1637175910632, "casademo.tclean_memory_suite.track_tclean_file_descriptors_cubemode_mosaic_briggs": 1637176092252}, "ended_at": {"casademo.calibration_suite.time_applycal_callib": 1637175421967, "casademo.calibration_suite.time_bandpass": 1637175496154, "casademo.calibration_suite.time_gaincal": 1637175620914, "casademo.flagdata_suite.time_flagdata_bandpassflag": 1637175638662, "casademo.flagdata_suite.time_flagdata_list": 1637175863967, "casademo.flagdata_suite.time_flagdata_list_summary": 1637175887625, "casademo.flagdata_suite.time_flagdata_summary": 1637175910632, "casademo.tclean_memory_suite.peakmem_tclean_setweighting": 1637176092251, "casademo.tclean_memory_suite.track_tclean_file_descriptors_cubemode_mosaic_briggs": 1637176263790}, "benchmark_version": {"casademo.calibration_suite.time_applycal_callib": "9ef394762fe7135f58c94c0e46a655fae93e7d107904ceff94d228f23b89a589", "casademo.calibration_suite.time_bandpass": "f706aa044f6bc64b915996b7bdd6bc5666cae0eb7c47ff9a70b5bced6c9fbd0c", "casademo.calibration_suite.time_gaincal": "56f8a9022caccdafe4240fb9a2766b2d5d56cc1c784bd724822d3b040f5b5309", "casademo.flagdata_suite.time_flagdata_bandpassflag": "f55e0ffa6be9d655555c5081a0e7bf2bc00b253273ba7c220de0bd2cfb3baf6c", "casademo.flagdata_suite.time_flagdata_list": "1a40b66ffb4a43d48af3407bae817ed4f7667fe778880859384f5f2e7c9c5d1f", "casademo.flagdata_suite.time_flagdata_list_summary": "3eb284062687484026a1defb4fceb705e83b244e37405f8794d431940ff44b08", "casademo.flagdata_suite.time_flagdata_summary": "9e569fb4e2a2f68e59c510bbf889632173be867104a4e5ba5a98d0eb110e82fb", "casademo.tclean_memory_suite.peakmem_tclean_setweighting": "c89589301c2c884b40375d00ec2f343d5ebdc195afbfc70ae2f149be692e8187", "casademo.tclean_memory_suite.track_tclean_file_descriptors_cubemode_mosaic_briggs": "e3aeb6edf33f78d2db6d58dfc61576924a9768f7a205164fcd839666bde1ae63"}, "version": 1}
