{"results": {"casademo.tclean_memory_suite.peakmem_tclean_setweighting": 2154635264, "casademo.calibration_suite.time_applycal_callib": {"result": [33.36659350642003], "stats": [{"ci_99": [-350.31121307075955, 417.04440008359927], "q_25": 29.529815440648235, "q_75": 37.20337157219183, "min": 25.69303737487644, "max": 41.04014963796362, "mean": 33.36659350642003, "std": 7.673556131543592, "repeat": 2, "number": 2}]}, "casademo.calibration_suite.time_bandpass": {"result": [35.3530072462745], "stats": [{"ci_99": [-449.4461538880132, 520.1521683805618], "q_25": 30.505015634931624, "q_75": 40.20099885761738, "min": 25.657024023588747, "max": 45.048990468960255, "mean": 35.3530072462745, "std": 9.695983222685754, "repeat": 2, "number": 2}]}, "casademo.calibration_suite.time_gaincal": {"result": [49.97833879268728], "stats": [{"ci_99": [15.028808608883992, 84.92786897649054], "q_25": 49.62884349084925, "q_75": 50.327834094525315, "min": 49.279348189011216, "max": 50.67732939636335, "mean": 49.97833879268728, "std": 0.6989906036760658, "repeat": 2, "number": 2}]}, "casademo.flagdata_suite.time_flagdata_bandpassflag": {"result": [32.39554619719274], "stats": [{"ci_99": [30.127421627519652, 34.663670766865835], "q_25": 32.37286495149601, "q_75": 32.418227442889474, "min": 32.35018370579928, "max": 32.440908688586205, "mean": 32.39554619719274, "std": 0.04536249139346182, "repeat": 2, "number": 2}]}, "casademo.flagdata_suite.time_flagdata_list": {"result": [135.81920903199352], "stats": [{"ci_99": [120.02558470959775, 151.6128333543893], "q_25": 135.66127278876957, "q_75": 135.97714527521748, "min": 135.5033365455456, "max": 136.13508151844144, "mean": 135.81920903199352, "std": 0.31587248644791543, "repeat": 2, "number": 2}]}, "casademo.flagdata_suite.time_flagdata_list_summary": {"result": [34.984250898472965], "stats": [{"ci_99": [34.87253489065915, 35.095966906286776], "q_25": 34.98313373839483, "q_75": 34.9853680585511, "min": 34.98201657831669, "max": 34.98648521862924, "mean": 34.984250898472965, "std": 0.002234320156276226, "repeat": 2, "number": 2}]}, "casademo.flagdata_suite.time_flagdata_summary": {"result": [34.76275665033609], "stats": [{"ci_99": [31.616635418497026, 37.90887788217515], "q_25": 34.731295438017696, "q_75": 34.79421786265448, "min": 34.699834225699306, "max": 34.82567907497287, "mean": 34.76275665033609, "std": 0.06292242463678122, "repeat": 2, "number": 2}]}}, "params": {"arch": "x86_64", "cpu": "Intel(R) Xeon(R) CPU E5-1660 v4 @ 3.20GHz", "machine": "NRAO workstation", "num_cpu": "16", "os": "Linux 3.10.0-1160.15.2.el7.x86_64", "ram": "32GB", "python": "3.6", "pip+casatools": "6.3.0", "pip+casatasks": "6.3.0"}, "requirements": {"pip+casatools": "6.3.0", "pip+casatasks": "6.3.0"}, "commit_hash": "8d9a4b37fbc5bd8edc30d153af3f961b94edfcc1", "date": 1621977694000, "env_name": "virtualenv-py3.6-pip+casatasks6.3.0.10-pip+casatools6.3.0.10", "python": "3.6", "profiles": {}, "started_at": {"casademo.tclean_memory_suite.peakmem_tclean_setweighting": 1629915092996, "casademo.calibration_suite.time_applycal_callib": 1629914256907, "casademo.calibration_suite.time_bandpass": 1629914368805, "casademo.calibration_suite.time_gaincal": 1629914491910, "casademo.flagdata_suite.time_flagdata_bandpassflag": 1629914616170, "casademo.flagdata_suite.time_flagdata_list": 1629914680918, "casademo.flagdata_suite.time_flagdata_list_summary": 1629914953277, "casademo.flagdata_suite.time_flagdata_summary": 1629915023287}, "ended_at": {"casademo.tclean_memory_suite.peakmem_tclean_setweighting": 1629915278952, "casademo.calibration_suite.time_applycal_callib": 1629914368804, "casademo.calibration_suite.time_bandpass": 1629914491909, "casademo.calibration_suite.time_gaincal": 1629914616163, "casademo.flagdata_suite.time_flagdata_bandpassflag": 1629914680918, "casademo.flagdata_suite.time_flagdata_list": 1629914953276, "casademo.flagdata_suite.time_flagdata_list_summary": 1629915023286, "casademo.flagdata_suite.time_flagdata_summary": 1629915092995}, "benchmark_version": {"casademo.tclean_memory_suite.peakmem_tclean_setweighting": "3fb5214d1e8e5bf8170efbe8114cd88b0e1e51db87c955bc588eb95ba91e4f71", "casademo.calibration_suite.time_applycal_callib": "1f6437b2270507d06f2c91c35b12dce1187d02851c4b0d0c872bbcfda3e5c4f6", "casademo.calibration_suite.time_bandpass": "a69d32cd1360ece09039f1051989506a7673f5a708021e87c81e0936374d64ce", "casademo.calibration_suite.time_gaincal": "70a393fa53b72183c406b9cc585dca7828b9b8d585b8077a80e0946ee81ebeb0", "casademo.flagdata_suite.time_flagdata_bandpassflag": "6bc01de4a73ffea44f2190b51350292cc1e1256989be0f26cc4ec77341df934a", "casademo.flagdata_suite.time_flagdata_list": "f4d15370d3c2c0c746d0c9c28b87ee190865ebfa9e210cc5773201bea0df7bf9", "casademo.flagdata_suite.time_flagdata_list_summary": "58e4c1cc3e1c3c5f723c910c861bad52078405a7026f0321526fad1a15b04ee3", "casademo.flagdata_suite.time_flagdata_summary": "7d302987a4e4e75e43325fd83f2c968688e4b8a56a6476db46a4fcc0bc003e95"}, "version": 1}
