{"results": {"casademo.tclean_memory_suite.peakmem_tclean_setweighting": 2154635264, "casademo.calibration_suite.time_applycal_callib": {"result": [33.36659350642003], "stats": [{"ci_99": [-350.31121307075955, 417.04440008359927], "q_25": 29.529815440648235, "q_75": 37.20337157219183, "min": 25.69303737487644, "max": 41.04014963796362, "mean": 33.36659350642003, "std": 7.673556131543592, "repeat": 2, "number": 2}]}, "casademo.calibration_suite.time_bandpass": {"result": [35.3530072462745], "stats": [{"ci_99": [-449.4461538880132, 520.1521683805618], "q_25": 30.505015634931624, "q_75": 40.20099885761738, "min": 25.657024023588747, "max": 45.048990468960255, "mean": 35.3530072462745, "std": 9.695983222685754, "repeat": 2, "number": 2}]}, "casademo.calibration_suite.time_gaincal": {"result": [49.97833879268728], "stats": [{"ci_99": [15.028808608883992, 84.92786897649054], "q_25": 49.62884349084925, "q_75": 50.327834094525315, "min": 49.279348189011216, "max": 50.67732939636335, "mean": 49.97833879268728, "std": 0.6989906036760658, "repeat": 2, "number": 2}]}, "casademo.flagdata_suite.time_flagdata_bandpassflag": {"result": [32.39554619719274], "stats": [{"ci_99": [30.127421627519652, 34.663670766865835], "q_25": 32.37286495149601, "q_75": 32.418227442889474, "min": 32.35018370579928, "max": 32.440908688586205, "mean": 32.39554619719274, "std": 0.04536249139346182, "repeat": 2, "number": 2}]}, "casademo.flagdata_suite.time_flagdata_list": {"result": [135.81920903199352], "stats": [{"ci_99": [120.02558470959775, 151.6128333543893], "q_25": 135.66127278876957, "q_75": 135.97714527521748, "min": 135.5033365455456, "max": 136.13508151844144, "mean": 135.81920903199352, "std": 0.31587248644791543, "repeat": 2, "number": 2}]}, "casademo.flagdata_suite.time_flagdata_list_summary": {"result": [34.984250898472965], "stats": [{"ci_99": [34.87253489065915, 35.095966906286776], "q_25": 34.98313373839483, "q_75": 34.9853680585511, "min": 34.98201657831669, "max": 34.98648521862924, "mean": 34.984250898472965, "std": 0.002234320156276226, "repeat": 2, "number": 2}]}, "casademo.flagdata_suite.time_flagdata_summary": {"result": [34.76275665033609], "stats": [{"ci_99": [31.616635418497026, 37.90887788217515], "q_25": 34.731295438017696, "q_75": 34.79421786265448, "min": 34.699834225699306, "max": 34.82567907497287, "mean": 34.76275665033609, "std": 0.06292242463678122, "repeat": 2, "number": 2}]}}, "params": {"arch": "x86_64", "cpu": "Intel(R) Xeon(R) CPU E5-1660 v4 @ 3.20GHz", "machine": "NRAO workstation", "num_cpu": "16", "os": "Linux 3.10.0-1160.15.2.el7.x86_64", "ram": "32GB", "python": "3.6", "pip+casatools": "6.3.0", "pip+casatasks": "6.3.0"}, "requirements": {"pip+casatools": "6.3.0", "pip+casatasks": "6.3.0"}, "commit_hash": "8d9a4b37fbc5bd8edc30d153af3f961b94edfcc1", "date": 1621977694000, "env_name": "virtualenv-py3.6-pip+casatasks6.3.0.10-pip+casatools6.3.0.10", "python": "3.6", "profiles": {}, "started_at": {"casademo.tclean_memory_suite.peakmem_tclean_setweighting": 1629915092996, "casademo.calibration_suite.time_applycal_callib": 1629914256907, "casademo.calibration_suite.time_bandpass": 1629914368805, "casademo.calibration_suite.time_gaincal": 1629914491910, "casademo.flagdata_suite.time_flagdata_bandpassflag": 1629914616170, "casademo.flagdata_suite.time_flagdata_list": 1629914680918, "casademo.flagdata_suite.time_flagdata_list_summary": 1629914953277, "casademo.flagdata_suite.time_flagdata_summary": 1629915023287}, "ended_at": {"casademo.tclean_memory_suite.peakmem_tclean_setweighting": 1629915278952, "casademo.calibration_suite.time_applycal_callib": 1629914368804, "casademo.calibration_suite.time_bandpass": 1629914491909, "casademo.calibration_suite.time_gaincal": 1629914616163, "casademo.flagdata_suite.time_flagdata_bandpassflag": 1629914680918, "casademo.flagdata_suite.time_flagdata_list": 1629914953276, "casademo.flagdata_suite.time_flagdata_list_summary": 1629915023286, "casademo.flagdata_suite.time_flagdata_summary": 1629915092995}, "benchmark_version": {"casademo.calibration_suite.time_applycal_callib": "9ef394762fe7135f58c94c0e46a655fae93e7d107904ceff94d228f23b89a589", "casademo.calibration_suite.time_bandpass": "f706aa044f6bc64b915996b7bdd6bc5666cae0eb7c47ff9a70b5bced6c9fbd0c", "casademo.calibration_suite.time_gaincal": "56f8a9022caccdafe4240fb9a2766b2d5d56cc1c784bd724822d3b040f5b5309", "casademo.flagdata_suite.time_flagdata_bandpassflag": "f55e0ffa6be9d655555c5081a0e7bf2bc00b253273ba7c220de0bd2cfb3baf6c", "casademo.flagdata_suite.time_flagdata_list": "1a40b66ffb4a43d48af3407bae817ed4f7667fe778880859384f5f2e7c9c5d1f", "casademo.flagdata_suite.time_flagdata_list_summary": "3eb284062687484026a1defb4fceb705e83b244e37405f8794d431940ff44b08", "casademo.flagdata_suite.time_flagdata_summary": "9e569fb4e2a2f68e59c510bbf889632173be867104a4e5ba5a98d0eb110e82fb", "casademo.tclean_memory_suite.peakmem_tclean_setweighting": "b08240b9d9211ba7e2ce323aae697e4b25deb8a6db4c5e2e48519cedc4707769"}, "version": 1}
