{"results": {"casademo.tclean_memory_suite.peakmem_tclean_setweighting": 2154532864, "casademo.calibration_suite.time_applycal_callib": {"result": [32.85664108861238], "stats": [{"ci_99": [-337.6630129450932, 403.37629512231763], "q_25": 29.15144454827532, "q_75": 36.561837628949434, "min": 25.446248007938266, "max": 40.26703416928649, "mean": 32.85664108861238, "std": 7.410393080674112, "repeat": 2, "number": 2}]}, "casademo.calibration_suite.time_bandpass": {"result": [24.954934475710616], "stats": [{"ci_99": [13.242956180358306, 36.66691277106291], "q_25": 24.837814692757092, "q_75": 25.07205425866414, "min": 24.72069490980357, "max": 25.18917404161766, "mean": 24.954934475710616, "std": 0.2342395659070462, "repeat": 2, "number": 2}]}, "casademo.calibration_suite.time_gaincal": {"result": [50.79337291652337], "stats": [{"ci_99": [45.780714608263224, 55.8060312247835], "q_25": 50.743246333440766, "q_75": 50.84349949960597, "min": 50.693119750358164, "max": 50.89362608268857, "mean": 50.79337291652337, "std": 0.10025316616520286, "repeat": 2, "number": 2}]}, "casademo.flagdata_suite.time_flagdata_bandpassflag": {"result": [32.35059787495993], "stats": [{"ci_99": [30.284514121944085, 34.41668162797578], "q_25": 32.32993703742977, "q_75": 32.37125871249009, "min": 32.309276199899614, "max": 32.39191955002025, "mean": 32.35059787495993, "std": 0.04132167506031692, "repeat": 2, "number": 2}]}, "casademo.flagdata_suite.time_flagdata_list": {"result": [132.9643573986832], "stats": [{"ci_99": [59.15292632090859, 206.77578847645776], "q_25": 132.22624308790546, "q_75": 133.70247170946095, "min": 131.4881287771277, "max": 134.4405860202387, "mean": 132.9643573986832, "std": 1.4762286215554923, "repeat": 2, "number": 2}]}, "casademo.flagdata_suite.time_flagdata_list_summary": {"result": [35.00537987635471], "stats": [{"ci_99": [34.91346596344374, 35.09729378926568], "q_25": 35.0044607372256, "q_75": 35.00629901548382, "min": 35.00354159809649, "max": 35.00721815461293, "mean": 35.00537987635471, "std": 0.0018382782582193613, "repeat": 2, "number": 2}]}, "casademo.flagdata_suite.time_flagdata_summary": {"result": [34.53080743341707], "stats": [{"ci_99": [32.54661114909686, 36.51500371773727], "q_25": 34.510965470573865, "q_75": 34.55064939626027, "min": 34.49112350773066, "max": 34.57049135910347, "mean": 34.53080743341707, "std": 0.03968392568640411, "repeat": 2, "number": 2}]}}, "params": {"arch": "x86_64", "cpu": "Intel(R) Xeon(R) CPU E5-1660 v4 @ 3.20GHz", "machine": "NRAO workstation", "num_cpu": "16", "os": "Linux 3.10.0-1160.15.2.el7.x86_64", "ram": "32GB", "python": "3.6", "pip+casatools": "trunk", "pip+casatasks": "trunk"}, "requirements": {"pip+casatools": "trunk", "pip+casatasks": "trunk"}, "commit_hash": "939fe9e389f65c0ac4f66f1bc56169edfaf31de3", "date": 1623686012000, "env_name": "virtualenv-py3.6-pip+casatasks-trunk-pip+casatools-trunk", "python": "3.6", "profiles": {}, "started_at": {"casademo.tclean_memory_suite.peakmem_tclean_setweighting": 1630195053457, "casademo.calibration_suite.time_applycal_callib": 1630194305901, "casademo.calibration_suite.time_bandpass": 1630194380488, "casademo.calibration_suite.time_gaincal": 1630194457131, "casademo.flagdata_suite.time_flagdata_bandpassflag": 1630194580693, "casademo.flagdata_suite.time_flagdata_list": 1630194645391, "casademo.flagdata_suite.time_flagdata_list_summary": 1630194914339, "casademo.flagdata_suite.time_flagdata_summary": 1630194984399}, "ended_at": {"casademo.tclean_memory_suite.peakmem_tclean_setweighting": 1630195239672, "casademo.calibration_suite.time_applycal_callib": 1630194380488, "casademo.calibration_suite.time_bandpass": 1630194457130, "casademo.calibration_suite.time_gaincal": 1630194580685, "casademo.flagdata_suite.time_flagdata_bandpassflag": 1630194645390, "casademo.flagdata_suite.time_flagdata_list": 1630194914338, "casademo.flagdata_suite.time_flagdata_list_summary": 1630194984399, "casademo.flagdata_suite.time_flagdata_summary": 1630195053456}, "benchmark_version": {"casademo.calibration_suite.time_applycal_callib": "9ef394762fe7135f58c94c0e46a655fae93e7d107904ceff94d228f23b89a589", "casademo.calibration_suite.time_bandpass": "f706aa044f6bc64b915996b7bdd6bc5666cae0eb7c47ff9a70b5bced6c9fbd0c", "casademo.calibration_suite.time_gaincal": "56f8a9022caccdafe4240fb9a2766b2d5d56cc1c784bd724822d3b040f5b5309", "casademo.flagdata_suite.time_flagdata_bandpassflag": "f55e0ffa6be9d655555c5081a0e7bf2bc00b253273ba7c220de0bd2cfb3baf6c", "casademo.flagdata_suite.time_flagdata_list": "1a40b66ffb4a43d48af3407bae817ed4f7667fe778880859384f5f2e7c9c5d1f", "casademo.flagdata_suite.time_flagdata_list_summary": "3eb284062687484026a1defb4fceb705e83b244e37405f8794d431940ff44b08", "casademo.flagdata_suite.time_flagdata_summary": "9e569fb4e2a2f68e59c510bbf889632173be867104a4e5ba5a98d0eb110e82fb", "casademo.tclean_memory_suite.peakmem_tclean_setweighting": "b08240b9d9211ba7e2ce323aae697e4b25deb8a6db4c5e2e48519cedc4707769"}, "version": 1}
