{"results": {"casademo.calibration_suite.time_applycal_callib": {"result": [40.46928777964786], "stats": [{"ci_99": [-533.4915737374686, 614.4301492967638], "q_25": 34.72967916447669, "q_75": 46.20889639481902, "min": 28.99007054930553, "max": 51.948505009990185, "mean": 40.46928777964786, "std": 11.479217230342329, "repeat": 2, "number": 2}]}, "casademo.calibration_suite.time_bandpass": {"result": [25.39186518616043], "stats": [{"ci_99": [-38.838108976138756, 89.62183934845956], "q_25": 24.74956544453744, "q_75": 26.034164927783422, "min": 24.107265702914447, "max": 26.676464669406414, "mean": 25.39186518616043, "std": 1.2845994832459837, "repeat": 2, "number": 2}]}, "casademo.calibration_suite.time_gaincal": {"result": [50.334089644951746], "stats": [{"ci_99": [47.912339644739404, 52.75583964516409], "q_25": 50.30987214494962, "q_75": 50.35830714495387, "min": 50.2856546449475, "max": 50.38252464495599, "mean": 50.334089644951746, "std": 0.04843500000424683, "repeat": 2, "number": 2}]}, "casademo.flagdata_suite.time_flagdata_bandpassflag": {"result": [5.445017893798649], "stats": [{"ci_99": [5.155724701471627, 5.734311086125672], "q_25": 5.442124961875379, "q_75": 5.4479108257219195, "min": 5.439232029952109, "max": 5.45080375764519, "mean": 5.445017893798649, "std": 0.005785863846540451, "repeat": 2, "number": 2}]}, "casademo.flagdata_suite.time_flagdata_list": {"result": [105.77755004400387], "stats": [{"ci_99": [104.16870130924508, 107.38639877876267], "q_25": 105.76146155665629, "q_75": 105.79363853135146, "min": 105.7453730693087, "max": 105.80972701869905, "mean": 105.77755004400387, "std": 0.032176974695175886, "repeat": 2, "number": 2}]}, "casademo.flagdata_suite.time_flagdata_list_summary": {"result": [7.421957358252257], "stats": [{"ci_99": [7.338517747353762, 7.505396969150752], "q_25": 7.421122962143272, "q_75": 7.422791754361242, "min": 7.420288566034287, "max": 7.423626150470227, "mean": 7.421957358252257, "std": 0.0016687922179698944, "repeat": 2, "number": 2}]}, "casademo.flagdata_suite.time_flagdata_summary": {"result": [7.055134576512501], "stats": [{"ci_99": [6.749756453791633, 7.360512699233368], "q_25": 7.052080795285292, "q_75": 7.058188357739709, "min": 7.049027014058083, "max": 7.061242138966918, "mean": 7.055134576512501, "std": 0.006107562454417348, "repeat": 2, "number": 2}]}, "casademo.tclean_memory_suite.peakmem_tclean_setweighting": 1861681152}, "params": {"arch": "x86_64", "cpu": "Intel(R) Xeon(R) CPU E5-1660 v4 @ 3.20GHz", "machine": "NRAO workstation", "num_cpu": "16", "os": "Linux 3.10.0-1160.15.2.el7.x86_64", "ram": "32GB", "python": "3.6", "pip+casatools": "6.2.0", "pip+casatasks": "6.2.0"}, "requirements": {"pip+casatools": "6.2.0", "pip+casatasks": "6.2.0"}, "commit_hash": "943c0aada582815683ba094c65c80f0872c4c1da", "date": 1599685704000, "env_name": "virtualenv-py3.6-pip+casatasks6.2.0.24-pip+casatools6.2.0.24", "python": "3.6", "profiles": {}, "started_at": {"casademo.calibration_suite.time_applycal_callib": 1630462068737, "casademo.calibration_suite.time_bandpass": 1630462196655, "casademo.calibration_suite.time_gaincal": 1630462273786, "casademo.flagdata_suite.time_flagdata_bandpassflag": 1630462397997, "casademo.flagdata_suite.time_flagdata_list": 1630462408977, "casademo.flagdata_suite.time_flagdata_list_summary": 1630462620650, "casademo.flagdata_suite.time_flagdata_summary": 1630462635538, "casademo.tclean_memory_suite.peakmem_tclean_setweighting": 1630462649724}, "ended_at": {"casademo.calibration_suite.time_applycal_callib": 1630462196655, "casademo.calibration_suite.time_bandpass": 1630462273786, "casademo.calibration_suite.time_gaincal": 1630462397991, "casademo.flagdata_suite.time_flagdata_bandpassflag": 1630462408976, "casademo.flagdata_suite.time_flagdata_list": 1630462620649, "casademo.flagdata_suite.time_flagdata_list_summary": 1630462635537, "casademo.flagdata_suite.time_flagdata_summary": 1630462649724, "casademo.tclean_memory_suite.peakmem_tclean_setweighting": 1630462934369}, "benchmark_version": {"casademo.calibration_suite.time_applycal_callib": "9ef394762fe7135f58c94c0e46a655fae93e7d107904ceff94d228f23b89a589", "casademo.calibration_suite.time_bandpass": "f706aa044f6bc64b915996b7bdd6bc5666cae0eb7c47ff9a70b5bced6c9fbd0c", "casademo.calibration_suite.time_gaincal": "56f8a9022caccdafe4240fb9a2766b2d5d56cc1c784bd724822d3b040f5b5309", "casademo.flagdata_suite.time_flagdata_bandpassflag": "f55e0ffa6be9d655555c5081a0e7bf2bc00b253273ba7c220de0bd2cfb3baf6c", "casademo.flagdata_suite.time_flagdata_list": "1a40b66ffb4a43d48af3407bae817ed4f7667fe778880859384f5f2e7c9c5d1f", "casademo.flagdata_suite.time_flagdata_list_summary": "3eb284062687484026a1defb4fceb705e83b244e37405f8794d431940ff44b08", "casademo.flagdata_suite.time_flagdata_summary": "9e569fb4e2a2f68e59c510bbf889632173be867104a4e5ba5a98d0eb110e82fb", "casademo.tclean_memory_suite.peakmem_tclean_setweighting": "b08240b9d9211ba7e2ce323aae697e4b25deb8a6db4c5e2e48519cedc4707769"}, "version": 1}
