{"results": {"casademo.calibration_suite.time_applycal_callib": {"result": [40.46928777964786], "stats": [{"ci_99": [-533.4915737374686, 614.4301492967638], "q_25": 34.72967916447669, "q_75": 46.20889639481902, "min": 28.99007054930553, "max": 51.948505009990185, "mean": 40.46928777964786, "std": 11.479217230342329, "repeat": 2, "number": 2}]}, "casademo.calibration_suite.time_bandpass": {"result": [25.39186518616043], "stats": [{"ci_99": [-38.838108976138756, 89.62183934845956], "q_25": 24.74956544453744, "q_75": 26.034164927783422, "min": 24.107265702914447, "max": 26.676464669406414, "mean": 25.39186518616043, "std": 1.2845994832459837, "repeat": 2, "number": 2}]}, "casademo.calibration_suite.time_gaincal": {"result": [50.334089644951746], "stats": [{"ci_99": [47.912339644739404, 52.75583964516409], "q_25": 50.30987214494962, "q_75": 50.35830714495387, "min": 50.2856546449475, "max": 50.38252464495599, "mean": 50.334089644951746, "std": 0.04843500000424683, "repeat": 2, "number": 2}]}, "casademo.flagdata_suite.time_flagdata_bandpassflag": {"result": [5.445017893798649], "stats": [{"ci_99": [5.155724701471627, 5.734311086125672], "q_25": 5.442124961875379, "q_75": 5.4479108257219195, "min": 5.439232029952109, "max": 5.45080375764519, "mean": 5.445017893798649, "std": 0.005785863846540451, "repeat": 2, "number": 2}]}, "casademo.flagdata_suite.time_flagdata_list": {"result": [105.77755004400387], "stats": [{"ci_99": [104.16870130924508, 107.38639877876267], "q_25": 105.76146155665629, "q_75": 105.79363853135146, "min": 105.7453730693087, "max": 105.80972701869905, "mean": 105.77755004400387, "std": 0.032176974695175886, "repeat": 2, "number": 2}]}, "casademo.flagdata_suite.time_flagdata_list_summary": {"result": [7.421957358252257], "stats": [{"ci_99": [7.338517747353762, 7.505396969150752], "q_25": 7.421122962143272, "q_75": 7.422791754361242, "min": 7.420288566034287, "max": 7.423626150470227, "mean": 7.421957358252257, "std": 0.0016687922179698944, "repeat": 2, "number": 2}]}, "casademo.flagdata_suite.time_flagdata_summary": {"result": [7.055134576512501], "stats": [{"ci_99": [6.749756453791633, 7.360512699233368], "q_25": 7.052080795285292, "q_75": 7.058188357739709, "min": 7.049027014058083, "max": 7.061242138966918, "mean": 7.055134576512501, "std": 0.006107562454417348, "repeat": 2, "number": 2}]}, "casademo.tclean_memory_suite.peakmem_tclean_setweighting": 1861681152}, "params": {"arch": "x86_64", "cpu": "Intel(R) Xeon(R) CPU E5-1660 v4 @ 3.20GHz", "machine": "NRAO workstation", "num_cpu": "16", "os": "Linux 3.10.0-1160.15.2.el7.x86_64", "ram": "32GB", "python": "3.6", "pip+casatools": "6.2.0", "pip+casatasks": "6.2.0"}, "requirements": {"pip+casatools": "6.2.0", "pip+casatasks": "6.2.0"}, "commit_hash": "943c0aada582815683ba094c65c80f0872c4c1da", "date": 1599685704000, "env_name": "virtualenv-py3.6-pip+casatasks6.2.0.24-pip+casatools6.2.0.24", "python": "3.6", "profiles": {}, "started_at": {"casademo.calibration_suite.time_applycal_callib": 1630462068737, "casademo.calibration_suite.time_bandpass": 1630462196655, "casademo.calibration_suite.time_gaincal": 1630462273786, "casademo.flagdata_suite.time_flagdata_bandpassflag": 1630462397997, "casademo.flagdata_suite.time_flagdata_list": 1630462408977, "casademo.flagdata_suite.time_flagdata_list_summary": 1630462620650, "casademo.flagdata_suite.time_flagdata_summary": 1630462635538, "casademo.tclean_memory_suite.peakmem_tclean_setweighting": 1630462649724}, "ended_at": {"casademo.calibration_suite.time_applycal_callib": 1630462196655, "casademo.calibration_suite.time_bandpass": 1630462273786, "casademo.calibration_suite.time_gaincal": 1630462397991, "casademo.flagdata_suite.time_flagdata_bandpassflag": 1630462408976, "casademo.flagdata_suite.time_flagdata_list": 1630462620649, "casademo.flagdata_suite.time_flagdata_list_summary": 1630462635537, "casademo.flagdata_suite.time_flagdata_summary": 1630462649724, "casademo.tclean_memory_suite.peakmem_tclean_setweighting": 1630462934369}, "benchmark_version": {"casademo.calibration_suite.time_applycal_callib": "1f6437b2270507d06f2c91c35b12dce1187d02851c4b0d0c872bbcfda3e5c4f6", "casademo.calibration_suite.time_bandpass": "a69d32cd1360ece09039f1051989506a7673f5a708021e87c81e0936374d64ce", "casademo.calibration_suite.time_gaincal": "70a393fa53b72183c406b9cc585dca7828b9b8d585b8077a80e0946ee81ebeb0", "casademo.flagdata_suite.time_flagdata_bandpassflag": "6bc01de4a73ffea44f2190b51350292cc1e1256989be0f26cc4ec77341df934a", "casademo.flagdata_suite.time_flagdata_list": "f4d15370d3c2c0c746d0c9c28b87ee190865ebfa9e210cc5773201bea0df7bf9", "casademo.flagdata_suite.time_flagdata_list_summary": "58e4c1cc3e1c3c5f723c910c861bad52078405a7026f0321526fad1a15b04ee3", "casademo.flagdata_suite.time_flagdata_summary": "7d302987a4e4e75e43325fd83f2c968688e4b8a56a6476db46a4fcc0bc003e95", "casademo.tclean_memory_suite.peakmem_tclean_setweighting": "3fb5214d1e8e5bf8170efbe8114cd88b0e1e51db87c955bc588eb95ba91e4f71"}, "version": 1}
