{"results": {"casademo.calibration_suite.time_applycal_callib": {"result": [38.697309313109145], "stats": [{"ci_99": [-614.473704762524, 691.8683233887417], "q_25": 32.16559917235281, "q_75": 45.229019453865476, "min": 25.633889031596482, "max": 51.76072959462181, "mean": 38.697309313109145, "std": 13.063420281512663, "repeat": 2, "number": 2}]}, "casademo.calibration_suite.time_bandpass": {"result": [24.86846448481083], "stats": [{"ci_99": [16.73976701311767, 32.99716195650398], "q_25": 24.787177510093898, "q_75": 24.94975145952776, "min": 24.705890535376966, "max": 25.031038434244692, "mean": 24.86846448481083, "std": 0.16257394943386316, "repeat": 2, "number": 2}]}, "casademo.calibration_suite.time_gaincal": {"result": [51.02935960213654], "stats": [{"ci_99": [16.77255702135153, 85.28616218292152], "q_25": 50.68679157632869, "q_75": 51.37192762794439, "min": 50.34422355052084, "max": 51.71449565375224, "mean": 51.02935960213654, "std": 0.6851360516157001, "repeat": 2, "number": 2}]}, "casademo.flagdata_suite.time_flagdata_bandpassflag": {"result": [30.905736952554435], "stats": [{"ci_99": [30.16265245852992, 31.64882144657895], "q_25": 30.89830610761419, "q_75": 30.91316779749468, "min": 30.890875262673944, "max": 30.920598642434925, "mean": 30.905736952554435, "std": 0.014861689880490303, "repeat": 2, "number": 2}]}, "casademo.flagdata_suite.time_flagdata_list": {"result": [133.0726595018059], "stats": [{"ci_99": [132.80595307052135, 133.33936593309045], "q_25": 133.06999243749306, "q_75": 133.07532656611875, "min": 133.0673253731802, "max": 133.0779936304316, "mean": 133.0726595018059, "std": 0.005334128625690937, "repeat": 2, "number": 2}]}, "casademo.flagdata_suite.time_flagdata_list_summary": {"result": [33.473548418842256], "stats": [{"ci_99": [30.634991344995797, 36.312105492688715], "q_25": 33.44516284810379, "q_75": 33.50193398958072, "min": 33.41677727736533, "max": 33.530319560319185, "mean": 33.473548418842256, "std": 0.05677114147692919, "repeat": 2, "number": 2}]}, "casademo.flagdata_suite.time_flagdata_summary": {"result": [33.20426450064406], "stats": [{"ci_99": [32.21835766872391, 34.190171332564205], "q_25": 33.19440543232486, "q_75": 33.21412356896326, "min": 33.184546364005655, "max": 33.22398263728246, "mean": 33.20426450064406, "std": 0.01971813663840294, "repeat": 2, "number": 2}]}, "casademo.tclean_memory_suite.peakmem_tclean_setweighting": 1865351168}, "params": {"arch": "x86_64", "cpu": "Intel(R) Xeon(R) CPU E5-1660 v4 @ 3.20GHz", "machine": "NRAO workstation", "num_cpu": "16", "os": "Linux 3.10.0-1160.15.2.el7.x86_64", "ram": "32GB", "python": "3.6", "pip+casatools": "6.2.0", "pip+casatasks": "6.2.0"}, "requirements": {"pip+casatools": "6.2.0", "pip+casatasks": "6.2.0"}, "commit_hash": "946a6ddf0893f45c3872e39058e272e95a84626f", "date": 1605276030000, "env_name": "virtualenv-py3.6-pip+casatasks6.2.0.50-pip+casatools6.2.0.50", "python": "3.6", "profiles": {}, "started_at": {"casademo.calibration_suite.time_applycal_callib": 1629897274697, "casademo.calibration_suite.time_bandpass": 1629897401252, "casademo.calibration_suite.time_gaincal": 1629897475338, "casademo.flagdata_suite.time_flagdata_bandpassflag": 1629897599799, "casademo.flagdata_suite.time_flagdata_list": 1629897661640, "casademo.flagdata_suite.time_flagdata_list_summary": 1629897927833, "casademo.flagdata_suite.time_flagdata_summary": 1629897994950, "casademo.tclean_memory_suite.peakmem_tclean_setweighting": 1629898061452}, "ended_at": {"casademo.calibration_suite.time_applycal_callib": 1629897401252, "casademo.calibration_suite.time_bandpass": 1629897475338, "casademo.calibration_suite.time_gaincal": 1629897599796, "casademo.flagdata_suite.time_flagdata_bandpassflag": 1629897661640, "casademo.flagdata_suite.time_flagdata_list": 1629897927833, "casademo.flagdata_suite.time_flagdata_list_summary": 1629897994950, "casademo.flagdata_suite.time_flagdata_summary": 1629898061451, "casademo.tclean_memory_suite.peakmem_tclean_setweighting": 1629898366228}, "benchmark_version": {"casademo.calibration_suite.time_applycal_callib": "9ef394762fe7135f58c94c0e46a655fae93e7d107904ceff94d228f23b89a589", "casademo.calibration_suite.time_bandpass": "f706aa044f6bc64b915996b7bdd6bc5666cae0eb7c47ff9a70b5bced6c9fbd0c", "casademo.calibration_suite.time_gaincal": "56f8a9022caccdafe4240fb9a2766b2d5d56cc1c784bd724822d3b040f5b5309", "casademo.flagdata_suite.time_flagdata_bandpassflag": "f55e0ffa6be9d655555c5081a0e7bf2bc00b253273ba7c220de0bd2cfb3baf6c", "casademo.flagdata_suite.time_flagdata_list": "1a40b66ffb4a43d48af3407bae817ed4f7667fe778880859384f5f2e7c9c5d1f", "casademo.flagdata_suite.time_flagdata_list_summary": "3eb284062687484026a1defb4fceb705e83b244e37405f8794d431940ff44b08", "casademo.flagdata_suite.time_flagdata_summary": "9e569fb4e2a2f68e59c510bbf889632173be867104a4e5ba5a98d0eb110e82fb", "casademo.tclean_memory_suite.peakmem_tclean_setweighting": "b08240b9d9211ba7e2ce323aae697e4b25deb8a6db4c5e2e48519cedc4707769"}, "version": 1}
