{"results": {"casademo.calibration_suite.time_applycal_callib": {"result": [39.815257619833574], "stats": [{"ci_99": [-603.7520459832158, 683.3825612228824], "q_25": 33.37958458380308, "q_75": 46.25093065586407, "min": 26.943911547772586, "max": 52.68660369189456, "mean": 39.815257619833574, "std": 12.871346072060987, "repeat": 2, "number": 2}]}, "casademo.calibration_suite.time_bandpass": {"result": [24.979094402166083], "stats": [{"ci_99": [-4.866621645400301, 54.82481044973244], "q_25": 24.68063724169042, "q_75": 25.277551562641747, "min": 24.382180081214756, "max": 25.57600872311741, "mean": 24.979094402166083, "std": 0.5969143209513277, "repeat": 2, "number": 2}]}, "casademo.calibration_suite.time_gaincal": {"result": [50.378395579289645], "stats": [{"ci_99": [30.050013339612633, 70.70677781896664], "q_25": 50.175111756892875, "q_75": 50.581679401686415, "min": 49.971827934496105, "max": 50.784963224083185, "mean": 50.378395579289645, "std": 0.40656764479354024, "repeat": 2, "number": 2}]}, "casademo.flagdata_suite.time_flagdata_bandpassflag": {"result": [5.60584172536619], "stats": [{"ci_99": [4.8889560454990715, 6.322727405233308], "q_25": 5.598672868567519, "q_75": 5.613010582164861, "min": 5.591504011768848, "max": 5.6201794389635324, "mean": 5.60584172536619, "std": 0.014337713597342372, "repeat": 2, "number": 2}]}, "casademo.flagdata_suite.time_flagdata_list": {"result": [106.01755385403521], "stats": [{"ci_99": [101.62172239623033, 110.4133853118401], "q_25": 105.97359553945716, "q_75": 106.06151216861326, "min": 105.92963722487912, "max": 106.10547048319131, "mean": 106.01755385403521, "std": 0.08791662915609777, "repeat": 2, "number": 2}]}, "casademo.flagdata_suite.time_flagdata_list_summary": {"result": [7.784948949469253], "stats": [{"ci_99": [6.459075256483629, 9.110822642454876], "q_25": 7.771690212539397, "q_75": 7.79820768639911, "min": 7.758431475609541, "max": 7.811466423328966, "mean": 7.784948949469253, "std": 0.02651747385971248, "repeat": 2, "number": 2}]}, "casademo.flagdata_suite.time_flagdata_summary": {"result": [7.480092506622896], "stats": [{"ci_99": [6.845288313226774, 8.114896700019017], "q_25": 7.473744464688934, "q_75": 7.486440548556857, "min": 7.467396422754973, "max": 7.492788590490818, "mean": 7.480092506622896, "std": 0.012696083867922425, "repeat": 2, "number": 2}]}, "casademo.tclean_memory_suite.peakmem_tclean_setweighting": 1864855552}, "params": {"arch": "x86_64", "cpu": "Intel(R) Xeon(R) CPU E5-1660 v4 @ 3.20GHz", "machine": "NRAO workstation", "num_cpu": "16", "os": "Linux 3.10.0-1160.15.2.el7.x86_64", "ram": "32GB", "python": "3.6", "pip+casatools": "6.2.0", "pip+casatasks": "6.2.0"}, "requirements": {"pip+casatools": "6.2.0", "pip+casatasks": "6.2.0"}, "commit_hash": "9aabf29b80280d67ec61f183820383f6d9baa1ad", "date": 1601323616000, "env_name": "virtualenv-py3.6-pip+casatasks6.2.0.33-pip+casatools6.2.0.33", "python": "3.6", "profiles": {}, "started_at": {"casademo.calibration_suite.time_applycal_callib": 1630455617611, "casademo.calibration_suite.time_bandpass": 1630455694705, "casademo.calibration_suite.time_gaincal": 1630455773351, "casademo.flagdata_suite.time_flagdata_bandpassflag": 1630455896911, "casademo.flagdata_suite.time_flagdata_list": 1630455908141, "casademo.flagdata_suite.time_flagdata_list_summary": 1630456120066, "casademo.flagdata_suite.time_flagdata_summary": 1630456135657, "casademo.tclean_memory_suite.peakmem_tclean_setweighting": 1630456150695}, "ended_at": {"casademo.calibration_suite.time_applycal_callib": 1630455694705, "casademo.calibration_suite.time_bandpass": 1630455773351, "casademo.calibration_suite.time_gaincal": 1630455896904, "casademo.flagdata_suite.time_flagdata_bandpassflag": 1630455908141, "casademo.flagdata_suite.time_flagdata_list": 1630456120066, "casademo.flagdata_suite.time_flagdata_list_summary": 1630456135656, "casademo.flagdata_suite.time_flagdata_summary": 1630456150695, "casademo.tclean_memory_suite.peakmem_tclean_setweighting": 1630456447978}, "benchmark_version": {"casademo.calibration_suite.time_applycal_callib": "1f6437b2270507d06f2c91c35b12dce1187d02851c4b0d0c872bbcfda3e5c4f6", "casademo.calibration_suite.time_bandpass": "a69d32cd1360ece09039f1051989506a7673f5a708021e87c81e0936374d64ce", "casademo.calibration_suite.time_gaincal": "70a393fa53b72183c406b9cc585dca7828b9b8d585b8077a80e0946ee81ebeb0", "casademo.flagdata_suite.time_flagdata_bandpassflag": "6bc01de4a73ffea44f2190b51350292cc1e1256989be0f26cc4ec77341df934a", "casademo.flagdata_suite.time_flagdata_list": "f4d15370d3c2c0c746d0c9c28b87ee190865ebfa9e210cc5773201bea0df7bf9", "casademo.flagdata_suite.time_flagdata_list_summary": "58e4c1cc3e1c3c5f723c910c861bad52078405a7026f0321526fad1a15b04ee3", "casademo.flagdata_suite.time_flagdata_summary": "7d302987a4e4e75e43325fd83f2c968688e4b8a56a6476db46a4fcc0bc003e95", "casademo.tclean_memory_suite.peakmem_tclean_setweighting": "3fb5214d1e8e5bf8170efbe8114cd88b0e1e51db87c955bc588eb95ba91e4f71"}, "version": 1}
