{"results": {"casademo.calibration_suite.time_applycal_callib": {"result": [37.30928197782487], "stats": [{"ci_99": [-455.7529290365055, 530.3714929921548], "q_25": 32.37865986768156, "q_75": 42.23990408796817, "min": 27.44803775753826, "max": 47.170526198111475, "mean": 37.30928197782487, "std": 9.861244220286608, "repeat": 2, "number": 2}]}, "casademo.calibration_suite.time_bandpass": {"result": [24.9281919375062], "stats": [{"ci_99": [6.4578393753618, 43.39854449965058], "q_25": 24.743488411884755, "q_75": 25.112895463127643, "min": 24.55878488626331, "max": 25.297598988749087, "mean": 24.9281919375062, "std": 0.369407051242888, "repeat": 2, "number": 2}]}, "casademo.calibration_suite.time_gaincal": {"result": [51.00124188209884], "stats": [{"ci_99": [43.628703707130626, 58.373780057067044], "q_25": 50.92751650034916, "q_75": 51.07496726384852, "min": 50.853791118599474, "max": 51.1486926455982, "mean": 51.00124188209884, "std": 0.14745076349936426, "repeat": 2, "number": 2}]}, "casademo.flagdata_suite.time_flagdata_bandpassflag": {"result": [5.526122841285542], "stats": [{"ci_99": [4.805222485912964, 6.247023196658119], "q_25": 5.518913837731816, "q_75": 5.533331844839267, "min": 5.51170483417809, "max": 5.540540848392993, "mean": 5.526122841285542, "std": 0.014418007107451558, "repeat": 2, "number": 2}]}, "casademo.flagdata_suite.time_flagdata_list": {"result": [104.98390564718284], "stats": [{"ci_99": [100.6898774325382, 109.27793386182748], "q_25": 104.94096536503639, "q_75": 105.02684592932928, "min": 104.89802508288994, "max": 105.06978621147573, "mean": 104.98390564718284, "std": 0.08588056429289281, "repeat": 2, "number": 2}]}, "casademo.flagdata_suite.time_flagdata_list_summary": {"result": [7.745766510954127], "stats": [{"ci_99": [7.590506108710542, 7.901026913197711], "q_25": 7.744213906931691, "q_75": 7.747319114976563, "min": 7.742661302909255, "max": 7.748871718998998, "mean": 7.745766510954127, "std": 0.003105208044871688, "repeat": 2, "number": 2}]}, "casademo.flagdata_suite.time_flagdata_summary": {"result": [7.414500458864495], "stats": [{"ci_99": [7.079571121605113, 7.749429796123877], "q_25": 7.411151165491901, "q_75": 7.417849752237089, "min": 7.4078018721193075, "max": 7.421199045609683, "mean": 7.414500458864495, "std": 0.00669858674518764, "repeat": 2, "number": 2}]}, "casademo.tclean_memory_suite.peakmem_tclean_setweighting": 1864863744}, "params": {"arch": "x86_64", "cpu": "Intel(R) Xeon(R) CPU E5-1660 v4 @ 3.20GHz", "machine": "NRAO workstation", "num_cpu": "16", "os": "Linux 3.10.0-1160.15.2.el7.x86_64", "ram": "32GB", "python": "3.6", "pip+casatools": "trunk", "pip+casatasks": "trunk"}, "requirements": {"pip+casatools": "trunk", "pip+casatasks": "trunk"}, "commit_hash": "9aabf29b80280d67ec61f183820383f6d9baa1ad", "date": 1601323616000, "env_name": "virtualenv-py3.6-pip+casatasks-trunk-pip+casatools-trunk", "python": "3.6", "profiles": {}, "started_at": {"casademo.calibration_suite.time_applycal_callib": 1630603062307, "casademo.calibration_suite.time_bandpass": 1630603140903, "casademo.calibration_suite.time_gaincal": 1630603216542, "casademo.flagdata_suite.time_flagdata_bandpassflag": 1630603340157, "casademo.flagdata_suite.time_flagdata_list": 1630603351287, "casademo.flagdata_suite.time_flagdata_list_summary": 1630603561501, "casademo.flagdata_suite.time_flagdata_summary": 1630603577084, "casademo.tclean_memory_suite.peakmem_tclean_setweighting": 1630603591972}, "ended_at": {"casademo.calibration_suite.time_applycal_callib": 1630603140903, "casademo.calibration_suite.time_bandpass": 1630603216542, "casademo.calibration_suite.time_gaincal": 1630603340150, "casademo.flagdata_suite.time_flagdata_bandpassflag": 1630603351287, "casademo.flagdata_suite.time_flagdata_list": 1630603561501, "casademo.flagdata_suite.time_flagdata_list_summary": 1630603577084, "casademo.flagdata_suite.time_flagdata_summary": 1630603591972, "casademo.tclean_memory_suite.peakmem_tclean_setweighting": 1630603886057}, "benchmark_version": {"casademo.calibration_suite.time_applycal_callib": "9ef394762fe7135f58c94c0e46a655fae93e7d107904ceff94d228f23b89a589", "casademo.calibration_suite.time_bandpass": "f706aa044f6bc64b915996b7bdd6bc5666cae0eb7c47ff9a70b5bced6c9fbd0c", "casademo.calibration_suite.time_gaincal": "56f8a9022caccdafe4240fb9a2766b2d5d56cc1c784bd724822d3b040f5b5309", "casademo.flagdata_suite.time_flagdata_bandpassflag": "f55e0ffa6be9d655555c5081a0e7bf2bc00b253273ba7c220de0bd2cfb3baf6c", "casademo.flagdata_suite.time_flagdata_list": "1a40b66ffb4a43d48af3407bae817ed4f7667fe778880859384f5f2e7c9c5d1f", "casademo.flagdata_suite.time_flagdata_list_summary": "3eb284062687484026a1defb4fceb705e83b244e37405f8794d431940ff44b08", "casademo.flagdata_suite.time_flagdata_summary": "9e569fb4e2a2f68e59c510bbf889632173be867104a4e5ba5a98d0eb110e82fb", "casademo.tclean_memory_suite.peakmem_tclean_setweighting": "b08240b9d9211ba7e2ce323aae697e4b25deb8a6db4c5e2e48519cedc4707769"}, "version": 1}
