{"results": {"casademo.tclean_memory_suite.peakmem_tclean_setweighting": 2154643456, "casademo.calibration_suite.time_applycal_callib": {"result": [37.02469648607075], "stats": [{"ci_99": [-494.69287249911577, 568.7422654712568], "q_25": 31.707520796218887, "q_75": 42.34187217592262, "min": 26.390345106367022, "max": 47.65904786577448, "mean": 37.02469648607075, "std": 10.63435137970373, "repeat": 2, "number": 2}]}, "casademo.calibration_suite.time_bandpass": {"result": [25.486440485576168], "stats": [{"ci_99": [16.864275752333924, 34.108605218818404], "q_25": 25.400218838243745, "q_75": 25.57266213290859, "min": 25.313997190911323, "max": 25.658883780241013, "mean": 25.486440485576168, "std": 0.17244329466484487, "repeat": 2, "number": 2}]}, "casademo.calibration_suite.time_gaincal": {"result": [51.691530749667436], "stats": [{"ci_99": [44.43660151446238, 58.94645998487248], "q_25": 51.618981457315385, "q_75": 51.764080042019486, "min": 51.546432164963335, "max": 51.83662933437154, "mean": 51.691530749667436, "std": 0.14509858470410109, "repeat": 2, "number": 2}]}, "casademo.flagdata_suite.time_flagdata_bandpassflag": {"result": [32.148832590086386], "stats": [{"ci_99": [28.039624781580642, 36.25804039859213], "q_25": 32.10774051200133, "q_75": 32.18992466817144, "min": 32.06664843391627, "max": 32.2310167462565, "mean": 32.148832590086386, "std": 0.08218415617011487, "repeat": 2, "number": 2}]}, "casademo.flagdata_suite.time_flagdata_list": {"result": [136.49774233438075], "stats": [{"ci_99": [135.62993242032826, 137.36555224843323], "q_25": 136.48906423524022, "q_75": 136.50642043352127, "min": 136.4803861360997, "max": 136.5150985326618, "mean": 136.49774233438075, "std": 0.01735619828104973, "repeat": 2, "number": 2}]}, "casademo.flagdata_suite.time_flagdata_list_summary": {"result": [34.42520456737839], "stats": [{"ci_99": [14.941945840837434, 53.908463293919326], "q_25": 34.23037198011298, "q_75": 34.620037154643796, "min": 34.03553939284757, "max": 34.814869741909206, "mean": 34.42520456737839, "std": 0.38966517453081906, "repeat": 2, "number": 2}]}, "casademo.flagdata_suite.time_flagdata_summary": {"result": [33.7326992074959], "stats": [{"ci_99": [-3.8481135382317007, 71.31351195322347], "q_25": 33.35689108003862, "q_75": 34.108507334953174, "min": 32.981082952581346, "max": 34.48431546241045, "mean": 33.7326992074959, "std": 0.751616254914552, "repeat": 2, "number": 2}]}}, "params": {"arch": "x86_64", "cpu": "Intel(R) Xeon(R) CPU E5-1660 v4 @ 3.20GHz", "machine": "NRAO workstation", "num_cpu": "16", "os": "Linux 3.10.0-1160.15.2.el7.x86_64", "ram": "32GB", "python": "3.6", "pip+casatools": "6.3.0", "pip+casatasks": "6.3.0"}, "requirements": {"pip+casatools": "6.3.0", "pip+casatasks": "6.3.0"}, "commit_hash": "9aece7f892e4555194e52cd778d2c63ad45f6cb9", "date": 1620652608000, "env_name": "virtualenv-py3.6-pip+casatasks6.3.0.3-pip+casatools6.3.0.3", "python": "3.6", "profiles": {}, "started_at": {"casademo.tclean_memory_suite.peakmem_tclean_setweighting": 1629829938082, "casademo.calibration_suite.time_applycal_callib": 1629829139661, "casademo.calibration_suite.time_bandpass": 1629829263016, "casademo.calibration_suite.time_gaincal": 1629829337899, "casademo.flagdata_suite.time_flagdata_bandpassflag": 1629829462061, "casademo.flagdata_suite.time_flagdata_list": 1629829526258, "casademo.flagdata_suite.time_flagdata_list_summary": 1629829799366, "casademo.flagdata_suite.time_flagdata_summary": 1629829869075}, "ended_at": {"casademo.tclean_memory_suite.peakmem_tclean_setweighting": 1629830122999, "casademo.calibration_suite.time_applycal_callib": 1629829263016, "casademo.calibration_suite.time_bandpass": 1629829337898, "casademo.calibration_suite.time_gaincal": 1629829462054, "casademo.flagdata_suite.time_flagdata_bandpassflag": 1629829526257, "casademo.flagdata_suite.time_flagdata_list": 1629829799365, "casademo.flagdata_suite.time_flagdata_list_summary": 1629829869074, "casademo.flagdata_suite.time_flagdata_summary": 1629829938081}, "benchmark_version": {"casademo.calibration_suite.time_applycal_callib": "9ef394762fe7135f58c94c0e46a655fae93e7d107904ceff94d228f23b89a589", "casademo.calibration_suite.time_bandpass": "f706aa044f6bc64b915996b7bdd6bc5666cae0eb7c47ff9a70b5bced6c9fbd0c", "casademo.calibration_suite.time_gaincal": "56f8a9022caccdafe4240fb9a2766b2d5d56cc1c784bd724822d3b040f5b5309", "casademo.flagdata_suite.time_flagdata_bandpassflag": "f55e0ffa6be9d655555c5081a0e7bf2bc00b253273ba7c220de0bd2cfb3baf6c", "casademo.flagdata_suite.time_flagdata_list": "1a40b66ffb4a43d48af3407bae817ed4f7667fe778880859384f5f2e7c9c5d1f", "casademo.flagdata_suite.time_flagdata_list_summary": "3eb284062687484026a1defb4fceb705e83b244e37405f8794d431940ff44b08", "casademo.flagdata_suite.time_flagdata_summary": "9e569fb4e2a2f68e59c510bbf889632173be867104a4e5ba5a98d0eb110e82fb", "casademo.tclean_memory_suite.peakmem_tclean_setweighting": "b08240b9d9211ba7e2ce323aae697e4b25deb8a6db4c5e2e48519cedc4707769"}, "version": 1}
