{"results": {"casademo.calibration_suite.time_applycal_callib": {"result": [39.70184898329899], "stats": [{"ci_99": [-513.4218971538357, 592.8255951204333], "q_25": 34.17061152192764, "q_75": 45.233086444670334, "min": 28.639374060556293, "max": 50.76432390604168, "mean": 39.70184898329899, "std": 11.062474922742695, "repeat": 2, "number": 2}]}, "casademo.calibration_suite.time_bandpass": {"result": [50.300768540240824], "stats": [{"ci_99": [25.883283010683954, 74.71825406979767], "q_25": 50.056593684945256, "q_75": 50.54494339553639, "min": 49.81241882964969, "max": 50.78911825083196, "mean": 50.300768540240824, "std": 0.4883497105911374, "repeat": 2, "number": 2}]}, "casademo.calibration_suite.time_gaincal": {"result": [50.54002444120124], "stats": [{"ci_99": [32.03147901548073, 69.04856986692174], "q_25": 50.354938986944035, "q_75": 50.725109895458445, "min": 50.16985353268683, "max": 50.91019534971565, "mean": 50.54002444120124, "std": 0.37017090851441026, "repeat": 2, "number": 2}]}, "casademo.flagdata_suite.time_flagdata_bandpassflag": {"result": [9.17046669172123], "stats": [{"ci_99": [4.573073803912848, 13.76785957952961], "q_25": 9.124492762843147, "q_75": 9.216440620599315, "min": 9.078518833965063, "max": 9.262414549477398, "mean": 9.17046669172123, "std": 0.09194785775616765, "repeat": 2, "number": 2}]}, "casademo.flagdata_suite.time_flagdata_list": {"result": [112.58706984156743], "stats": [{"ci_99": [105.47065977519378, 119.70347990794107], "q_25": 112.51590574090369, "q_75": 112.65823394223116, "min": 112.44474164023995, "max": 112.7293980428949, "mean": 112.58706984156743, "std": 0.14232820132747293, "repeat": 2, "number": 2}]}, "casademo.flagdata_suite.time_flagdata_list_summary": {"result": [11.991806604899466], "stats": [{"ci_99": [11.124868595041335, 12.858744614757597], "q_25": 11.983137224800885, "q_75": 12.000475984998047, "min": 11.974467844702303, "max": 12.009145365096629, "mean": 11.991806604899466, "std": 0.017338760197162628, "repeat": 2, "number": 2}]}, "casademo.flagdata_suite.time_flagdata_summary": {"result": [11.7274738997221], "stats": [{"ci_99": [10.475622085854411, 12.979325713589786], "q_25": 11.714955381583422, "q_75": 11.739992417860776, "min": 11.702436863444746, "max": 11.752510935999453, "mean": 11.7274738997221, "std": 0.025037036277353764, "repeat": 2, "number": 2}]}, "casademo.tclean_memory_suite.peakmem_tclean_setweighting": 1961197568, "casademo.tclean_memory_suite.track_tclean_file_descriptors_cubemode_mosaic_briggs": 128}, "params": {"arch": "x86_64", "cpu": "Intel(R) Xeon(R) CPU E5-1660 v4 @ 3.20GHz", "machine": "NRAO workstation", "num_cpu": "16", "os": "Linux 3.10.0-1160.15.2.el7.x86_64", "ram": "32GB", "python": "3.6", "pip+casatasks": "trunk"}, "requirements": {"pip+casatasks": "trunk"}, "commit_hash": "9eb12129dce6ef135c39fc87a32e352df6e0b95b", "date": 1633114305000, "env_name": "virtualenv-py3.6-pip+casatasks-trunk", "python": "3.6", "profiles": {}, "started_at": {"casademo.calibration_suite.time_applycal_callib": 1637177126341, "casademo.calibration_suite.time_bandpass": 1637177252254, "casademo.calibration_suite.time_gaincal": 1637177378063, "casademo.flagdata_suite.time_flagdata_bandpassflag": 1637177504584, "casademo.flagdata_suite.time_flagdata_list": 1637177522780, "casademo.flagdata_suite.time_flagdata_list_summary": 1637177747733, "casademo.flagdata_suite.time_flagdata_summary": 1637177771792, "casademo.tclean_memory_suite.peakmem_tclean_setweighting": 1637177795250, "casademo.tclean_memory_suite.track_tclean_file_descriptors_cubemode_mosaic_briggs": 1637177972952}, "ended_at": {"casademo.calibration_suite.time_applycal_callib": 1637177252254, "casademo.calibration_suite.time_bandpass": 1637177378063, "casademo.calibration_suite.time_gaincal": 1637177504576, "casademo.flagdata_suite.time_flagdata_bandpassflag": 1637177522779, "casademo.flagdata_suite.time_flagdata_list": 1637177747733, "casademo.flagdata_suite.time_flagdata_list_summary": 1637177771792, "casademo.flagdata_suite.time_flagdata_summary": 1637177795249, "casademo.tclean_memory_suite.peakmem_tclean_setweighting": 1637177972952, "casademo.tclean_memory_suite.track_tclean_file_descriptors_cubemode_mosaic_briggs": 1637178145844}, "benchmark_version": {"casademo.calibration_suite.time_applycal_callib": "9ef394762fe7135f58c94c0e46a655fae93e7d107904ceff94d228f23b89a589", "casademo.calibration_suite.time_bandpass": "f706aa044f6bc64b915996b7bdd6bc5666cae0eb7c47ff9a70b5bced6c9fbd0c", "casademo.calibration_suite.time_gaincal": "56f8a9022caccdafe4240fb9a2766b2d5d56cc1c784bd724822d3b040f5b5309", "casademo.flagdata_suite.time_flagdata_bandpassflag": "f55e0ffa6be9d655555c5081a0e7bf2bc00b253273ba7c220de0bd2cfb3baf6c", "casademo.flagdata_suite.time_flagdata_list": "1a40b66ffb4a43d48af3407bae817ed4f7667fe778880859384f5f2e7c9c5d1f", "casademo.flagdata_suite.time_flagdata_list_summary": "3eb284062687484026a1defb4fceb705e83b244e37405f8794d431940ff44b08", "casademo.flagdata_suite.time_flagdata_summary": "9e569fb4e2a2f68e59c510bbf889632173be867104a4e5ba5a98d0eb110e82fb", "casademo.tclean_memory_suite.peakmem_tclean_setweighting": "c89589301c2c884b40375d00ec2f343d5ebdc195afbfc70ae2f149be692e8187", "casademo.tclean_memory_suite.track_tclean_file_descriptors_cubemode_mosaic_briggs": "e3aeb6edf33f78d2db6d58dfc61576924a9768f7a205164fcd839666bde1ae63"}, "version": 1}
