{"results": {"casademo.tclean_memory_suite.peakmem_tclean_setweighting": 1865281536, "casademo.calibration_suite.time_applycal_callib": {"result": [26.409982081037015], "stats": [{"ci_99": [-8.795132970903069, 61.61509713297707], "q_25": 26.057930930517614, "q_75": 26.762033231556416, "min": 25.705879779998213, "max": 27.114084382075816, "mean": 26.409982081037015, "std": 0.7041023010388017, "repeat": 2, "number": 2}]}, "casademo.calibration_suite.time_bandpass": {"result": [25.41966750076972], "stats": [{"ci_99": [13.747985856840387, 37.09134914469904], "q_25": 25.302950684330426, "q_75": 25.536384317209013, "min": 25.186233867891133, "max": 25.653101133648306, "mean": 25.41966750076972, "std": 0.23343363287858665, "repeat": 2, "number": 2}]}, "casademo.calibration_suite.time_gaincal": {"result": [50.91436278983019], "stats": [{"ci_99": [49.13962325756438, 52.689102322096005], "q_25": 50.896615394507535, "q_75": 50.93211018515285, "min": 50.87886799918488, "max": 50.94985758047551, "mean": 50.91436278983019, "std": 0.03549479064531624, "repeat": 2, "number": 2}]}, "casademo.flagdata_suite.time_flagdata_bandpassflag": {"result": [30.970718780066818], "stats": [{"ci_99": [29.520244056824595, 32.42119350330904], "q_25": 30.956214032834396, "q_75": 30.98522352729924, "min": 30.941709285601974, "max": 30.999728274531662, "mean": 30.970718780066818, "std": 0.029009494464844465, "repeat": 2, "number": 2}]}, "casademo.flagdata_suite.time_flagdata_list": {"result": [133.8324136994779], "stats": [{"ci_99": [130.84395138639957, 136.82087601255625], "q_25": 133.80252907634713, "q_75": 133.8622983226087, "min": 133.77264445321634, "max": 133.89218294573948, "mean": 133.8324136994779, "std": 0.05976924626156688, "repeat": 2, "number": 2}]}, "casademo.flagdata_suite.time_flagdata_list_summary": {"result": [33.31957850139588], "stats": [{"ci_99": [13.94752312451601, 52.69163387827574], "q_25": 33.12585794762708, "q_75": 33.51329905516468, "min": 32.932137393858284, "max": 33.70701960893348, "mean": 33.31957850139588, "std": 0.3874411075375974, "repeat": 2, "number": 2}]}, "casademo.flagdata_suite.time_flagdata_summary": {"result": [32.64592264476232], "stats": [{"ci_99": [-5.343653364805505, 70.63549865433012], "q_25": 32.266026884666644, "q_75": 33.025818404858, "min": 31.886131124570966, "max": 33.40571416495368, "mean": 32.64592264476232, "std": 0.7597915201913565, "repeat": 2, "number": 2}]}}, "params": {"arch": "x86_64", "cpu": "Intel(R) Xeon(R) CPU E5-1660 v4 @ 3.20GHz", "machine": "NRAO workstation", "num_cpu": "16", "os": "Linux 3.10.0-1160.15.2.el7.x86_64", "ram": "32GB", "python": "3.6", "pip+casatools": "trunk", "pip+casatasks": "trunk"}, "requirements": {"pip+casatools": "trunk", "pip+casatasks": "trunk"}, "commit_hash": "a0a48e8f212390fefccd108398e55dd90a8b3add", "date": 1606938274000, "env_name": "virtualenv-py3.6-pip+casatasks-trunk-pip+casatools-trunk", "python": "3.6", "profiles": {}, "started_at": {"casademo.tclean_memory_suite.peakmem_tclean_setweighting": 1629857946123, "casademo.calibration_suite.time_applycal_callib": 1629857210443, "casademo.calibration_suite.time_bandpass": 1629857286937, "casademo.calibration_suite.time_gaincal": 1629857363331, "casademo.flagdata_suite.time_flagdata_bandpassflag": 1629857486485, "casademo.flagdata_suite.time_flagdata_list": 1629857548549, "casademo.flagdata_suite.time_flagdata_list_summary": 1629857816375, "casademo.flagdata_suite.time_flagdata_summary": 1629857882276}, "ended_at": {"casademo.tclean_memory_suite.peakmem_tclean_setweighting": 1629858254950, "casademo.calibration_suite.time_applycal_callib": 1629857286937, "casademo.calibration_suite.time_bandpass": 1629857363330, "casademo.calibration_suite.time_gaincal": 1629857486477, "casademo.flagdata_suite.time_flagdata_bandpassflag": 1629857548548, "casademo.flagdata_suite.time_flagdata_list": 1629857816375, "casademo.flagdata_suite.time_flagdata_list_summary": 1629857882276, "casademo.flagdata_suite.time_flagdata_summary": 1629857946123}, "benchmark_version": {"casademo.calibration_suite.time_applycal_callib": "9ef394762fe7135f58c94c0e46a655fae93e7d107904ceff94d228f23b89a589", "casademo.calibration_suite.time_bandpass": "f706aa044f6bc64b915996b7bdd6bc5666cae0eb7c47ff9a70b5bced6c9fbd0c", "casademo.calibration_suite.time_gaincal": "56f8a9022caccdafe4240fb9a2766b2d5d56cc1c784bd724822d3b040f5b5309", "casademo.flagdata_suite.time_flagdata_bandpassflag": "f55e0ffa6be9d655555c5081a0e7bf2bc00b253273ba7c220de0bd2cfb3baf6c", "casademo.flagdata_suite.time_flagdata_list": "1a40b66ffb4a43d48af3407bae817ed4f7667fe778880859384f5f2e7c9c5d1f", "casademo.flagdata_suite.time_flagdata_list_summary": "3eb284062687484026a1defb4fceb705e83b244e37405f8794d431940ff44b08", "casademo.flagdata_suite.time_flagdata_summary": "9e569fb4e2a2f68e59c510bbf889632173be867104a4e5ba5a98d0eb110e82fb", "casademo.tclean_memory_suite.peakmem_tclean_setweighting": "b08240b9d9211ba7e2ce323aae697e4b25deb8a6db4c5e2e48519cedc4707769"}, "version": 1}
