{"results": {"casademo.tclean_memory_suite.peakmem_tclean_setweighting": 1865281536, "casademo.calibration_suite.time_applycal_callib": {"result": [26.409982081037015], "stats": [{"ci_99": [-8.795132970903069, 61.61509713297707], "q_25": 26.057930930517614, "q_75": 26.762033231556416, "min": 25.705879779998213, "max": 27.114084382075816, "mean": 26.409982081037015, "std": 0.7041023010388017, "repeat": 2, "number": 2}]}, "casademo.calibration_suite.time_bandpass": {"result": [25.41966750076972], "stats": [{"ci_99": [13.747985856840387, 37.09134914469904], "q_25": 25.302950684330426, "q_75": 25.536384317209013, "min": 25.186233867891133, "max": 25.653101133648306, "mean": 25.41966750076972, "std": 0.23343363287858665, "repeat": 2, "number": 2}]}, "casademo.calibration_suite.time_gaincal": {"result": [50.91436278983019], "stats": [{"ci_99": [49.13962325756438, 52.689102322096005], "q_25": 50.896615394507535, "q_75": 50.93211018515285, "min": 50.87886799918488, "max": 50.94985758047551, "mean": 50.91436278983019, "std": 0.03549479064531624, "repeat": 2, "number": 2}]}, "casademo.flagdata_suite.time_flagdata_bandpassflag": {"result": [30.970718780066818], "stats": [{"ci_99": [29.520244056824595, 32.42119350330904], "q_25": 30.956214032834396, "q_75": 30.98522352729924, "min": 30.941709285601974, "max": 30.999728274531662, "mean": 30.970718780066818, "std": 0.029009494464844465, "repeat": 2, "number": 2}]}, "casademo.flagdata_suite.time_flagdata_list": {"result": [133.8324136994779], "stats": [{"ci_99": [130.84395138639957, 136.82087601255625], "q_25": 133.80252907634713, "q_75": 133.8622983226087, "min": 133.77264445321634, "max": 133.89218294573948, "mean": 133.8324136994779, "std": 0.05976924626156688, "repeat": 2, "number": 2}]}, "casademo.flagdata_suite.time_flagdata_list_summary": {"result": [33.31957850139588], "stats": [{"ci_99": [13.94752312451601, 52.69163387827574], "q_25": 33.12585794762708, "q_75": 33.51329905516468, "min": 32.932137393858284, "max": 33.70701960893348, "mean": 33.31957850139588, "std": 0.3874411075375974, "repeat": 2, "number": 2}]}, "casademo.flagdata_suite.time_flagdata_summary": {"result": [32.64592264476232], "stats": [{"ci_99": [-5.343653364805505, 70.63549865433012], "q_25": 32.266026884666644, "q_75": 33.025818404858, "min": 31.886131124570966, "max": 33.40571416495368, "mean": 32.64592264476232, "std": 0.7597915201913565, "repeat": 2, "number": 2}]}}, "params": {"arch": "x86_64", "cpu": "Intel(R) Xeon(R) CPU E5-1660 v4 @ 3.20GHz", "machine": "NRAO workstation", "num_cpu": "16", "os": "Linux 3.10.0-1160.15.2.el7.x86_64", "ram": "32GB", "python": "3.6", "pip+casatools": "6.2.0", "pip+casatasks": "6.2.0"}, "requirements": {"pip+casatools": "6.2.0", "pip+casatasks": "6.2.0"}, "commit_hash": "a0a48e8f212390fefccd108398e55dd90a8b3add", "date": 1606938274000, "env_name": "virtualenv-py3.6-pip+casatasks6.2.0.55-pip+casatools6.2.0.55", "python": "3.6", "profiles": {}, "started_at": {"casademo.tclean_memory_suite.peakmem_tclean_setweighting": 1629857946123, "casademo.calibration_suite.time_applycal_callib": 1629857210443, "casademo.calibration_suite.time_bandpass": 1629857286937, "casademo.calibration_suite.time_gaincal": 1629857363331, "casademo.flagdata_suite.time_flagdata_bandpassflag": 1629857486485, "casademo.flagdata_suite.time_flagdata_list": 1629857548549, "casademo.flagdata_suite.time_flagdata_list_summary": 1629857816375, "casademo.flagdata_suite.time_flagdata_summary": 1629857882276}, "ended_at": {"casademo.tclean_memory_suite.peakmem_tclean_setweighting": 1629858254950, "casademo.calibration_suite.time_applycal_callib": 1629857286937, "casademo.calibration_suite.time_bandpass": 1629857363330, "casademo.calibration_suite.time_gaincal": 1629857486477, "casademo.flagdata_suite.time_flagdata_bandpassflag": 1629857548548, "casademo.flagdata_suite.time_flagdata_list": 1629857816375, "casademo.flagdata_suite.time_flagdata_list_summary": 1629857882276, "casademo.flagdata_suite.time_flagdata_summary": 1629857946123}, "benchmark_version": {"casademo.tclean_memory_suite.peakmem_tclean_setweighting": "3fb5214d1e8e5bf8170efbe8114cd88b0e1e51db87c955bc588eb95ba91e4f71", "casademo.calibration_suite.time_applycal_callib": "1f6437b2270507d06f2c91c35b12dce1187d02851c4b0d0c872bbcfda3e5c4f6", "casademo.calibration_suite.time_bandpass": "a69d32cd1360ece09039f1051989506a7673f5a708021e87c81e0936374d64ce", "casademo.calibration_suite.time_gaincal": "70a393fa53b72183c406b9cc585dca7828b9b8d585b8077a80e0946ee81ebeb0", "casademo.flagdata_suite.time_flagdata_bandpassflag": "6bc01de4a73ffea44f2190b51350292cc1e1256989be0f26cc4ec77341df934a", "casademo.flagdata_suite.time_flagdata_list": "f4d15370d3c2c0c746d0c9c28b87ee190865ebfa9e210cc5773201bea0df7bf9", "casademo.flagdata_suite.time_flagdata_list_summary": "58e4c1cc3e1c3c5f723c910c861bad52078405a7026f0321526fad1a15b04ee3", "casademo.flagdata_suite.time_flagdata_summary": "7d302987a4e4e75e43325fd83f2c968688e4b8a56a6476db46a4fcc0bc003e95"}, "version": 1}
