{"results": {"casademo.calibration_suite.time_applycal_callib": {"result": [26.300204451894388], "stats": [{"ci_99": [17.90530140255578, 34.69510750123299], "q_25": 26.216255421401, "q_75": 26.384153482387774, "min": 26.132306390907615, "max": 26.46810251288116, "mean": 26.300204451894388, "std": 0.16789806098677218, "repeat": 2, "number": 2}]}, "casademo.calibration_suite.time_bandpass": {"result": [25.099530899431556], "stats": [{"ci_99": [18.649494614917785, 31.54956718394532], "q_25": 25.03503053658642, "q_75": 25.164031262276694, "min": 24.97053017374128, "max": 25.228531625121832, "mean": 25.099530899431556, "std": 0.12900072569027543, "repeat": 2, "number": 2}]}, "casademo.calibration_suite.time_gaincal": {"result": [51.51097366493195], "stats": [{"ci_99": [13.444616337306798, 89.57733099255708], "q_25": 51.1303100916557, "q_75": 51.891637238208205, "min": 50.74964651837945, "max": 52.272300811484456, "mean": 51.51097366493195, "std": 0.7613271465525031, "repeat": 2, "number": 2}]}, "casademo.flagdata_suite.time_flagdata_bandpassflag": {"result": [31.490364811150357], "stats": [{"ci_99": [30.776746862800792, 32.20398275949992], "q_25": 31.48322863166686, "q_75": 31.497500990633853, "min": 31.476092452183366, "max": 31.50463717011735, "mean": 31.490364811150357, "std": 0.014272358966991305, "repeat": 2, "number": 2}]}, "casademo.flagdata_suite.time_flagdata_list": {"result": [133.8508822976146], "stats": [{"ci_99": [132.80810540518723, 134.89365919004194], "q_25": 133.84045452869032, "q_75": 133.86131006653886, "min": 133.83002675976604, "max": 133.87173783546314, "mean": 133.8508822976146, "std": 0.0208555378485471, "repeat": 2, "number": 2}]}, "casademo.flagdata_suite.time_flagdata_list_summary": {"result": [34.183502136031166], "stats": [{"ci_99": [31.934747306397185, 36.43225696566515], "q_25": 34.161014587734826, "q_75": 34.205989684327506, "min": 34.138527039438486, "max": 34.228477232623845, "mean": 34.183502136031166, "std": 0.04497509659267962, "repeat": 2, "number": 2}]}, "casademo.flagdata_suite.time_flagdata_summary": {"result": [33.1228059544228], "stats": [{"ci_99": [-7.405740435700864, 73.65135234454644], "q_25": 32.717520490521565, "q_75": 33.52809141832404, "min": 32.31223502662033, "max": 33.933376882225275, "mean": 33.1228059544228, "std": 0.8105709278024733, "repeat": 2, "number": 2}]}, "casademo.tclean_memory_suite.peakmem_tclean_setweighting": 2251980800}, "params": {"arch": "x86_64", "cpu": "Intel(R) Xeon(R) CPU E5-1660 v4 @ 3.20GHz", "machine": "NRAO workstation", "num_cpu": "16", "os": "Linux 3.10.0-1160.15.2.el7.x86_64", "ram": "32GB", "python": "3.6", "pip+casatools": "trunk", "pip+casatasks": "trunk"}, "requirements": {"pip+casatools": "trunk", "pip+casatasks": "trunk"}, "commit_hash": "a18740312469743d1b3fd76cde3a9afd67d30457", "date": 1618951419000, "env_name": "virtualenv-py3.6-pip+casatasks-trunk-pip+casatools-trunk", "python": "3.6", "profiles": {}, "started_at": {"casademo.calibration_suite.time_applycal_callib": 1629918585621, "casademo.calibration_suite.time_bandpass": 1629918660710, "casademo.calibration_suite.time_gaincal": 1629918737130, "casademo.flagdata_suite.time_flagdata_bandpassflag": 1629918861124, "casademo.flagdata_suite.time_flagdata_list": 1629918924187, "casademo.flagdata_suite.time_flagdata_list_summary": 1629919191931, "casademo.flagdata_suite.time_flagdata_summary": 1629919260454, "casademo.tclean_memory_suite.peakmem_tclean_setweighting": 1629919328357}, "ended_at": {"casademo.calibration_suite.time_applycal_callib": 1629918660709, "casademo.calibration_suite.time_bandpass": 1629918737130, "casademo.calibration_suite.time_gaincal": 1629918861121, "casademo.flagdata_suite.time_flagdata_bandpassflag": 1629918924187, "casademo.flagdata_suite.time_flagdata_list": 1629919191931, "casademo.flagdata_suite.time_flagdata_list_summary": 1629919260454, "casademo.flagdata_suite.time_flagdata_summary": 1629919328356, "casademo.tclean_memory_suite.peakmem_tclean_setweighting": 1629919510780}, "benchmark_version": {"casademo.calibration_suite.time_applycal_callib": "9ef394762fe7135f58c94c0e46a655fae93e7d107904ceff94d228f23b89a589", "casademo.calibration_suite.time_bandpass": "f706aa044f6bc64b915996b7bdd6bc5666cae0eb7c47ff9a70b5bced6c9fbd0c", "casademo.calibration_suite.time_gaincal": "56f8a9022caccdafe4240fb9a2766b2d5d56cc1c784bd724822d3b040f5b5309", "casademo.flagdata_suite.time_flagdata_bandpassflag": "f55e0ffa6be9d655555c5081a0e7bf2bc00b253273ba7c220de0bd2cfb3baf6c", "casademo.flagdata_suite.time_flagdata_list": "1a40b66ffb4a43d48af3407bae817ed4f7667fe778880859384f5f2e7c9c5d1f", "casademo.flagdata_suite.time_flagdata_list_summary": "3eb284062687484026a1defb4fceb705e83b244e37405f8794d431940ff44b08", "casademo.flagdata_suite.time_flagdata_summary": "9e569fb4e2a2f68e59c510bbf889632173be867104a4e5ba5a98d0eb110e82fb", "casademo.tclean_memory_suite.peakmem_tclean_setweighting": "b08240b9d9211ba7e2ce323aae697e4b25deb8a6db4c5e2e48519cedc4707769"}, "version": 1}
