{"results": {"casademo.calibration_suite.time_applycal_callib": {"result": [26.300204451894388], "stats": [{"ci_99": [17.90530140255578, 34.69510750123299], "q_25": 26.216255421401, "q_75": 26.384153482387774, "min": 26.132306390907615, "max": 26.46810251288116, "mean": 26.300204451894388, "std": 0.16789806098677218, "repeat": 2, "number": 2}]}, "casademo.calibration_suite.time_bandpass": {"result": [25.099530899431556], "stats": [{"ci_99": [18.649494614917785, 31.54956718394532], "q_25": 25.03503053658642, "q_75": 25.164031262276694, "min": 24.97053017374128, "max": 25.228531625121832, "mean": 25.099530899431556, "std": 0.12900072569027543, "repeat": 2, "number": 2}]}, "casademo.calibration_suite.time_gaincal": {"result": [51.51097366493195], "stats": [{"ci_99": [13.444616337306798, 89.57733099255708], "q_25": 51.1303100916557, "q_75": 51.891637238208205, "min": 50.74964651837945, "max": 52.272300811484456, "mean": 51.51097366493195, "std": 0.7613271465525031, "repeat": 2, "number": 2}]}, "casademo.flagdata_suite.time_flagdata_bandpassflag": {"result": [31.490364811150357], "stats": [{"ci_99": [30.776746862800792, 32.20398275949992], "q_25": 31.48322863166686, "q_75": 31.497500990633853, "min": 31.476092452183366, "max": 31.50463717011735, "mean": 31.490364811150357, "std": 0.014272358966991305, "repeat": 2, "number": 2}]}, "casademo.flagdata_suite.time_flagdata_list": {"result": [133.8508822976146], "stats": [{"ci_99": [132.80810540518723, 134.89365919004194], "q_25": 133.84045452869032, "q_75": 133.86131006653886, "min": 133.83002675976604, "max": 133.87173783546314, "mean": 133.8508822976146, "std": 0.0208555378485471, "repeat": 2, "number": 2}]}, "casademo.flagdata_suite.time_flagdata_list_summary": {"result": [34.183502136031166], "stats": [{"ci_99": [31.934747306397185, 36.43225696566515], "q_25": 34.161014587734826, "q_75": 34.205989684327506, "min": 34.138527039438486, "max": 34.228477232623845, "mean": 34.183502136031166, "std": 0.04497509659267962, "repeat": 2, "number": 2}]}, "casademo.flagdata_suite.time_flagdata_summary": {"result": [33.1228059544228], "stats": [{"ci_99": [-7.405740435700864, 73.65135234454644], "q_25": 32.717520490521565, "q_75": 33.52809141832404, "min": 32.31223502662033, "max": 33.933376882225275, "mean": 33.1228059544228, "std": 0.8105709278024733, "repeat": 2, "number": 2}]}, "casademo.tclean_memory_suite.peakmem_tclean_setweighting": 2251980800}, "params": {"arch": "x86_64", "cpu": "Intel(R) Xeon(R) CPU E5-1660 v4 @ 3.20GHz", "machine": "NRAO workstation", "num_cpu": "16", "os": "Linux 3.10.0-1160.15.2.el7.x86_64", "ram": "32GB", "python": "3.6", "pip+casatools": "6.2.0", "pip+casatasks": "6.2.0"}, "requirements": {"pip+casatools": "6.2.0", "pip+casatasks": "6.2.0"}, "commit_hash": "a18740312469743d1b3fd76cde3a9afd67d30457", "date": 1618951419000, "env_name": "virtualenv-py3.6-pip+casatasks6.2.0.115-pip+casatools6.2.0.115", "python": "3.6", "profiles": {}, "started_at": {"casademo.calibration_suite.time_applycal_callib": 1629918585621, "casademo.calibration_suite.time_bandpass": 1629918660710, "casademo.calibration_suite.time_gaincal": 1629918737130, "casademo.flagdata_suite.time_flagdata_bandpassflag": 1629918861124, "casademo.flagdata_suite.time_flagdata_list": 1629918924187, "casademo.flagdata_suite.time_flagdata_list_summary": 1629919191931, "casademo.flagdata_suite.time_flagdata_summary": 1629919260454, "casademo.tclean_memory_suite.peakmem_tclean_setweighting": 1629919328357}, "ended_at": {"casademo.calibration_suite.time_applycal_callib": 1629918660709, "casademo.calibration_suite.time_bandpass": 1629918737130, "casademo.calibration_suite.time_gaincal": 1629918861121, "casademo.flagdata_suite.time_flagdata_bandpassflag": 1629918924187, "casademo.flagdata_suite.time_flagdata_list": 1629919191931, "casademo.flagdata_suite.time_flagdata_list_summary": 1629919260454, "casademo.flagdata_suite.time_flagdata_summary": 1629919328356, "casademo.tclean_memory_suite.peakmem_tclean_setweighting": 1629919510780}, "benchmark_version": {"casademo.calibration_suite.time_applycal_callib": "1f6437b2270507d06f2c91c35b12dce1187d02851c4b0d0c872bbcfda3e5c4f6", "casademo.calibration_suite.time_bandpass": "a69d32cd1360ece09039f1051989506a7673f5a708021e87c81e0936374d64ce", "casademo.calibration_suite.time_gaincal": "70a393fa53b72183c406b9cc585dca7828b9b8d585b8077a80e0946ee81ebeb0", "casademo.flagdata_suite.time_flagdata_bandpassflag": "6bc01de4a73ffea44f2190b51350292cc1e1256989be0f26cc4ec77341df934a", "casademo.flagdata_suite.time_flagdata_list": "f4d15370d3c2c0c746d0c9c28b87ee190865ebfa9e210cc5773201bea0df7bf9", "casademo.flagdata_suite.time_flagdata_list_summary": "58e4c1cc3e1c3c5f723c910c861bad52078405a7026f0321526fad1a15b04ee3", "casademo.flagdata_suite.time_flagdata_summary": "7d302987a4e4e75e43325fd83f2c968688e4b8a56a6476db46a4fcc0bc003e95", "casademo.tclean_memory_suite.peakmem_tclean_setweighting": "3fb5214d1e8e5bf8170efbe8114cd88b0e1e51db87c955bc588eb95ba91e4f71"}, "version": 1}
