{"results": {"casademo.tclean_memory_suite.peakmem_tclean_setweighting": 2154672128, "casademo.calibration_suite.time_applycal_callib": {"result": [49.42257120925933], "stats": [{"ci_99": [-250.97864509373903, 349.8237875122574], "q_25": 46.41855904622935, "q_75": 52.426583372289315, "min": 43.414546883199364, "max": 55.4305955353193, "mean": 49.42257120925933, "std": 6.008024326059967, "repeat": 2, "number": 2}]}, "casademo.calibration_suite.time_gaincal": {"result": [50.214745490578935], "stats": [{"ci_99": [32.865612467052415, 67.56387851410544], "q_25": 50.04125416034367, "q_75": 50.3882368208142, "min": 49.867762830108404, "max": 50.561728151049465, "mean": 50.214745490578935, "std": 0.3469826604705304, "repeat": 2, "number": 2}]}, "casademo.flagdata_suite.time_flagdata_bandpassflag": {"result": [31.530172866303474], "stats": [{"ci_99": [31.288696894887835, 31.771648837719113], "q_25": 31.527758106589317, "q_75": 31.53258762601763, "min": 31.52534334687516, "max": 31.535002385731786, "mean": 31.530172866303474, "std": 0.0048295194283127785, "repeat": 2, "number": 2}]}, "casademo.flagdata_suite.time_flagdata_list": {"result": [135.39757494465448], "stats": [{"ci_99": [133.78280745702796, 137.012342432281], "q_25": 135.38142726977821, "q_75": 135.41372261953074, "min": 135.36527959490195, "max": 135.429870294407, "mean": 135.39757494465448, "std": 0.032295349752530456, "repeat": 2, "number": 2}]}, "casademo.flagdata_suite.time_flagdata_list_summary": {"result": [33.637091799639165], "stats": [{"ci_99": [15.284508027136326, 51.98967557214199], "q_25": 33.45356596191414, "q_75": 33.820617637364194, "min": 33.27004012418911, "max": 34.00414347508922, "mean": 33.637091799639165, "std": 0.3670516754500568, "repeat": 2, "number": 2}]}, "casademo.flagdata_suite.time_flagdata_summary": {"result": [32.287273632129654], "stats": [{"ci_99": [31.07149986946024, 33.50304739479907], "q_25": 32.27511589450296, "q_75": 32.29943136975635, "min": 32.262958156876266, "max": 32.31158910738304, "mean": 32.287273632129654, "std": 0.024315475253388286, "repeat": 2, "number": 2}]}, "casademo.calibration_suite.time_bandpass": {"result": [35.905411827145144], "stats": [{"ci_99": [-483.9261372347828, 555.7369608890726], "q_25": 30.707096336525865, "q_75": 41.103727317764424, "min": 25.508780845906585, "max": 46.3020428083837, "mean": 35.905411827145144, "std": 10.396630981238559, "repeat": 2, "number": 2}]}}, "params": {"arch": "x86_64", "cpu": "Intel(R) Xeon(R) CPU E5-1660 v4 @ 3.20GHz", "machine": "NRAO workstation", "num_cpu": "16", "os": "Linux 3.10.0-1160.15.2.el7.x86_64", "ram": "32GB", "python": "3.6", "pip+casatools": "6.3.0", "pip+casatasks": "6.3.0"}, "requirements": {"pip+casatools": "6.3.0", "pip+casatasks": "6.3.0"}, "commit_hash": "a6dbdf4b301a44c69a2852852d61431f0f80b023", "date": 1623942087000, "env_name": "virtualenv-py3.6-pip+casatasks6.3.0.17-pip+casatools6.3.0.17", "python": "3.6", "profiles": {}, "started_at": {"casademo.tclean_memory_suite.peakmem_tclean_setweighting": 1629913154940, "casademo.calibration_suite.time_applycal_callib": 1629912368229, "casademo.calibration_suite.time_gaincal": 1629912564426, "casademo.flagdata_suite.time_flagdata_bandpassflag": 1629912689692, "casademo.flagdata_suite.time_flagdata_list": 1629912752837, "casademo.flagdata_suite.time_flagdata_list_summary": 1629913023740, "casademo.flagdata_suite.time_flagdata_summary": 1629913090342, "casademo.calibration_suite.time_bandpass": 1629912486216}, "ended_at": {"casademo.tclean_memory_suite.peakmem_tclean_setweighting": 1629913349401, "casademo.calibration_suite.time_applycal_callib": 1629912486216, "casademo.calibration_suite.time_gaincal": 1629912689687, "casademo.flagdata_suite.time_flagdata_bandpassflag": 1629912752837, "casademo.flagdata_suite.time_flagdata_list": 1629913023740, "casademo.flagdata_suite.time_flagdata_list_summary": 1629913090342, "casademo.flagdata_suite.time_flagdata_summary": 1629913154940, "casademo.calibration_suite.time_bandpass": 1629912564426}, "benchmark_version": {"casademo.tclean_memory_suite.peakmem_tclean_setweighting": "3fb5214d1e8e5bf8170efbe8114cd88b0e1e51db87c955bc588eb95ba91e4f71", "casademo.calibration_suite.time_applycal_callib": "1f6437b2270507d06f2c91c35b12dce1187d02851c4b0d0c872bbcfda3e5c4f6", "casademo.calibration_suite.time_gaincal": "70a393fa53b72183c406b9cc585dca7828b9b8d585b8077a80e0946ee81ebeb0", "casademo.flagdata_suite.time_flagdata_bandpassflag": "6bc01de4a73ffea44f2190b51350292cc1e1256989be0f26cc4ec77341df934a", "casademo.flagdata_suite.time_flagdata_list": "f4d15370d3c2c0c746d0c9c28b87ee190865ebfa9e210cc5773201bea0df7bf9", "casademo.flagdata_suite.time_flagdata_list_summary": "58e4c1cc3e1c3c5f723c910c861bad52078405a7026f0321526fad1a15b04ee3", "casademo.flagdata_suite.time_flagdata_summary": "7d302987a4e4e75e43325fd83f2c968688e4b8a56a6476db46a4fcc0bc003e95", "casademo.calibration_suite.time_bandpass": "a69d32cd1360ece09039f1051989506a7673f5a708021e87c81e0936374d64ce"}, "version": 1}
