{"results": {"casademo.tclean_memory_suite.peakmem_tclean_setweighting": 2154672128, "casademo.calibration_suite.time_applycal_callib": {"result": [49.42257120925933], "stats": [{"ci_99": [-250.97864509373903, 349.8237875122574], "q_25": 46.41855904622935, "q_75": 52.426583372289315, "min": 43.414546883199364, "max": 55.4305955353193, "mean": 49.42257120925933, "std": 6.008024326059967, "repeat": 2, "number": 2}]}, "casademo.calibration_suite.time_gaincal": {"result": [50.214745490578935], "stats": [{"ci_99": [32.865612467052415, 67.56387851410544], "q_25": 50.04125416034367, "q_75": 50.3882368208142, "min": 49.867762830108404, "max": 50.561728151049465, "mean": 50.214745490578935, "std": 0.3469826604705304, "repeat": 2, "number": 2}]}, "casademo.flagdata_suite.time_flagdata_bandpassflag": {"result": [31.530172866303474], "stats": [{"ci_99": [31.288696894887835, 31.771648837719113], "q_25": 31.527758106589317, "q_75": 31.53258762601763, "min": 31.52534334687516, "max": 31.535002385731786, "mean": 31.530172866303474, "std": 0.0048295194283127785, "repeat": 2, "number": 2}]}, "casademo.flagdata_suite.time_flagdata_list": {"result": [135.39757494465448], "stats": [{"ci_99": [133.78280745702796, 137.012342432281], "q_25": 135.38142726977821, "q_75": 135.41372261953074, "min": 135.36527959490195, "max": 135.429870294407, "mean": 135.39757494465448, "std": 0.032295349752530456, "repeat": 2, "number": 2}]}, "casademo.flagdata_suite.time_flagdata_list_summary": {"result": [33.637091799639165], "stats": [{"ci_99": [15.284508027136326, 51.98967557214199], "q_25": 33.45356596191414, "q_75": 33.820617637364194, "min": 33.27004012418911, "max": 34.00414347508922, "mean": 33.637091799639165, "std": 0.3670516754500568, "repeat": 2, "number": 2}]}, "casademo.flagdata_suite.time_flagdata_summary": {"result": [32.287273632129654], "stats": [{"ci_99": [31.07149986946024, 33.50304739479907], "q_25": 32.27511589450296, "q_75": 32.29943136975635, "min": 32.262958156876266, "max": 32.31158910738304, "mean": 32.287273632129654, "std": 0.024315475253388286, "repeat": 2, "number": 2}]}, "casademo.calibration_suite.time_bandpass": {"result": [35.905411827145144], "stats": [{"ci_99": [-483.9261372347828, 555.7369608890726], "q_25": 30.707096336525865, "q_75": 41.103727317764424, "min": 25.508780845906585, "max": 46.3020428083837, "mean": 35.905411827145144, "std": 10.396630981238559, "repeat": 2, "number": 2}]}}, "params": {"arch": "x86_64", "cpu": "Intel(R) Xeon(R) CPU E5-1660 v4 @ 3.20GHz", "machine": "NRAO workstation", "num_cpu": "16", "os": "Linux 3.10.0-1160.15.2.el7.x86_64", "ram": "32GB", "python": "3.6", "pip+casatools": "trunk", "pip+casatasks": "trunk"}, "requirements": {"pip+casatools": "trunk", "pip+casatasks": "trunk"}, "commit_hash": "a6dbdf4b301a44c69a2852852d61431f0f80b023", "date": 1623942087000, "env_name": "virtualenv-py3.6-pip+casatasks-trunk-pip+casatools-trunk", "python": "3.6", "profiles": {}, "started_at": {"casademo.tclean_memory_suite.peakmem_tclean_setweighting": 1629913154940, "casademo.calibration_suite.time_applycal_callib": 1629912368229, "casademo.calibration_suite.time_gaincal": 1629912564426, "casademo.flagdata_suite.time_flagdata_bandpassflag": 1629912689692, "casademo.flagdata_suite.time_flagdata_list": 1629912752837, "casademo.flagdata_suite.time_flagdata_list_summary": 1629913023740, "casademo.flagdata_suite.time_flagdata_summary": 1629913090342, "casademo.calibration_suite.time_bandpass": 1629912486216}, "ended_at": {"casademo.tclean_memory_suite.peakmem_tclean_setweighting": 1629913349401, "casademo.calibration_suite.time_applycal_callib": 1629912486216, "casademo.calibration_suite.time_gaincal": 1629912689687, "casademo.flagdata_suite.time_flagdata_bandpassflag": 1629912752837, "casademo.flagdata_suite.time_flagdata_list": 1629913023740, "casademo.flagdata_suite.time_flagdata_list_summary": 1629913090342, "casademo.flagdata_suite.time_flagdata_summary": 1629913154940, "casademo.calibration_suite.time_bandpass": 1629912564426}, "benchmark_version": {"casademo.calibration_suite.time_applycal_callib": "9ef394762fe7135f58c94c0e46a655fae93e7d107904ceff94d228f23b89a589", "casademo.calibration_suite.time_bandpass": "f706aa044f6bc64b915996b7bdd6bc5666cae0eb7c47ff9a70b5bced6c9fbd0c", "casademo.calibration_suite.time_gaincal": "56f8a9022caccdafe4240fb9a2766b2d5d56cc1c784bd724822d3b040f5b5309", "casademo.flagdata_suite.time_flagdata_bandpassflag": "f55e0ffa6be9d655555c5081a0e7bf2bc00b253273ba7c220de0bd2cfb3baf6c", "casademo.flagdata_suite.time_flagdata_list": "1a40b66ffb4a43d48af3407bae817ed4f7667fe778880859384f5f2e7c9c5d1f", "casademo.flagdata_suite.time_flagdata_list_summary": "3eb284062687484026a1defb4fceb705e83b244e37405f8794d431940ff44b08", "casademo.flagdata_suite.time_flagdata_summary": "9e569fb4e2a2f68e59c510bbf889632173be867104a4e5ba5a98d0eb110e82fb", "casademo.tclean_memory_suite.peakmem_tclean_setweighting": "b08240b9d9211ba7e2ce323aae697e4b25deb8a6db4c5e2e48519cedc4707769"}, "version": 1}
