{"results": {"casademo.tclean_memory_suite.peakmem_tclean_setweighting": 1959342080, "casademo.calibration_suite.time_applycal_callib": {"result": [27.34993645688519], "stats": [{"ci_99": [-15.614797750022262, 70.31467066379261], "q_25": 26.920289114816114, "q_75": 27.779583798954263, "min": 26.49064177274704, "max": 28.209231141023338, "mean": 27.34993645688519, "std": 0.859294684138149, "repeat": 2, "number": 2}]}, "casademo.calibration_suite.time_bandpass": {"result": [25.625913234893233], "stats": [{"ci_99": [13.08148763468489, 38.17033883510156], "q_25": 25.50046897889115, "q_75": 25.751357490895316, "min": 25.375024722889066, "max": 25.8768017468974, "mean": 25.625913234893233, "std": 0.25088851200416684, "repeat": 2, "number": 2}]}, "casademo.calibration_suite.time_gaincal": {"result": [50.55294235073961], "stats": [{"ci_99": [14.924424738390371, 86.18145996308883], "q_25": 50.19665717461612, "q_75": 50.909227526863106, "min": 49.84037199849263, "max": 51.2655127029866, "mean": 50.55294235073961, "std": 0.7125703522469848, "repeat": 2, "number": 2}]}, "casademo.flagdata_suite.time_flagdata_bandpassflag": {"result": [9.309095535194501], "stats": [{"ci_99": [8.193961304845288, 10.424229765543714], "q_25": 9.29794419289101, "q_75": 9.320246877497993, "min": 9.286792850587517, "max": 9.331398219801486, "mean": 9.309095535194501, "std": 0.022302684606984258, "repeat": 2, "number": 2}]}, "casademo.flagdata_suite.time_flagdata_list": {"result": [111.25979477562942], "stats": [{"ci_99": [44.537354975705966, 177.9822345755528], "q_25": 110.59257037763018, "q_75": 111.92701917362865, "min": 109.92534597963095, "max": 112.59424357162789, "mean": 111.25979477562942, "std": 1.334448795998469, "repeat": 2, "number": 2}]}, "casademo.flagdata_suite.time_flagdata_list_summary": {"result": [11.80129235307686], "stats": [{"ci_99": [6.938952034572139, 16.663632671581578], "q_25": 11.752668949891813, "q_75": 11.849915756261908, "min": 11.704045546706766, "max": 11.898539159446955, "mean": 11.80129235307686, "std": 0.09724680637009442, "repeat": 2, "number": 2}]}, "casademo.flagdata_suite.time_flagdata_summary": {"result": [11.660768408793956], "stats": [{"ci_99": [10.701257447246462, 12.62027937034145], "q_25": 11.651173299178481, "q_75": 11.670363518409431, "min": 11.641578189563006, "max": 11.679958628024906, "mean": 11.660768408793956, "std": 0.01919021923094988, "repeat": 2, "number": 2}]}}, "params": {"arch": "x86_64", "cpu": "Intel(R) Xeon(R) CPU E5-1660 v4 @ 3.20GHz", "machine": "NRAO workstation", "num_cpu": "16", "os": "Linux 3.10.0-1160.15.2.el7.x86_64", "ram": "32GB", "python": "3.6", "pip+casatools": "trunk", "pip+casatasks": "trunk"}, "requirements": {"pip+casatools": "trunk", "pip+casatasks": "trunk"}, "commit_hash": "a73a44ba2df3c3b824e866ed60bf0d538e532f76", "date": 1629394974000, "env_name": "virtualenv-py3.6-pip+casatasks-trunk-pip+casatools-trunk", "python": "3.6", "profiles": {}, "started_at": {"casademo.tclean_memory_suite.peakmem_tclean_setweighting": 1629828052057, "casademo.calibration_suite.time_applycal_callib": 1629827488958, "casademo.calibration_suite.time_bandpass": 1629827564196, "casademo.calibration_suite.time_gaincal": 1629827642296, "casademo.flagdata_suite.time_flagdata_bandpassflag": 1629827766604, "casademo.flagdata_suite.time_flagdata_list": 1629827785301, "casademo.flagdata_suite.time_flagdata_list_summary": 1629828005192, "casademo.flagdata_suite.time_flagdata_summary": 1629828028650}, "ended_at": {"casademo.tclean_memory_suite.peakmem_tclean_setweighting": 1629828225952, "casademo.calibration_suite.time_applycal_callib": 1629827564196, "casademo.calibration_suite.time_bandpass": 1629827642295, "casademo.calibration_suite.time_gaincal": 1629827766599, "casademo.flagdata_suite.time_flagdata_bandpassflag": 1629827785301, "casademo.flagdata_suite.time_flagdata_list": 1629828005192, "casademo.flagdata_suite.time_flagdata_list_summary": 1629828028650, "casademo.flagdata_suite.time_flagdata_summary": 1629828052057}, "benchmark_version": {"casademo.calibration_suite.time_applycal_callib": "9ef394762fe7135f58c94c0e46a655fae93e7d107904ceff94d228f23b89a589", "casademo.calibration_suite.time_bandpass": "f706aa044f6bc64b915996b7bdd6bc5666cae0eb7c47ff9a70b5bced6c9fbd0c", "casademo.calibration_suite.time_gaincal": "56f8a9022caccdafe4240fb9a2766b2d5d56cc1c784bd724822d3b040f5b5309", "casademo.flagdata_suite.time_flagdata_bandpassflag": "f55e0ffa6be9d655555c5081a0e7bf2bc00b253273ba7c220de0bd2cfb3baf6c", "casademo.flagdata_suite.time_flagdata_list": "1a40b66ffb4a43d48af3407bae817ed4f7667fe778880859384f5f2e7c9c5d1f", "casademo.flagdata_suite.time_flagdata_list_summary": "3eb284062687484026a1defb4fceb705e83b244e37405f8794d431940ff44b08", "casademo.flagdata_suite.time_flagdata_summary": "9e569fb4e2a2f68e59c510bbf889632173be867104a4e5ba5a98d0eb110e82fb", "casademo.tclean_memory_suite.peakmem_tclean_setweighting": "b08240b9d9211ba7e2ce323aae697e4b25deb8a6db4c5e2e48519cedc4707769"}, "version": 1}
