{"results": {"casademo.tclean_memory_suite.peakmem_tclean_setweighting": 1959342080, "casademo.calibration_suite.time_applycal_callib": {"result": [27.34993645688519], "stats": [{"ci_99": [-15.614797750022262, 70.31467066379261], "q_25": 26.920289114816114, "q_75": 27.779583798954263, "min": 26.49064177274704, "max": 28.209231141023338, "mean": 27.34993645688519, "std": 0.859294684138149, "repeat": 2, "number": 2}]}, "casademo.calibration_suite.time_bandpass": {"result": [25.625913234893233], "stats": [{"ci_99": [13.08148763468489, 38.17033883510156], "q_25": 25.50046897889115, "q_75": 25.751357490895316, "min": 25.375024722889066, "max": 25.8768017468974, "mean": 25.625913234893233, "std": 0.25088851200416684, "repeat": 2, "number": 2}]}, "casademo.calibration_suite.time_gaincal": {"result": [50.55294235073961], "stats": [{"ci_99": [14.924424738390371, 86.18145996308883], "q_25": 50.19665717461612, "q_75": 50.909227526863106, "min": 49.84037199849263, "max": 51.2655127029866, "mean": 50.55294235073961, "std": 0.7125703522469848, "repeat": 2, "number": 2}]}, "casademo.flagdata_suite.time_flagdata_bandpassflag": {"result": [9.309095535194501], "stats": [{"ci_99": [8.193961304845288, 10.424229765543714], "q_25": 9.29794419289101, "q_75": 9.320246877497993, "min": 9.286792850587517, "max": 9.331398219801486, "mean": 9.309095535194501, "std": 0.022302684606984258, "repeat": 2, "number": 2}]}, "casademo.flagdata_suite.time_flagdata_list": {"result": [111.25979477562942], "stats": [{"ci_99": [44.537354975705966, 177.9822345755528], "q_25": 110.59257037763018, "q_75": 111.92701917362865, "min": 109.92534597963095, "max": 112.59424357162789, "mean": 111.25979477562942, "std": 1.334448795998469, "repeat": 2, "number": 2}]}, "casademo.flagdata_suite.time_flagdata_list_summary": {"result": [11.80129235307686], "stats": [{"ci_99": [6.938952034572139, 16.663632671581578], "q_25": 11.752668949891813, "q_75": 11.849915756261908, "min": 11.704045546706766, "max": 11.898539159446955, "mean": 11.80129235307686, "std": 0.09724680637009442, "repeat": 2, "number": 2}]}, "casademo.flagdata_suite.time_flagdata_summary": {"result": [11.660768408793956], "stats": [{"ci_99": [10.701257447246462, 12.62027937034145], "q_25": 11.651173299178481, "q_75": 11.670363518409431, "min": 11.641578189563006, "max": 11.679958628024906, "mean": 11.660768408793956, "std": 0.01919021923094988, "repeat": 2, "number": 2}]}}, "params": {"arch": "x86_64", "cpu": "Intel(R) Xeon(R) CPU E5-1660 v4 @ 3.20GHz", "machine": "NRAO workstation", "num_cpu": "16", "os": "Linux 3.10.0-1160.15.2.el7.x86_64", "ram": "32GB", "python": "3.6", "pip+casatools": "6.3.0", "pip+casatasks": "6.3.0"}, "requirements": {"pip+casatools": "6.3.0", "pip+casatasks": "6.3.0"}, "commit_hash": "a73a44ba2df3c3b824e866ed60bf0d538e532f76", "date": 1629394974000, "env_name": "virtualenv-py3.6-pip+casatasks6.3.0.48-pip+casatools6.3.0.48", "python": "3.6", "profiles": {}, "started_at": {"casademo.tclean_memory_suite.peakmem_tclean_setweighting": 1629828052057, "casademo.calibration_suite.time_applycal_callib": 1629827488958, "casademo.calibration_suite.time_bandpass": 1629827564196, "casademo.calibration_suite.time_gaincal": 1629827642296, "casademo.flagdata_suite.time_flagdata_bandpassflag": 1629827766604, "casademo.flagdata_suite.time_flagdata_list": 1629827785301, "casademo.flagdata_suite.time_flagdata_list_summary": 1629828005192, "casademo.flagdata_suite.time_flagdata_summary": 1629828028650}, "ended_at": {"casademo.tclean_memory_suite.peakmem_tclean_setweighting": 1629828225952, "casademo.calibration_suite.time_applycal_callib": 1629827564196, "casademo.calibration_suite.time_bandpass": 1629827642295, "casademo.calibration_suite.time_gaincal": 1629827766599, "casademo.flagdata_suite.time_flagdata_bandpassflag": 1629827785301, "casademo.flagdata_suite.time_flagdata_list": 1629828005192, "casademo.flagdata_suite.time_flagdata_list_summary": 1629828028650, "casademo.flagdata_suite.time_flagdata_summary": 1629828052057}, "benchmark_version": {"casademo.tclean_memory_suite.peakmem_tclean_setweighting": "3fb5214d1e8e5bf8170efbe8114cd88b0e1e51db87c955bc588eb95ba91e4f71", "casademo.calibration_suite.time_applycal_callib": "1f6437b2270507d06f2c91c35b12dce1187d02851c4b0d0c872bbcfda3e5c4f6", "casademo.calibration_suite.time_bandpass": "a69d32cd1360ece09039f1051989506a7673f5a708021e87c81e0936374d64ce", "casademo.calibration_suite.time_gaincal": "70a393fa53b72183c406b9cc585dca7828b9b8d585b8077a80e0946ee81ebeb0", "casademo.flagdata_suite.time_flagdata_bandpassflag": "6bc01de4a73ffea44f2190b51350292cc1e1256989be0f26cc4ec77341df934a", "casademo.flagdata_suite.time_flagdata_list": "f4d15370d3c2c0c746d0c9c28b87ee190865ebfa9e210cc5773201bea0df7bf9", "casademo.flagdata_suite.time_flagdata_list_summary": "58e4c1cc3e1c3c5f723c910c861bad52078405a7026f0321526fad1a15b04ee3", "casademo.flagdata_suite.time_flagdata_summary": "7d302987a4e4e75e43325fd83f2c968688e4b8a56a6476db46a4fcc0bc003e95"}, "version": 1}
