{"results": {"casademo.calibration_suite.time_applycal_callib": {"result": [26.55620761634782], "stats": [{"ci_99": [-8.892681701574475, 62.005096934270085], "q_25": 26.201718723168597, "q_75": 26.910696509527043, "min": 25.847229829989374, "max": 27.265185402706265, "mean": 26.55620761634782, "std": 0.7089777863584459, "repeat": 2, "number": 2}]}, "casademo.calibration_suite.time_bandpass": {"result": [24.40023299283348], "stats": [{"ci_99": [22.143764903070405, 26.656701082596555], "q_25": 24.37766831193585, "q_75": 24.42279767373111, "min": 24.35510363103822, "max": 24.44536235462874, "mean": 24.40023299283348, "std": 0.0451293617952615, "repeat": 2, "number": 2}]}, "casademo.calibration_suite.time_gaincal": {"result": [50.1825725864619], "stats": [{"ci_99": [36.58289245516062, 63.78225271776317], "q_25": 50.04657578514889, "q_75": 50.318569387774915, "min": 49.910578983835876, "max": 50.45456618908793, "mean": 50.1825725864619, "std": 0.2719936026260257, "repeat": 2, "number": 2}]}, "casademo.flagdata_suite.time_flagdata_bandpassflag": {"result": [6.450838200980797], "stats": [{"ci_99": [6.23444790369831, 6.667228498263285], "q_25": 6.4486742980079725, "q_75": 6.453002103953622, "min": 6.446510395035148, "max": 6.455166006926447, "mean": 6.450838200980797, "std": 0.004327805945649743, "repeat": 2, "number": 2}]}, "casademo.flagdata_suite.time_flagdata_list": {"result": [115.61973943165503], "stats": [{"ci_99": [48.98329230048694, 182.25618656282307], "q_25": 114.95337496034335, "q_75": 116.28610390296672, "min": 114.28701048903167, "max": 116.9524683742784, "mean": 115.61973943165503, "std": 1.332728942623362, "repeat": 2, "number": 2}]}, "casademo.flagdata_suite.time_flagdata_list_summary": {"result": [8.595738345058635], "stats": [{"ci_99": [8.118824643781409, 9.072652046335861], "q_25": 8.590969208045863, "q_75": 8.600507482071407, "min": 8.58620007103309, "max": 8.60527661908418, "mean": 8.595738345058635, "std": 0.009538274025544524, "repeat": 2, "number": 2}]}, "casademo.flagdata_suite.time_flagdata_summary": {"result": [8.296454403083771], "stats": [{"ci_99": [8.121007409412414, 8.471901396755129], "q_25": 8.294699933147058, "q_75": 8.298208873020485, "min": 8.292945463210344, "max": 8.299963342957199, "mean": 8.296454403083771, "std": 0.0035089398734271526, "repeat": 2, "number": 2}]}, "casademo.tclean_memory_suite.peakmem_tclean_setweighting": 1978421248}, "params": {"arch": "x86_64", "cpu": "Intel(R) Xeon(R) CPU E5-1660 v4 @ 3.20GHz", "machine": "NRAO workstation", "num_cpu": "16", "os": "Linux 3.10.0-1160.15.2.el7.x86_64", "ram": "32GB", "python": "3.6", "pip+casatools": "trunk", "pip+casatasks": "trunk"}, "requirements": {"pip+casatools": "trunk", "pip+casatasks": "trunk"}, "commit_hash": "a7741e6bba97affc341733873c445905ec124ccd", "date": 1610655752000, "env_name": "virtualenv-py3.6-pip+casatasks-trunk-pip+casatools-trunk", "python": "3.6", "profiles": {}, "started_at": {"casademo.calibration_suite.time_applycal_callib": 1630522353346, "casademo.calibration_suite.time_bandpass": 1630522432093, "casademo.calibration_suite.time_gaincal": 1630522507130, "casademo.flagdata_suite.time_flagdata_bandpassflag": 1630522630929, "casademo.flagdata_suite.time_flagdata_list": 1630522643907, "casademo.flagdata_suite.time_flagdata_list_summary": 1630522872567, "casademo.flagdata_suite.time_flagdata_summary": 1630522889811, "casademo.tclean_memory_suite.peakmem_tclean_setweighting": 1630522906453}, "ended_at": {"casademo.calibration_suite.time_applycal_callib": 1630522432092, "casademo.calibration_suite.time_bandpass": 1630522507129, "casademo.calibration_suite.time_gaincal": 1630522630922, "casademo.flagdata_suite.time_flagdata_bandpassflag": 1630522643907, "casademo.flagdata_suite.time_flagdata_list": 1630522872567, "casademo.flagdata_suite.time_flagdata_list_summary": 1630522889810, "casademo.flagdata_suite.time_flagdata_summary": 1630522906453, "casademo.tclean_memory_suite.peakmem_tclean_setweighting": 1630523199491}, "benchmark_version": {"casademo.calibration_suite.time_applycal_callib": "9ef394762fe7135f58c94c0e46a655fae93e7d107904ceff94d228f23b89a589", "casademo.calibration_suite.time_bandpass": "f706aa044f6bc64b915996b7bdd6bc5666cae0eb7c47ff9a70b5bced6c9fbd0c", "casademo.calibration_suite.time_gaincal": "56f8a9022caccdafe4240fb9a2766b2d5d56cc1c784bd724822d3b040f5b5309", "casademo.flagdata_suite.time_flagdata_bandpassflag": "f55e0ffa6be9d655555c5081a0e7bf2bc00b253273ba7c220de0bd2cfb3baf6c", "casademo.flagdata_suite.time_flagdata_list": "1a40b66ffb4a43d48af3407bae817ed4f7667fe778880859384f5f2e7c9c5d1f", "casademo.flagdata_suite.time_flagdata_list_summary": "3eb284062687484026a1defb4fceb705e83b244e37405f8794d431940ff44b08", "casademo.flagdata_suite.time_flagdata_summary": "9e569fb4e2a2f68e59c510bbf889632173be867104a4e5ba5a98d0eb110e82fb", "casademo.tclean_memory_suite.peakmem_tclean_setweighting": "b08240b9d9211ba7e2ce323aae697e4b25deb8a6db4c5e2e48519cedc4707769"}, "version": 1}
