{"results": {"casademo.calibration_suite.time_applycal_callib": {"result": [38.916468946263194], "stats": [{"ci_99": [-87.94648053590208, 165.77941842842836], "q_25": 37.64783945144154, "q_75": 40.18509844108485, "min": 36.37920995661989, "max": 41.4537279359065, "mean": 38.916468946263194, "std": 2.5372589896433055, "repeat": 2, "number": 2}]}, "casademo.calibration_suite.time_bandpass": {"result": [24.784117521019652], "stats": [{"ci_99": [10.303310971474275, 39.264924070565016], "q_25": 24.6393094555242, "q_75": 24.928925586515106, "min": 24.494501390028745, "max": 25.07373365201056, "mean": 24.784117521019652, "std": 0.28961613099090755, "repeat": 2, "number": 2}]}, "casademo.calibration_suite.time_gaincal": {"result": [50.7841566442512], "stats": [{"ci_99": [-10.845356168691069, 112.41366945719341], "q_25": 50.167861516121775, "q_75": 51.40045177238062, "min": 49.55156638799235, "max": 52.01674690051004, "mean": 50.7841566442512, "std": 1.2325902562588453, "repeat": 2, "number": 2}]}, "casademo.flagdata_suite.time_flagdata_bandpassflag": {"result": [5.598315931390971], "stats": [{"ci_99": [5.5606032111682, 5.636028651613742], "q_25": 5.597938804188743, "q_75": 5.598693058593199, "min": 5.5975616769865155, "max": 5.599070185795426, "mean": 5.598315931390971, "std": 0.0007542544044554234, "repeat": 2, "number": 2}]}, "casademo.flagdata_suite.time_flagdata_list": {"result": [108.07971610524692], "stats": [{"ci_99": [106.11161477467977, 110.04781743581407], "q_25": 108.06003509194124, "q_75": 108.09939711855259, "min": 108.04035407863557, "max": 108.11907813185826, "mean": 108.07971610524692, "std": 0.039362026611343026, "repeat": 2, "number": 2}]}, "casademo.flagdata_suite.time_flagdata_list_summary": {"result": [8.091095483861864], "stats": [{"ci_99": [5.648365056142211, 10.533825911581514], "q_25": 8.066668179584667, "q_75": 8.11552278813906, "min": 8.04224087530747, "max": 8.139950092416257, "mean": 8.091095483861864, "std": 0.04885460855439305, "repeat": 2, "number": 2}]}, "casademo.flagdata_suite.time_flagdata_summary": {"result": [7.865042130229995], "stats": [{"ci_99": [7.739957161480561, 7.990127098979428], "q_25": 7.8637912805425, "q_75": 7.866292979917489, "min": 7.862540430855006, "max": 7.867543829604983, "mean": 7.865042130229995, "std": 0.002501699374988675, "repeat": 2, "number": 2}]}, "casademo.tclean_memory_suite.peakmem_tclean_setweighting": 1864974336}, "params": {"arch": "x86_64", "cpu": "Intel(R) Xeon(R) CPU E5-1660 v4 @ 3.20GHz", "machine": "NRAO workstation", "num_cpu": "16", "os": "Linux 3.10.0-1160.15.2.el7.x86_64", "ram": "32GB", "python": "3.6", "pip+casatools": "6.2.0", "pip+casatasks": "6.2.0"}, "requirements": {"pip+casatools": "6.2.0", "pip+casatasks": "6.2.0"}, "commit_hash": "a8154dc321d2b1a5b2e9760df80420b869f9f862", "date": 1602768693000, "env_name": "virtualenv-py3.6-pip+casatasks6.2.0.38-pip+casatools6.2.0.38", "python": "3.6", "profiles": {}, "started_at": {"casademo.calibration_suite.time_applycal_callib": 1629996001209, "casademo.calibration_suite.time_bandpass": 1629996120703, "casademo.calibration_suite.time_gaincal": 1629996195390, "casademo.flagdata_suite.time_flagdata_bandpassflag": 1629996320057, "casademo.flagdata_suite.time_flagdata_list": 1629996331287, "casademo.flagdata_suite.time_flagdata_list_summary": 1629996547570, "casademo.flagdata_suite.time_flagdata_summary": 1629996563702, "casademo.tclean_memory_suite.peakmem_tclean_setweighting": 1629996579492}, "ended_at": {"casademo.calibration_suite.time_applycal_callib": 1629996120703, "casademo.calibration_suite.time_bandpass": 1629996195390, "casademo.calibration_suite.time_gaincal": 1629996320050, "casademo.flagdata_suite.time_flagdata_bandpassflag": 1629996331287, "casademo.flagdata_suite.time_flagdata_list": 1629996547569, "casademo.flagdata_suite.time_flagdata_list_summary": 1629996563701, "casademo.flagdata_suite.time_flagdata_summary": 1629996579492, "casademo.tclean_memory_suite.peakmem_tclean_setweighting": 1629996874905}, "benchmark_version": {"casademo.calibration_suite.time_applycal_callib": "9ef394762fe7135f58c94c0e46a655fae93e7d107904ceff94d228f23b89a589", "casademo.calibration_suite.time_bandpass": "f706aa044f6bc64b915996b7bdd6bc5666cae0eb7c47ff9a70b5bced6c9fbd0c", "casademo.calibration_suite.time_gaincal": "56f8a9022caccdafe4240fb9a2766b2d5d56cc1c784bd724822d3b040f5b5309", "casademo.flagdata_suite.time_flagdata_bandpassflag": "f55e0ffa6be9d655555c5081a0e7bf2bc00b253273ba7c220de0bd2cfb3baf6c", "casademo.flagdata_suite.time_flagdata_list": "1a40b66ffb4a43d48af3407bae817ed4f7667fe778880859384f5f2e7c9c5d1f", "casademo.flagdata_suite.time_flagdata_list_summary": "3eb284062687484026a1defb4fceb705e83b244e37405f8794d431940ff44b08", "casademo.flagdata_suite.time_flagdata_summary": "9e569fb4e2a2f68e59c510bbf889632173be867104a4e5ba5a98d0eb110e82fb", "casademo.tclean_memory_suite.peakmem_tclean_setweighting": "b08240b9d9211ba7e2ce323aae697e4b25deb8a6db4c5e2e48519cedc4707769"}, "version": 1}
