{"results": {"casademo.tclean_memory_suite.peakmem_tclean_setweighting": 1865342976, "casademo.calibration_suite.time_applycal_callib": {"result": [26.806042512645945], "stats": [{"ci_99": [-2.8716423369478434, 56.483727362239705], "q_25": 26.509265664150007, "q_75": 27.102819361141883, "min": 26.21248881565407, "max": 27.39959620963782, "mean": 26.806042512645945, "std": 0.5935536969918758, "repeat": 2, "number": 2}]}, "casademo.calibration_suite.time_bandpass": {"result": [24.08523458405398], "stats": [{"ci_99": [13.026315999450162, 35.14415316865779], "q_25": 23.97464539820794, "q_75": 24.195823769900016, "min": 23.864056212361902, "max": 24.306412955746055, "mean": 24.08523458405398, "std": 0.22117837169207633, "repeat": 2, "number": 2}]}, "casademo.calibration_suite.time_gaincal": {"result": [50.20681686443277], "stats": [{"ci_99": [48.2520110483747, 52.16162268049084], "q_25": 50.187268806272186, "q_75": 50.22636492259335, "min": 50.167720748111606, "max": 50.24591298075393, "mean": 50.20681686443277, "std": 0.03909611632116139, "repeat": 2, "number": 2}]}, "casademo.flagdata_suite.time_flagdata_bandpassflag": {"result": [30.58628126932308], "stats": [{"ci_99": [30.029715308453888, 31.142847230192274], "q_25": 30.58071560971439, "q_75": 30.591846928931773, "min": 30.575149950105697, "max": 30.597412588540465, "mean": 30.58628126932308, "std": 0.011131319217383862, "repeat": 2, "number": 2}]}, "casademo.flagdata_suite.time_flagdata_list": {"result": [133.90531327645294], "stats": [{"ci_99": [129.81909572449513, 137.99153082841076], "q_25": 133.86445110093337, "q_75": 133.94617545197252, "min": 133.8235889254138, "max": 133.9870376274921, "mean": 133.90531327645294, "std": 0.08172435103915632, "repeat": 2, "number": 2}]}, "casademo.flagdata_suite.time_flagdata_list_summary": {"result": [33.019557043211535], "stats": [{"ci_99": [13.418350456980988, 52.62076362944207], "q_25": 32.82354497734923, "q_75": 33.21556910907384, "min": 32.627532911486924, "max": 33.411581174936146, "mean": 33.019557043211535, "std": 0.3920241317246109, "repeat": 2, "number": 2}]}, "casademo.flagdata_suite.time_flagdata_summary": {"result": [33.18303715181537], "stats": [{"ci_99": [31.06906146253459, 35.29701284109615], "q_25": 33.16189739492256, "q_75": 33.20417690870818, "min": 33.140757638029754, "max": 33.225316665600985, "mean": 33.18303715181537, "std": 0.04227951378561556, "repeat": 2, "number": 2}]}}, "params": {"arch": "x86_64", "cpu": "Intel(R) Xeon(R) CPU E5-1660 v4 @ 3.20GHz", "machine": "NRAO workstation", "num_cpu": "16", "os": "Linux 3.10.0-1160.15.2.el7.x86_64", "ram": "32GB", "python": "3.6", "pip+casatools": "6.2.0", "pip+casatasks": "6.2.0"}, "requirements": {"pip+casatools": "6.2.0", "pip+casatasks": "6.2.0"}, "commit_hash": "a9267243350815983e2951cbebf71589c19fccd9", "date": 1604068819000, "env_name": "virtualenv-py3.6-pip+casatasks6.2.0.45-pip+casatools6.2.0.45", "python": "3.6", "profiles": {}, "started_at": {"casademo.tclean_memory_suite.peakmem_tclean_setweighting": 1629986417524, "casademo.calibration_suite.time_applycal_callib": 1629985680997, "casademo.calibration_suite.time_bandpass": 1629985756988, "casademo.calibration_suite.time_gaincal": 1629985831776, "casademo.flagdata_suite.time_flagdata_bandpassflag": 1629985955385, "casademo.flagdata_suite.time_flagdata_list": 1629986016575, "casademo.flagdata_suite.time_flagdata_list_summary": 1629986284271, "casademo.flagdata_suite.time_flagdata_summary": 1629986351173}, "ended_at": {"casademo.tclean_memory_suite.peakmem_tclean_setweighting": 1629986825642, "casademo.calibration_suite.time_applycal_callib": 1629985756988, "casademo.calibration_suite.time_bandpass": 1629985831776, "casademo.calibration_suite.time_gaincal": 1629985955377, "casademo.flagdata_suite.time_flagdata_bandpassflag": 1629986016574, "casademo.flagdata_suite.time_flagdata_list": 1629986284270, "casademo.flagdata_suite.time_flagdata_list_summary": 1629986351173, "casademo.flagdata_suite.time_flagdata_summary": 1629986417524}, "benchmark_version": {"casademo.tclean_memory_suite.peakmem_tclean_setweighting": "3fb5214d1e8e5bf8170efbe8114cd88b0e1e51db87c955bc588eb95ba91e4f71", "casademo.calibration_suite.time_applycal_callib": "1f6437b2270507d06f2c91c35b12dce1187d02851c4b0d0c872bbcfda3e5c4f6", "casademo.calibration_suite.time_bandpass": "a69d32cd1360ece09039f1051989506a7673f5a708021e87c81e0936374d64ce", "casademo.calibration_suite.time_gaincal": "70a393fa53b72183c406b9cc585dca7828b9b8d585b8077a80e0946ee81ebeb0", "casademo.flagdata_suite.time_flagdata_bandpassflag": "6bc01de4a73ffea44f2190b51350292cc1e1256989be0f26cc4ec77341df934a", "casademo.flagdata_suite.time_flagdata_list": "f4d15370d3c2c0c746d0c9c28b87ee190865ebfa9e210cc5773201bea0df7bf9", "casademo.flagdata_suite.time_flagdata_list_summary": "58e4c1cc3e1c3c5f723c910c861bad52078405a7026f0321526fad1a15b04ee3", "casademo.flagdata_suite.time_flagdata_summary": "7d302987a4e4e75e43325fd83f2c968688e4b8a56a6476db46a4fcc0bc003e95"}, "version": 1}
