{"results": {"casademo.calibration_suite.time_applycal_callib": {"result": [35.510057964827865], "stats": [{"ci_99": [-684.8250409266911, 755.8451568563463], "q_25": 28.306706975912675, "q_75": 42.713408953743055, "min": 21.103355986997485, "max": 49.916759942658246, "mean": 35.510057964827865, "std": 14.40670197783038, "repeat": 2, "number": 2}]}, "casademo.calibration_suite.time_bandpass": {"result": [23.845210790401325], "stats": [{"ci_99": [-7.104916739976034, 54.795338320778654], "q_25": 23.53570951509755, "q_75": 24.154712065705098, "min": 23.226208239793777, "max": 24.464213341008872, "mean": 23.845210790401325, "std": 0.6190025506075472, "repeat": 2, "number": 2}]}, "casademo.calibration_suite.time_gaincal": {"result": [50.265156283508986], "stats": [{"ci_99": [41.975195604842156, 58.55511696217581], "q_25": 50.18225667672232, "q_75": 50.348055890295655, "min": 50.09935706993565, "max": 50.43095549708232, "mean": 50.265156283508986, "std": 0.1657992135733366, "repeat": 2, "number": 2}]}, "casademo.flagdata_suite.time_flagdata_bandpassflag": {"result": [6.45203233207576], "stats": [{"ci_99": [3.409492878476158, 9.494571785675358], "q_25": 6.421606937539764, "q_75": 6.482457726611756, "min": 6.391181543003768, "max": 6.512883121147752, "mean": 6.45203233207576, "std": 0.06085078907199204, "repeat": 2, "number": 2}]}, "casademo.flagdata_suite.time_flagdata_list": {"result": [116.95617208210751], "stats": [{"ci_99": [115.56972937146202, 118.34261479275301], "q_25": 116.94230765500106, "q_75": 116.97003650921397, "min": 116.9284432278946, "max": 116.98390093632042, "mean": 116.95617208210751, "std": 0.027728854212909937, "repeat": 2, "number": 2}]}, "casademo.flagdata_suite.time_flagdata_list_summary": {"result": [8.559491527965292], "stats": [{"ci_99": [6.366642968030646, 10.752340087899936], "q_25": 8.537563042365946, "q_75": 8.581420013564639, "min": 8.5156345567666, "max": 8.603348499163985, "mean": 8.559491527965292, "std": 0.04385697119869292, "repeat": 2, "number": 2}]}, "casademo.flagdata_suite.time_flagdata_summary": {"result": [8.326557927532122], "stats": [{"ci_99": [8.285277275601402, 8.367838579462841], "q_25": 8.326145121012814, "q_75": 8.326970734051429, "min": 8.325732314493507, "max": 8.327383540570736, "mean": 8.326557927532122, "std": 0.0008256130386143923, "repeat": 2, "number": 2}]}, "casademo.tclean_memory_suite.peakmem_tclean_setweighting": 1978228736}, "params": {"arch": "x86_64", "cpu": "Intel(R) Xeon(R) CPU E5-1660 v4 @ 3.20GHz", "machine": "NRAO workstation", "num_cpu": "16", "os": "Linux 3.10.0-1160.15.2.el7.x86_64", "ram": "32GB", "python": "3.6", "pip+casatools": "trunk", "pip+casatasks": "trunk"}, "requirements": {"pip+casatools": "trunk", "pip+casatasks": "trunk"}, "commit_hash": "aa3603a192281900ba4f590d81f6d8e31b3409d6", "date": 1607100271000, "env_name": "virtualenv-py3.6-pip+casatasks-trunk-pip+casatools-trunk", "python": "3.6", "profiles": {}, "started_at": {"casademo.calibration_suite.time_applycal_callib": 1630546403702, "casademo.calibration_suite.time_bandpass": 1630546524949, "casademo.calibration_suite.time_gaincal": 1630546602045, "casademo.flagdata_suite.time_flagdata_bandpassflag": 1630546725293, "casademo.flagdata_suite.time_flagdata_list": 1630546738370, "casademo.flagdata_suite.time_flagdata_list_summary": 1630546972389, "casademo.flagdata_suite.time_flagdata_summary": 1630546989632, "casademo.tclean_memory_suite.peakmem_tclean_setweighting": 1630547006325}, "ended_at": {"casademo.calibration_suite.time_applycal_callib": 1630546524949, "casademo.calibration_suite.time_bandpass": 1630546602044, "casademo.calibration_suite.time_gaincal": 1630546725290, "casademo.flagdata_suite.time_flagdata_bandpassflag": 1630546738370, "casademo.flagdata_suite.time_flagdata_list": 1630546972389, "casademo.flagdata_suite.time_flagdata_list_summary": 1630546989632, "casademo.flagdata_suite.time_flagdata_summary": 1630547006324, "casademo.tclean_memory_suite.peakmem_tclean_setweighting": 1630547312103}, "benchmark_version": {"casademo.calibration_suite.time_applycal_callib": "9ef394762fe7135f58c94c0e46a655fae93e7d107904ceff94d228f23b89a589", "casademo.calibration_suite.time_bandpass": "f706aa044f6bc64b915996b7bdd6bc5666cae0eb7c47ff9a70b5bced6c9fbd0c", "casademo.calibration_suite.time_gaincal": "56f8a9022caccdafe4240fb9a2766b2d5d56cc1c784bd724822d3b040f5b5309", "casademo.flagdata_suite.time_flagdata_bandpassflag": "f55e0ffa6be9d655555c5081a0e7bf2bc00b253273ba7c220de0bd2cfb3baf6c", "casademo.flagdata_suite.time_flagdata_list": "1a40b66ffb4a43d48af3407bae817ed4f7667fe778880859384f5f2e7c9c5d1f", "casademo.flagdata_suite.time_flagdata_list_summary": "3eb284062687484026a1defb4fceb705e83b244e37405f8794d431940ff44b08", "casademo.flagdata_suite.time_flagdata_summary": "9e569fb4e2a2f68e59c510bbf889632173be867104a4e5ba5a98d0eb110e82fb", "casademo.tclean_memory_suite.peakmem_tclean_setweighting": "b08240b9d9211ba7e2ce323aae697e4b25deb8a6db4c5e2e48519cedc4707769"}, "version": 1}
