{"results": {"casademo.tclean_memory_suite.peakmem_tclean_setweighting": 1959518208, "casademo.calibration_suite.time_applycal_callib": {"result": [25.501810984453186], "stats": [{"ci_99": [11.392325329827145, 39.611296639079214], "q_25": 25.360716127906926, "q_75": 25.642905840999447, "min": 25.219621271360666, "max": 25.784000697545707, "mean": 25.501810984453186, "std": 0.28218971309252083, "repeat": 2, "number": 2}]}, "casademo.calibration_suite.time_bandpass": {"result": [50.22785440902226], "stats": [{"ci_99": [28.104375066468492, 72.351333751576], "q_25": 50.00661961559672, "q_75": 50.449089202447794, "min": 49.78538482217118, "max": 50.67032399587333, "mean": 50.22785440902226, "std": 0.4424695868510753, "repeat": 2, "number": 2}]}, "casademo.calibration_suite.time_gaincal": {"result": [50.20282038371079], "stats": [{"ci_99": [18.730024053948, 81.67561671347354], "q_25": 49.88809242041316, "q_75": 50.517548347008415, "min": 49.57336445711553, "max": 50.83227631030604, "mean": 50.20282038371079, "std": 0.6294559265952557, "repeat": 2, "number": 2}]}, "casademo.flagdata_suite.time_flagdata_bandpassflag": {"result": [9.012055180734023], "stats": [{"ci_99": [7.8549488496501, 10.169161511817947], "q_25": 9.000484117423184, "q_75": 9.023626244044863, "min": 8.988913054112345, "max": 9.035197307355702, "mean": 9.012055180734023, "std": 0.02314212662167847, "repeat": 2, "number": 2}]}, "casademo.flagdata_suite.time_flagdata_list": {"result": [113.43666137312539], "stats": [{"ci_99": [111.52925230911933, 115.34407043713145], "q_25": 113.41758728248533, "q_75": 113.45573546376545, "min": 113.39851319184527, "max": 113.47480955440551, "mean": 113.43666137312539, "std": 0.03814818128012121, "repeat": 2, "number": 2}]}, "casademo.flagdata_suite.time_flagdata_list_summary": {"result": [11.783474466530606], "stats": [{"ci_99": [7.712735612178221, 15.854213320882987], "q_25": 11.742767077987082, "q_75": 11.82418185507413, "min": 11.702059689443558, "max": 11.864889243617654, "mean": 11.783474466530606, "std": 0.0814147770870477, "repeat": 2, "number": 2}]}, "casademo.flagdata_suite.time_flagdata_summary": {"result": [11.33582764887251], "stats": [{"ci_99": [-0.31559409690089524, 22.987249394645904], "q_25": 11.219313431414776, "q_75": 11.452341866330244, "min": 11.102799213957042, "max": 11.568856083787978, "mean": 11.33582764887251, "std": 0.2330284349154681, "repeat": 2, "number": 2}]}}, "params": {"arch": "x86_64", "cpu": "Intel(R) Xeon(R) CPU E5-1660 v4 @ 3.20GHz", "machine": "NRAO workstation", "num_cpu": "16", "os": "Linux 3.10.0-1160.15.2.el7.x86_64", "ram": "32GB", "python": "3.6", "pip+casatools": "6.2.1", "pip+casatasks": "6.2.1"}, "requirements": {"pip+casatools": "6.2.1", "pip+casatasks": "6.2.1"}, "commit_hash": "aa58aa9b3aa20de055592cecfc07ba657cf51733", "date": 1625664279000, "env_name": "virtualenv-py3.6-pip+casatasks6.2.1.3-pip+casatools6.2.1.3", "python": "3.6", "profiles": {}, "started_at": {"casademo.tclean_memory_suite.peakmem_tclean_setweighting": 1630505715275, "casademo.calibration_suite.time_applycal_callib": 1630505099902, "casademo.calibration_suite.time_bandpass": 1630505175593, "casademo.calibration_suite.time_gaincal": 1630505298096, "casademo.flagdata_suite.time_flagdata_bandpassflag": 1630505423210, "casademo.flagdata_suite.time_flagdata_list": 1630505441255, "casademo.flagdata_suite.time_flagdata_list_summary": 1630505668259, "casademo.flagdata_suite.time_flagdata_summary": 1630505692068}, "ended_at": {"casademo.tclean_memory_suite.peakmem_tclean_setweighting": 1630505887557, "casademo.calibration_suite.time_applycal_callib": 1630505175592, "casademo.calibration_suite.time_bandpass": 1630505298095, "casademo.calibration_suite.time_gaincal": 1630505423202, "casademo.flagdata_suite.time_flagdata_bandpassflag": 1630505441255, "casademo.flagdata_suite.time_flagdata_list": 1630505668259, "casademo.flagdata_suite.time_flagdata_list_summary": 1630505692067, "casademo.flagdata_suite.time_flagdata_summary": 1630505715274}, "benchmark_version": {"casademo.tclean_memory_suite.peakmem_tclean_setweighting": "b08240b9d9211ba7e2ce323aae697e4b25deb8a6db4c5e2e48519cedc4707769", "casademo.calibration_suite.time_applycal_callib": "9ef394762fe7135f58c94c0e46a655fae93e7d107904ceff94d228f23b89a589", "casademo.calibration_suite.time_bandpass": "f706aa044f6bc64b915996b7bdd6bc5666cae0eb7c47ff9a70b5bced6c9fbd0c", "casademo.calibration_suite.time_gaincal": "56f8a9022caccdafe4240fb9a2766b2d5d56cc1c784bd724822d3b040f5b5309", "casademo.flagdata_suite.time_flagdata_bandpassflag": "f55e0ffa6be9d655555c5081a0e7bf2bc00b253273ba7c220de0bd2cfb3baf6c", "casademo.flagdata_suite.time_flagdata_list": "1a40b66ffb4a43d48af3407bae817ed4f7667fe778880859384f5f2e7c9c5d1f", "casademo.flagdata_suite.time_flagdata_list_summary": "3eb284062687484026a1defb4fceb705e83b244e37405f8794d431940ff44b08", "casademo.flagdata_suite.time_flagdata_summary": "9e569fb4e2a2f68e59c510bbf889632173be867104a4e5ba5a98d0eb110e82fb"}, "version": 1}
