{"results": {"casademo.tclean_memory_suite.peakmem_tclean_setweighting": 1865355264, "casademo.calibration_suite.time_applycal_callib": {"result": [41.86024464853108], "stats": [{"ci_99": [-584.9162861313671, 668.6367754284287], "q_25": 35.5924793407321, "q_75": 48.12800995633006, "min": 29.324714032933116, "max": 54.39577526412904, "mean": 41.86024464853108, "std": 12.535530615597963, "repeat": 2, "number": 2}]}, "casademo.calibration_suite.time_bandpass": {"result": [24.831453475169837], "stats": [{"ci_99": [12.245331957936287, 37.417574992403374], "q_25": 24.705592259997502, "q_75": 24.957314690342173, "min": 24.579731044825166, "max": 25.08317590551451, "mean": 24.831453475169837, "std": 0.251722430344671, "repeat": 2, "number": 2}]}, "casademo.calibration_suite.time_gaincal": {"result": [49.951653990894556], "stats": [{"ci_99": [24.026424035429955, 75.87688394635913], "q_25": 49.69240169133991, "q_75": 50.2109062904492, "min": 49.433149391785264, "max": 50.47015859000385, "mean": 49.951653990894556, "std": 0.518504599109292, "repeat": 2, "number": 2}]}, "casademo.flagdata_suite.time_flagdata_bandpassflag": {"result": [31.822029781527817], "stats": [{"ci_99": [31.636577496305108, 32.007482066750526], "q_25": 31.82017525867559, "q_75": 31.823884304380044, "min": 31.818320735823363, "max": 31.82573882723227, "mean": 31.822029781527817, "std": 0.0037090457044541836, "repeat": 2, "number": 2}]}, "casademo.flagdata_suite.time_flagdata_list": {"result": [133.5712191888597], "stats": [{"ci_99": [52.733743738615885, 214.40869463910343], "q_25": 132.76284443435725, "q_75": 134.37959394336212, "min": 131.9544696798548, "max": 135.18796869786456, "mean": 133.5712191888597, "std": 1.616749509004876, "repeat": 2, "number": 2}]}, "casademo.flagdata_suite.time_flagdata_list_summary": {"result": [34.13038180815056], "stats": [{"ci_99": [16.09671676205471, 52.16404685424639], "q_25": 33.9500451576896, "q_75": 34.31071845861152, "min": 33.76970850722864, "max": 34.49105510907248, "mean": 34.13038180815056, "std": 0.36067330092191696, "repeat": 2, "number": 2}]}, "casademo.flagdata_suite.time_flagdata_summary": {"result": [32.65796635998413], "stats": [{"ci_99": [31.422035086434335, 33.893897633533925], "q_25": 32.64560704724863, "q_75": 32.67032567271963, "min": 32.633247734513134, "max": 32.682684985455126, "mean": 32.65796635998413, "std": 0.024718625470995903, "repeat": 2, "number": 2}]}, "casademo.tclean_memory_suite.track_tclean_file_descriptors_cubemode_mosaic_briggs": 512}, "params": {"arch": "x86_64", "cpu": "Intel(R) Xeon(R) CPU E5-1660 v4 @ 3.20GHz", "machine": "NRAO workstation", "num_cpu": "16", "os": "Linux 3.10.0-1160.15.2.el7.x86_64", "ram": "32GB", "python": "3.6", "pip+casatools": "trunk", "pip+casatasks": "trunk"}, "requirements": {"pip+casatools": "trunk", "pip+casatasks": "trunk"}, "commit_hash": "ab7e40af4eb22cb952bf78dfa41e50d94b12f076", "date": 1603915357000, "env_name": "virtualenv-py3.6-pip+casatasks-trunk-pip+casatools-trunk", "python": "3.6", "profiles": {}, "started_at": {"casademo.tclean_memory_suite.peakmem_tclean_setweighting": 1630416035860, "casademo.calibration_suite.time_applycal_callib": 1630415284435, "casademo.calibration_suite.time_bandpass": 1630415366340, "casademo.calibration_suite.time_gaincal": 1630415444698, "casademo.flagdata_suite.time_flagdata_bandpassflag": 1630415568706, "casademo.flagdata_suite.time_flagdata_list": 1630415632401, "casademo.flagdata_suite.time_flagdata_list_summary": 1630415902855, "casademo.flagdata_suite.time_flagdata_summary": 1630415970460, "casademo.tclean_memory_suite.track_tclean_file_descriptors_cubemode_mosaic_briggs": 1631889002802}, "ended_at": {"casademo.tclean_memory_suite.peakmem_tclean_setweighting": 1630416350561, "casademo.calibration_suite.time_applycal_callib": 1630415366340, "casademo.calibration_suite.time_bandpass": 1630415444698, "casademo.calibration_suite.time_gaincal": 1630415568703, "casademo.flagdata_suite.time_flagdata_bandpassflag": 1630415632401, "casademo.flagdata_suite.time_flagdata_list": 1630415902854, "casademo.flagdata_suite.time_flagdata_list_summary": 1630415970460, "casademo.flagdata_suite.time_flagdata_summary": 1630416035860, "casademo.tclean_memory_suite.track_tclean_file_descriptors_cubemode_mosaic_briggs": 1631889312136}, "benchmark_version": {"casademo.calibration_suite.time_applycal_callib": "9ef394762fe7135f58c94c0e46a655fae93e7d107904ceff94d228f23b89a589", "casademo.calibration_suite.time_bandpass": "f706aa044f6bc64b915996b7bdd6bc5666cae0eb7c47ff9a70b5bced6c9fbd0c", "casademo.calibration_suite.time_gaincal": "56f8a9022caccdafe4240fb9a2766b2d5d56cc1c784bd724822d3b040f5b5309", "casademo.flagdata_suite.time_flagdata_bandpassflag": "f55e0ffa6be9d655555c5081a0e7bf2bc00b253273ba7c220de0bd2cfb3baf6c", "casademo.flagdata_suite.time_flagdata_list": "1a40b66ffb4a43d48af3407bae817ed4f7667fe778880859384f5f2e7c9c5d1f", "casademo.flagdata_suite.time_flagdata_list_summary": "3eb284062687484026a1defb4fceb705e83b244e37405f8794d431940ff44b08", "casademo.flagdata_suite.time_flagdata_summary": "9e569fb4e2a2f68e59c510bbf889632173be867104a4e5ba5a98d0eb110e82fb", "casademo.tclean_memory_suite.peakmem_tclean_setweighting": "b08240b9d9211ba7e2ce323aae697e4b25deb8a6db4c5e2e48519cedc4707769", "casademo.tclean_memory_suite.track_tclean_file_descriptors_cubemode_mosaic_briggs": "e3aeb6edf33f78d2db6d58dfc61576924a9768f7a205164fcd839666bde1ae63"}, "version": 1}
