{"results": {"casademo.tclean_memory_suite.peakmem_tclean_setweighting": 1959538688, "casademo.flagdata_suite.time_flagdata_bandpassflag": {"result": [9.328015301609412], "stats": [{"ci_99": [8.87655893038027, 9.779471672838554], "q_25": 9.32350073789712, "q_75": 9.332529865321703, "min": 9.318986174184829, "max": 9.337044429033995, "mean": 9.328015301609412, "std": 0.009029127424582839, "repeat": 2, "number": 2}]}, "casademo.flagdata_suite.time_flagdata_list": {"result": [113.08159026037902], "stats": [{"ci_99": [112.4203990790993, 113.74278144165874], "q_25": 113.07497834856622, "q_75": 113.08820217219181, "min": 113.06836643675342, "max": 113.09481408400461, "mean": 113.08159026037902, "std": 0.013223823625594378, "repeat": 2, "number": 2}]}, "casademo.flagdata_suite.time_flagdata_list_summary": {"result": [11.978093754732981], "stats": [{"ci_99": [6.929452902404591, 17.026734607061368], "q_25": 11.927607346209697, "q_75": 12.028580163256265, "min": 11.877120937686414, "max": 12.07906657177955, "mean": 11.978093754732981, "std": 0.1009728170465678, "repeat": 2, "number": 2}]}, "casademo.flagdata_suite.time_flagdata_summary": {"result": [11.544015081133693], "stats": [{"ci_99": [-1.0457553579472005, 24.133785520214577], "q_25": 11.418117376742885, "q_75": 11.669912785524502, "min": 11.292219672352076, "max": 11.795810489915311, "mean": 11.544015081133693, "std": 0.2517954087816179, "repeat": 2, "number": 2}]}, "casademo.calibration_suite.time_applycal_callib": {"result": [32.48513429611921], "stats": [{"ci_99": [-232.03623918630183, 297.00650777854], "q_25": 29.839920561295003, "q_75": 35.13034803094342, "min": 27.194706826470792, "max": 37.775561765767634, "mean": 32.48513429611921, "std": 5.290427469648421, "repeat": 2, "number": 2}]}, "casademo.calibration_suite.time_bandpass": {"result": [34.35119569883682], "stats": [{"ci_99": [-393.578630812699, 462.28102221037227], "q_25": 30.07189743372146, "q_75": 38.630493963952176, "min": 25.792599168606102, "max": 42.909792229067534, "mean": 34.35119569883682, "std": 8.558596530230716, "repeat": 2, "number": 2}]}, "casademo.calibration_suite.time_gaincal": {"result": [51.16592012089677], "stats": [{"ci_99": [15.6834271827247, 86.64841305906882], "q_25": 50.81109519151505, "q_75": 51.52074505027849, "min": 50.45627026213333, "max": 51.87556997966021, "mean": 51.16592012089677, "std": 0.7096498587634414, "repeat": 2, "number": 2}]}}, "params": {"arch": "x86_64", "cpu": "Intel(R) Xeon(R) CPU E5-1660 v4 @ 3.20GHz", "machine": "NRAO workstation", "num_cpu": "16", "os": "Linux 3.10.0-1160.15.2.el7.x86_64", "ram": "32GB", "python": "3.6", "pip+casatools": "6.4.0", "pip+casatasks": "6.4.0"}, "requirements": {"pip+casatools": "6.4.0", "pip+casatasks": "6.4.0"}, "commit_hash": "ab8e075126126c0c404cac3dbd1c75476bcd59a5", "date": 1629476807000, "env_name": "virtualenv-py3.6-pip+casatasks6.4.0.2-pip+casatools6.4.0.2", "python": "3.6", "profiles": {}, "started_at": {"casademo.tclean_memory_suite.peakmem_tclean_setweighting": 1629826556190, "casademo.flagdata_suite.time_flagdata_bandpassflag": 1629826263420, "casademo.flagdata_suite.time_flagdata_list": 1629826282116, "casademo.flagdata_suite.time_flagdata_list_summary": 1629826508322, "casademo.flagdata_suite.time_flagdata_summary": 1629826532531, "casademo.calibration_suite.time_applycal_callib": 1629825893784, "casademo.calibration_suite.time_bandpass": 1629826018718, "casademo.calibration_suite.time_gaincal": 1629826140067}, "ended_at": {"casademo.tclean_memory_suite.peakmem_tclean_setweighting": 1629826734444, "casademo.flagdata_suite.time_flagdata_bandpassflag": 1629826282116, "casademo.flagdata_suite.time_flagdata_list": 1629826508322, "casademo.flagdata_suite.time_flagdata_list_summary": 1629826532531, "casademo.flagdata_suite.time_flagdata_summary": 1629826556189, "casademo.calibration_suite.time_applycal_callib": 1629826018718, "casademo.calibration_suite.time_bandpass": 1629826140067, "casademo.calibration_suite.time_gaincal": 1629826263417}, "benchmark_version": {"casademo.calibration_suite.time_applycal_callib": "9ef394762fe7135f58c94c0e46a655fae93e7d107904ceff94d228f23b89a589", "casademo.calibration_suite.time_bandpass": "f706aa044f6bc64b915996b7bdd6bc5666cae0eb7c47ff9a70b5bced6c9fbd0c", "casademo.calibration_suite.time_gaincal": "56f8a9022caccdafe4240fb9a2766b2d5d56cc1c784bd724822d3b040f5b5309", "casademo.flagdata_suite.time_flagdata_bandpassflag": "f55e0ffa6be9d655555c5081a0e7bf2bc00b253273ba7c220de0bd2cfb3baf6c", "casademo.flagdata_suite.time_flagdata_list": "1a40b66ffb4a43d48af3407bae817ed4f7667fe778880859384f5f2e7c9c5d1f", "casademo.flagdata_suite.time_flagdata_list_summary": "3eb284062687484026a1defb4fceb705e83b244e37405f8794d431940ff44b08", "casademo.flagdata_suite.time_flagdata_summary": "9e569fb4e2a2f68e59c510bbf889632173be867104a4e5ba5a98d0eb110e82fb", "casademo.tclean_memory_suite.peakmem_tclean_setweighting": "b08240b9d9211ba7e2ce323aae697e4b25deb8a6db4c5e2e48519cedc4707769"}, "version": 1}
