{"results": {"casademo.calibration_suite.time_applycal_callib": {"result": [27.01951514976099], "stats": [{"ci_99": [0.5100108734332025, 53.52901942608876], "q_25": 26.754420106997713, "q_75": 27.28461019252427, "min": 26.489325064234436, "max": 27.549705235287547, "mean": 27.01951514976099, "std": 0.5301900855265558, "repeat": 2, "number": 2}]}, "casademo.calibration_suite.time_bandpass": {"result": [24.072274367092177], "stats": [{"ci_99": [1.0439256432000548, 47.10062309098428], "q_25": 23.841990879853256, "q_75": 24.3025578543311, "min": 23.611707392614335, "max": 24.53284134157002, "mean": 24.072274367092177, "std": 0.46056697447784245, "repeat": 2, "number": 2}]}, "casademo.calibration_suite.time_gaincal": {"result": [49.874636319698766], "stats": [{"ci_99": [40.31697035371326, 59.432302285684266], "q_25": 49.77905966003891, "q_75": 49.97021297935862, "min": 49.683483000379056, "max": 50.065789639018476, "mean": 49.874636319698766, "std": 0.19115331931971014, "repeat": 2, "number": 2}]}, "casademo.flagdata_suite.time_flagdata_bandpassflag": {"result": [9.094693487277254], "stats": [{"ci_99": [8.49821945768781, 9.691167516866699], "q_25": 9.08872874698136, "q_75": 9.100658227573149, "min": 9.082764006685466, "max": 9.106622967869043, "mean": 9.094693487277254, "std": 0.011929480591788888, "repeat": 2, "number": 2}]}, "casademo.flagdata_suite.time_flagdata_list": {"result": [111.77235246100463], "stats": [{"ci_99": [111.69868704560213, 111.84601787640713], "q_25": 111.7716158068506, "q_75": 111.77308911515865, "min": 111.77087915269658, "max": 111.77382576931268, "mean": 111.77235246100463, "std": 0.0014733083080500364, "repeat": 2, "number": 2}]}, "casademo.flagdata_suite.time_flagdata_list_summary": {"result": [11.662038549315184], "stats": [{"ci_99": [7.926108099985868, 15.397968998644497], "q_25": 11.624679244821891, "q_75": 11.699397853808478, "min": 11.587319940328598, "max": 11.73675715830177, "mean": 11.662038549315184, "std": 0.07471860898658633, "repeat": 2, "number": 2}]}, "casademo.flagdata_suite.time_flagdata_summary": {"result": [11.362763057462871], "stats": [{"ci_99": [-1.5859209410846233, 24.311447056010355], "q_25": 11.233276217477396, "q_75": 11.492249897448346, "min": 11.103789377491921, "max": 11.621736737433821, "mean": 11.362763057462871, "std": 0.2589736799709499, "repeat": 2, "number": 2}]}, "casademo.tclean_memory_suite.peakmem_tclean_setweighting": 1959505920, "casademo.tclean_memory_suite.track_tclean_file_descriptors_cubemode_mosaic_briggs": 128}, "params": {"arch": "x86_64", "cpu": "Intel(R) Xeon(R) CPU E5-1660 v4 @ 3.20GHz", "machine": "NRAO workstation", "num_cpu": "16", "os": "Linux 3.10.0-1160.15.2.el7.x86_64", "ram": "32GB", "python": "3.6", "pip+casatasks": "6.4.0"}, "requirements": {"pip+casatasks": "6.4.0"}, "commit_hash": "ab8e075126126c0c404cac3dbd1c75476bcd59a5", "date": 1629476807000, "env_name": "virtualenv-py3.6-pip+casatasks6.4.0.2", "python": "3.6", "profiles": {}, "started_at": {"casademo.calibration_suite.time_applycal_callib": 1631811364666, "casademo.calibration_suite.time_bandpass": 1631811444157, "casademo.calibration_suite.time_gaincal": 1631811521383, "casademo.flagdata_suite.time_flagdata_bandpassflag": 1631811645139, "casademo.flagdata_suite.time_flagdata_list": 1631811663386, "casademo.flagdata_suite.time_flagdata_list_summary": 1631811886974, "casademo.flagdata_suite.time_flagdata_summary": 1631811910231, "casademo.tclean_memory_suite.peakmem_tclean_setweighting": 1631811932485, "casademo.tclean_memory_suite.track_tclean_file_descriptors_cubemode_mosaic_briggs": 1631812104971}, "ended_at": {"casademo.calibration_suite.time_applycal_callib": 1631811444156, "casademo.calibration_suite.time_bandpass": 1631811521382, "casademo.calibration_suite.time_gaincal": 1631811645136, "casademo.flagdata_suite.time_flagdata_bandpassflag": 1631811663385, "casademo.flagdata_suite.time_flagdata_list": 1631811886974, "casademo.flagdata_suite.time_flagdata_list_summary": 1631811910230, "casademo.flagdata_suite.time_flagdata_summary": 1631811932485, "casademo.tclean_memory_suite.peakmem_tclean_setweighting": 1631812104971, "casademo.tclean_memory_suite.track_tclean_file_descriptors_cubemode_mosaic_briggs": 1631812280419}, "benchmark_version": {"casademo.calibration_suite.time_applycal_callib": "9ef394762fe7135f58c94c0e46a655fae93e7d107904ceff94d228f23b89a589", "casademo.calibration_suite.time_bandpass": "f706aa044f6bc64b915996b7bdd6bc5666cae0eb7c47ff9a70b5bced6c9fbd0c", "casademo.calibration_suite.time_gaincal": "56f8a9022caccdafe4240fb9a2766b2d5d56cc1c784bd724822d3b040f5b5309", "casademo.flagdata_suite.time_flagdata_bandpassflag": "f55e0ffa6be9d655555c5081a0e7bf2bc00b253273ba7c220de0bd2cfb3baf6c", "casademo.flagdata_suite.time_flagdata_list": "1a40b66ffb4a43d48af3407bae817ed4f7667fe778880859384f5f2e7c9c5d1f", "casademo.flagdata_suite.time_flagdata_list_summary": "3eb284062687484026a1defb4fceb705e83b244e37405f8794d431940ff44b08", "casademo.flagdata_suite.time_flagdata_summary": "9e569fb4e2a2f68e59c510bbf889632173be867104a4e5ba5a98d0eb110e82fb", "casademo.tclean_memory_suite.peakmem_tclean_setweighting": "b08240b9d9211ba7e2ce323aae697e4b25deb8a6db4c5e2e48519cedc4707769", "casademo.tclean_memory_suite.track_tclean_file_descriptors_cubemode_mosaic_briggs": "e3aeb6edf33f78d2db6d58dfc61576924a9768f7a205164fcd839666bde1ae63"}, "version": 1}
