{"results": {"casademo.calibration_suite.time_applycal_callib": {"result": [24.439831626601517], "stats": [{"ci_99": [-64.97255273722112, 113.85221599042409], "q_25": 23.54570778296329, "q_75": 25.333955470239744, "min": 22.651583939325064, "max": 26.22807931387797, "mean": 24.439831626601517, "std": 1.7882476872764528, "repeat": 2, "number": 2}]}, "casademo.calibration_suite.time_bandpass": {"result": [24.677150149596855], "stats": [{"ci_99": [-1.2488033154513687, 50.60310361464506], "q_25": 24.417890614946373, "q_75": 24.936409684247337, "min": 24.15863108029589, "max": 25.19566921889782, "mean": 24.677150149596855, "std": 0.5185190693009645, "repeat": 2, "number": 2}]}, "casademo.calibration_suite.time_gaincal": {"result": [50.5607559971977], "stats": [{"ci_99": [-5.6516012598294765, 106.77311325422482], "q_25": 49.99863242462743, "q_75": 51.122879569767974, "min": 49.43650885205716, "max": 51.685003142338246, "mean": 50.5607559971977, "std": 1.1242471451405436, "repeat": 2, "number": 2}]}, "casademo.flagdata_suite.time_flagdata_bandpassflag": {"result": [7.715935841901228], "stats": [{"ci_99": [5.4889437856618315, 9.942927898140622], "q_25": 7.693665921338834, "q_75": 7.738205762463622, "min": 7.67139600077644, "max": 7.760475683026016, "mean": 7.715935841901228, "std": 0.04453984112478793, "repeat": 2, "number": 2}]}, "casademo.flagdata_suite.time_flagdata_list": {"result": [120.16846716892906], "stats": [{"ci_99": [116.07268791436218, 124.26424642349593], "q_25": 120.12750937638339, "q_75": 120.20942496147472, "min": 120.08655158383772, "max": 120.2503827540204, "mean": 120.16846716892906, "std": 0.08191558509133756, "repeat": 2, "number": 2}]}, "casademo.flagdata_suite.time_flagdata_list_summary": {"result": [9.843242015922442], "stats": [{"ci_99": [5.368709027534351, 14.31777500431053], "q_25": 9.798496686038561, "q_75": 9.887987345806323, "min": 9.75375135615468, "max": 9.932732675690204, "mean": 9.843242015922442, "std": 0.08949065976776183, "repeat": 2, "number": 2}]}, "casademo.flagdata_suite.time_flagdata_summary": {"result": [9.370347666321322], "stats": [{"ci_99": [-1.164759805193171, 19.90545513783581], "q_25": 9.264996591606177, "q_75": 9.475698741036467, "min": 9.159645516891032, "max": 9.581049815751612, "mean": 9.370347666321322, "std": 0.21070214943028986, "repeat": 2, "number": 2}]}, "casademo.tclean_memory_suite.peakmem_tclean_setweighting": 1978380288}, "params": {"arch": "x86_64", "cpu": "Intel(R) Xeon(R) CPU E5-1660 v4 @ 3.20GHz", "machine": "NRAO workstation", "num_cpu": "16", "os": "Linux 3.10.0-1160.15.2.el7.x86_64", "ram": "32GB", "python": "3.6", "pip+casatools": "trunk", "pip+casatasks": "trunk"}, "requirements": {"pip+casatools": "trunk", "pip+casatasks": "trunk"}, "commit_hash": "ad1cc584443dace55737d2acf7719816dcd47a47", "date": 1598373581000, "env_name": "virtualenv-py3.6-pip+casatasks-trunk-pip+casatools-trunk", "python": "3.6", "profiles": {}, "started_at": {"casademo.calibration_suite.time_applycal_callib": 1629839936601, "casademo.calibration_suite.time_bandpass": 1629840011087, "casademo.calibration_suite.time_gaincal": 1629840085224, "casademo.flagdata_suite.time_flagdata_bandpassflag": 1629840208881, "casademo.flagdata_suite.time_flagdata_list": 1629840224270, "casademo.flagdata_suite.time_flagdata_list_summary": 1629840464504, "casademo.flagdata_suite.time_flagdata_summary": 1629840484454, "casademo.tclean_memory_suite.peakmem_tclean_setweighting": 1629840503652}, "ended_at": {"casademo.calibration_suite.time_applycal_callib": 1629840011087, "casademo.calibration_suite.time_bandpass": 1629840085224, "casademo.calibration_suite.time_gaincal": 1629840208878, "casademo.flagdata_suite.time_flagdata_bandpassflag": 1629840224270, "casademo.flagdata_suite.time_flagdata_list": 1629840464504, "casademo.flagdata_suite.time_flagdata_list_summary": 1629840484453, "casademo.flagdata_suite.time_flagdata_summary": 1629840503651, "casademo.tclean_memory_suite.peakmem_tclean_setweighting": 1629840807948}, "benchmark_version": {"casademo.calibration_suite.time_applycal_callib": "9ef394762fe7135f58c94c0e46a655fae93e7d107904ceff94d228f23b89a589", "casademo.calibration_suite.time_bandpass": "f706aa044f6bc64b915996b7bdd6bc5666cae0eb7c47ff9a70b5bced6c9fbd0c", "casademo.calibration_suite.time_gaincal": "56f8a9022caccdafe4240fb9a2766b2d5d56cc1c784bd724822d3b040f5b5309", "casademo.flagdata_suite.time_flagdata_bandpassflag": "f55e0ffa6be9d655555c5081a0e7bf2bc00b253273ba7c220de0bd2cfb3baf6c", "casademo.flagdata_suite.time_flagdata_list": "1a40b66ffb4a43d48af3407bae817ed4f7667fe778880859384f5f2e7c9c5d1f", "casademo.flagdata_suite.time_flagdata_list_summary": "3eb284062687484026a1defb4fceb705e83b244e37405f8794d431940ff44b08", "casademo.flagdata_suite.time_flagdata_summary": "9e569fb4e2a2f68e59c510bbf889632173be867104a4e5ba5a98d0eb110e82fb", "casademo.tclean_memory_suite.peakmem_tclean_setweighting": "b08240b9d9211ba7e2ce323aae697e4b25deb8a6db4c5e2e48519cedc4707769"}, "version": 1}
