{"results": {"casademo.calibration_suite.time_applycal_callib": {"result": [24.439831626601517], "stats": [{"ci_99": [-64.97255273722112, 113.85221599042409], "q_25": 23.54570778296329, "q_75": 25.333955470239744, "min": 22.651583939325064, "max": 26.22807931387797, "mean": 24.439831626601517, "std": 1.7882476872764528, "repeat": 2, "number": 2}]}, "casademo.calibration_suite.time_bandpass": {"result": [24.677150149596855], "stats": [{"ci_99": [-1.2488033154513687, 50.60310361464506], "q_25": 24.417890614946373, "q_75": 24.936409684247337, "min": 24.15863108029589, "max": 25.19566921889782, "mean": 24.677150149596855, "std": 0.5185190693009645, "repeat": 2, "number": 2}]}, "casademo.calibration_suite.time_gaincal": {"result": [50.5607559971977], "stats": [{"ci_99": [-5.6516012598294765, 106.77311325422482], "q_25": 49.99863242462743, "q_75": 51.122879569767974, "min": 49.43650885205716, "max": 51.685003142338246, "mean": 50.5607559971977, "std": 1.1242471451405436, "repeat": 2, "number": 2}]}, "casademo.flagdata_suite.time_flagdata_bandpassflag": {"result": [7.715935841901228], "stats": [{"ci_99": [5.4889437856618315, 9.942927898140622], "q_25": 7.693665921338834, "q_75": 7.738205762463622, "min": 7.67139600077644, "max": 7.760475683026016, "mean": 7.715935841901228, "std": 0.04453984112478793, "repeat": 2, "number": 2}]}, "casademo.flagdata_suite.time_flagdata_list": {"result": [120.16846716892906], "stats": [{"ci_99": [116.07268791436218, 124.26424642349593], "q_25": 120.12750937638339, "q_75": 120.20942496147472, "min": 120.08655158383772, "max": 120.2503827540204, "mean": 120.16846716892906, "std": 0.08191558509133756, "repeat": 2, "number": 2}]}, "casademo.flagdata_suite.time_flagdata_list_summary": {"result": [9.843242015922442], "stats": [{"ci_99": [5.368709027534351, 14.31777500431053], "q_25": 9.798496686038561, "q_75": 9.887987345806323, "min": 9.75375135615468, "max": 9.932732675690204, "mean": 9.843242015922442, "std": 0.08949065976776183, "repeat": 2, "number": 2}]}, "casademo.flagdata_suite.time_flagdata_summary": {"result": [9.370347666321322], "stats": [{"ci_99": [-1.164759805193171, 19.90545513783581], "q_25": 9.264996591606177, "q_75": 9.475698741036467, "min": 9.159645516891032, "max": 9.581049815751612, "mean": 9.370347666321322, "std": 0.21070214943028986, "repeat": 2, "number": 2}]}, "casademo.tclean_memory_suite.peakmem_tclean_setweighting": 1978380288}, "params": {"arch": "x86_64", "cpu": "Intel(R) Xeon(R) CPU E5-1660 v4 @ 3.20GHz", "machine": "NRAO workstation", "num_cpu": "16", "os": "Linux 3.10.0-1160.15.2.el7.x86_64", "ram": "32GB", "python": "3.6", "pip+casatools": "6.2.0", "pip+casatasks": "6.2.0"}, "requirements": {"pip+casatools": "6.2.0", "pip+casatasks": "6.2.0"}, "commit_hash": "ad1cc584443dace55737d2acf7719816dcd47a47", "date": 1598373581000, "env_name": "virtualenv-py3.6-pip+casatasks6.2.0.16-pip+casatools6.2.0.16", "python": "3.6", "profiles": {}, "started_at": {"casademo.calibration_suite.time_applycal_callib": 1629839936601, "casademo.calibration_suite.time_bandpass": 1629840011087, "casademo.calibration_suite.time_gaincal": 1629840085224, "casademo.flagdata_suite.time_flagdata_bandpassflag": 1629840208881, "casademo.flagdata_suite.time_flagdata_list": 1629840224270, "casademo.flagdata_suite.time_flagdata_list_summary": 1629840464504, "casademo.flagdata_suite.time_flagdata_summary": 1629840484454, "casademo.tclean_memory_suite.peakmem_tclean_setweighting": 1629840503652}, "ended_at": {"casademo.calibration_suite.time_applycal_callib": 1629840011087, "casademo.calibration_suite.time_bandpass": 1629840085224, "casademo.calibration_suite.time_gaincal": 1629840208878, "casademo.flagdata_suite.time_flagdata_bandpassflag": 1629840224270, "casademo.flagdata_suite.time_flagdata_list": 1629840464504, "casademo.flagdata_suite.time_flagdata_list_summary": 1629840484453, "casademo.flagdata_suite.time_flagdata_summary": 1629840503651, "casademo.tclean_memory_suite.peakmem_tclean_setweighting": 1629840807948}, "benchmark_version": {"casademo.calibration_suite.time_applycal_callib": "1f6437b2270507d06f2c91c35b12dce1187d02851c4b0d0c872bbcfda3e5c4f6", "casademo.calibration_suite.time_bandpass": "a69d32cd1360ece09039f1051989506a7673f5a708021e87c81e0936374d64ce", "casademo.calibration_suite.time_gaincal": "70a393fa53b72183c406b9cc585dca7828b9b8d585b8077a80e0946ee81ebeb0", "casademo.flagdata_suite.time_flagdata_bandpassflag": "6bc01de4a73ffea44f2190b51350292cc1e1256989be0f26cc4ec77341df934a", "casademo.flagdata_suite.time_flagdata_list": "f4d15370d3c2c0c746d0c9c28b87ee190865ebfa9e210cc5773201bea0df7bf9", "casademo.flagdata_suite.time_flagdata_list_summary": "58e4c1cc3e1c3c5f723c910c861bad52078405a7026f0321526fad1a15b04ee3", "casademo.flagdata_suite.time_flagdata_summary": "7d302987a4e4e75e43325fd83f2c968688e4b8a56a6476db46a4fcc0bc003e95", "casademo.tclean_memory_suite.peakmem_tclean_setweighting": "3fb5214d1e8e5bf8170efbe8114cd88b0e1e51db87c955bc588eb95ba91e4f71"}, "version": 1}
