{"results": {"casademo.calibration_suite.time_applycal_callib": {"result": [36.300551624270156], "stats": [{"ci_99": [-438.7573176056612, 511.35842085420114], "q_25": 31.549972931970842, "q_75": 41.05113031656947, "min": 26.79939423967153, "max": 45.801709008868784, "mean": 36.300551624270156, "std": 9.501157384598628, "repeat": 2, "number": 2}]}, "casademo.calibration_suite.time_bandpass": {"result": [24.478515605209395], "stats": [{"ci_99": [-12.127417458919808, 61.08444866933857], "q_25": 24.112456274568103, "q_75": 24.844574935850687, "min": 23.74639694392681, "max": 25.21063426649198, "mean": 24.478515605209395, "std": 0.7321186612825841, "repeat": 2, "number": 2}]}, "casademo.calibration_suite.time_gaincal": {"result": [50.88082954566926], "stats": [{"ci_99": [36.64150037616491, 65.12015871517359], "q_25": 50.738436253974214, "q_75": 51.0232228373643, "min": 50.59604296227917, "max": 51.165616129059345, "mean": 50.88082954566926, "std": 0.2847865833900869, "repeat": 2, "number": 2}]}, "casademo.flagdata_suite.time_flagdata_bandpassflag": {"result": [5.397975128144026], "stats": [{"ci_99": [3.3513511391356587, 7.444599117152391], "q_25": 5.377508888253942, "q_75": 5.4184413680341095, "min": 5.3570426483638585, "max": 5.438907607924193, "mean": 5.397975128144026, "std": 0.04093247978016734, "repeat": 2, "number": 2}]}, "casademo.flagdata_suite.time_flagdata_list": {"result": [103.74146445840597], "stats": [{"ci_99": [102.47684844955802, 105.00608046725392], "q_25": 103.72881829831749, "q_75": 103.75411061849445, "min": 103.71617213822901, "max": 103.76675677858293, "mean": 103.74146445840597, "std": 0.025292320176959038, "repeat": 2, "number": 2}]}, "casademo.flagdata_suite.time_flagdata_list_summary": {"result": [7.323198313824832], "stats": [{"ci_99": [3.436964601278305, 11.209432026371356], "q_25": 7.284335976699367, "q_75": 7.362060650950298, "min": 7.245473639573902, "max": 7.400922988075763, "mean": 7.323198313824832, "std": 0.07772467425093055, "repeat": 2, "number": 2}]}, "casademo.flagdata_suite.time_flagdata_summary": {"result": [7.068286443129182], "stats": [{"ci_99": [6.283271012827754, 7.853301873430609], "q_25": 7.060436288826168, "q_75": 7.076136597432196, "min": 7.052586134523153, "max": 7.08398675173521, "mean": 7.068286443129182, "std": 0.015700308606028557, "repeat": 2, "number": 2}]}, "casademo.tclean_memory_suite.peakmem_tclean_setweighting": 1861746688}, "params": {"arch": "x86_64", "cpu": "Intel(R) Xeon(R) CPU E5-1660 v4 @ 3.20GHz", "machine": "NRAO workstation", "num_cpu": "16", "os": "Linux 3.10.0-1160.15.2.el7.x86_64", "ram": "32GB", "python": "3.6", "pip+casatools": "6.2.0", "pip+casatasks": "6.2.0"}, "requirements": {"pip+casatools": "6.2.0", "pip+casatasks": "6.2.0"}, "commit_hash": "af053fc12679def07785e3b76e2fb314670580b1", "date": 1600796448000, "env_name": "virtualenv-py3.6-pip+casatasks6.2.0.29-pip+casatools6.2.0.29", "python": "3.6", "profiles": {}, "started_at": {"casademo.calibration_suite.time_applycal_callib": 1630071238933, "casademo.calibration_suite.time_bandpass": 1630071358378, "casademo.calibration_suite.time_gaincal": 1630071434062, "casademo.flagdata_suite.time_flagdata_bandpassflag": 1630071558721, "casademo.flagdata_suite.time_flagdata_list": 1630071569651, "casademo.flagdata_suite.time_flagdata_list_summary": 1630071777265, "casademo.flagdata_suite.time_flagdata_summary": 1630071792154, "casademo.tclean_memory_suite.peakmem_tclean_setweighting": 1630071806391}, "ended_at": {"casademo.calibration_suite.time_applycal_callib": 1630071358378, "casademo.calibration_suite.time_bandpass": 1630071434061, "casademo.calibration_suite.time_gaincal": 1630071558718, "casademo.flagdata_suite.time_flagdata_bandpassflag": 1630071569650, "casademo.flagdata_suite.time_flagdata_list": 1630071777265, "casademo.flagdata_suite.time_flagdata_list_summary": 1630071792153, "casademo.flagdata_suite.time_flagdata_summary": 1630071806390, "casademo.tclean_memory_suite.peakmem_tclean_setweighting": 1630072105855}, "benchmark_version": {"casademo.calibration_suite.time_applycal_callib": "9ef394762fe7135f58c94c0e46a655fae93e7d107904ceff94d228f23b89a589", "casademo.calibration_suite.time_bandpass": "f706aa044f6bc64b915996b7bdd6bc5666cae0eb7c47ff9a70b5bced6c9fbd0c", "casademo.calibration_suite.time_gaincal": "56f8a9022caccdafe4240fb9a2766b2d5d56cc1c784bd724822d3b040f5b5309", "casademo.flagdata_suite.time_flagdata_bandpassflag": "f55e0ffa6be9d655555c5081a0e7bf2bc00b253273ba7c220de0bd2cfb3baf6c", "casademo.flagdata_suite.time_flagdata_list": "1a40b66ffb4a43d48af3407bae817ed4f7667fe778880859384f5f2e7c9c5d1f", "casademo.flagdata_suite.time_flagdata_list_summary": "3eb284062687484026a1defb4fceb705e83b244e37405f8794d431940ff44b08", "casademo.flagdata_suite.time_flagdata_summary": "9e569fb4e2a2f68e59c510bbf889632173be867104a4e5ba5a98d0eb110e82fb", "casademo.tclean_memory_suite.peakmem_tclean_setweighting": "b08240b9d9211ba7e2ce323aae697e4b25deb8a6db4c5e2e48519cedc4707769"}, "version": 1}
