{"results": {"casademo.calibration_suite.time_applycal_callib": {"result": [48.43662290647626], "stats": [{"ci_99": [-142.20292044058442, 239.07616625353677], "q_25": 46.53022747300565, "q_75": 50.343018339946866, "min": 44.623832039535046, "max": 52.24941377341747, "mean": 48.43662290647626, "std": 3.8127908669412136, "repeat": 2, "number": 2}]}, "casademo.calibration_suite.time_bandpass": {"result": [33.741909029427916], "stats": [{"ci_99": [-451.1033345279284, 518.5871525867838], "q_25": 28.893456593854353, "q_75": 38.59036146500148, "min": 24.04500415828079, "max": 43.43881390057504, "mean": 33.741909029427916, "std": 9.696904871147126, "repeat": 2, "number": 2}]}, "casademo.calibration_suite.time_gaincal": {"result": [48.862796377856284], "stats": [{"ci_99": [27.011309595312923, 70.71428316039963], "q_25": 48.64428151003085, "q_75": 49.08131124568172, "min": 48.42576664220542, "max": 49.29982611350715, "mean": 48.862796377856284, "std": 0.4370297356508672, "repeat": 2, "number": 2}]}, "casademo.flagdata_suite.time_flagdata_bandpassflag": {"result": [31.388145450269803], "stats": [{"ci_99": [13.469214630546048, 49.307076269993544], "q_25": 31.208956142072566, "q_75": 31.56733475846704, "min": 31.02976683387533, "max": 31.74652406666428, "mean": 31.388145450269803, "std": 0.3583786163944751, "repeat": 2, "number": 2}]}, "casademo.flagdata_suite.time_flagdata_list": {"result": [133.05909332889132], "stats": [{"ci_99": [50.53809746936895, 215.58008918841364], "q_25": 132.2338833702961, "q_75": 133.88430328748655, "min": 131.40867341170087, "max": 134.70951324608177, "mean": 133.05909332889132, "std": 1.6504199171904474, "repeat": 2, "number": 2}]}, "casademo.flagdata_suite.time_flagdata_list_summary": {"result": [34.379844488343224], "stats": [{"ci_99": [32.37503323913552, 36.38465573755093], "q_25": 34.35979637585115, "q_75": 34.3998926008353, "min": 34.33974826335907, "max": 34.41994071332738, "mean": 34.379844488343224, "std": 0.040096224984154105, "repeat": 2, "number": 2}]}, "casademo.flagdata_suite.time_flagdata_summary": {"result": [34.08845106512308], "stats": [{"ci_99": [31.783278262242675, 36.39362386800349], "q_25": 34.06539933709428, "q_75": 34.111502793151885, "min": 34.04234760906547, "max": 34.13455452118069, "mean": 34.08845106512308, "std": 0.04610345605760813, "repeat": 2, "number": 2}]}, "casademo.tclean_memory_suite.peakmem_tclean_setweighting": 2253144064}, "params": {"arch": "x86_64", "cpu": "Intel(R) Xeon(R) CPU E5-1660 v4 @ 3.20GHz", "machine": "NRAO workstation", "num_cpu": "16", "os": "Linux 3.10.0-1160.15.2.el7.x86_64", "ram": "32GB", "python": "3.6", "pip+casatools": "6.2.0", "pip+casatasks": "6.2.0"}, "requirements": {"pip+casatools": "6.2.0", "pip+casatasks": "6.2.0"}, "commit_hash": "b0ccb52b0daf324ca2664c6f86e81d4b53cd4b09", "date": 1616101993000, "env_name": "virtualenv-py3.6-pip+casatasks6.2.0.109-pip+casatools6.2.0.109", "python": "3.6", "profiles": {}, "started_at": {"casademo.calibration_suite.time_applycal_callib": 1629925576001, "casademo.calibration_suite.time_bandpass": 1629925703065, "casademo.calibration_suite.time_gaincal": 1629925824657, "casademo.flagdata_suite.time_flagdata_bandpassflag": 1629925948415, "casademo.flagdata_suite.time_flagdata_list": 1629926011961, "casademo.flagdata_suite.time_flagdata_list_summary": 1629926281441, "casademo.flagdata_suite.time_flagdata_summary": 1629926350167, "casademo.tclean_memory_suite.peakmem_tclean_setweighting": 1629926418471}, "ended_at": {"casademo.calibration_suite.time_applycal_callib": 1629925703064, "casademo.calibration_suite.time_bandpass": 1629925824657, "casademo.calibration_suite.time_gaincal": 1629925948409, "casademo.flagdata_suite.time_flagdata_bandpassflag": 1629926011961, "casademo.flagdata_suite.time_flagdata_list": 1629926281441, "casademo.flagdata_suite.time_flagdata_list_summary": 1629926350167, "casademo.flagdata_suite.time_flagdata_summary": 1629926418471, "casademo.tclean_memory_suite.peakmem_tclean_setweighting": 1629926598046}, "benchmark_version": {"casademo.calibration_suite.time_applycal_callib": "1f6437b2270507d06f2c91c35b12dce1187d02851c4b0d0c872bbcfda3e5c4f6", "casademo.calibration_suite.time_bandpass": "a69d32cd1360ece09039f1051989506a7673f5a708021e87c81e0936374d64ce", "casademo.calibration_suite.time_gaincal": "70a393fa53b72183c406b9cc585dca7828b9b8d585b8077a80e0946ee81ebeb0", "casademo.flagdata_suite.time_flagdata_bandpassflag": "6bc01de4a73ffea44f2190b51350292cc1e1256989be0f26cc4ec77341df934a", "casademo.flagdata_suite.time_flagdata_list": "f4d15370d3c2c0c746d0c9c28b87ee190865ebfa9e210cc5773201bea0df7bf9", "casademo.flagdata_suite.time_flagdata_list_summary": "58e4c1cc3e1c3c5f723c910c861bad52078405a7026f0321526fad1a15b04ee3", "casademo.flagdata_suite.time_flagdata_summary": "7d302987a4e4e75e43325fd83f2c968688e4b8a56a6476db46a4fcc0bc003e95", "casademo.tclean_memory_suite.peakmem_tclean_setweighting": "3fb5214d1e8e5bf8170efbe8114cd88b0e1e51db87c955bc588eb95ba91e4f71"}, "version": 1}
