{"results": {"casademo.tclean_memory_suite.peakmem_tclean_setweighting": 2154639360, "casademo.calibration_suite.time_applycal_callib": {"result": [24.708052745321766], "stats": [{"ci_99": [-0.39672852982766926, 49.81283402047118], "q_25": 24.45700493257027, "q_75": 24.95910055807326, "min": 24.205957119818777, "max": 25.210148370824754, "mean": 24.708052745321766, "std": 0.5020956255029887, "repeat": 2, "number": 2}]}, "casademo.calibration_suite.time_bandpass": {"result": [36.576860720757395], "stats": [{"ci_99": [-606.2650282899849, 679.4187497314991], "q_25": 30.148441830649972, "q_75": 43.00527961086482, "min": 23.72002294054255, "max": 49.43369850097224, "mean": 36.576860720757395, "std": 12.856837780214846, "repeat": 2, "number": 2}]}, "casademo.calibration_suite.time_gaincal": {"result": [50.08879272756167], "stats": [{"ci_99": [3.3503002745565027, 96.82728518056679], "q_25": 49.621407803031616, "q_75": 50.55617765209172, "min": 49.154022878501564, "max": 51.02356257662177, "mean": 50.08879272756167, "std": 0.9347698490601033, "repeat": 2, "number": 2}]}, "casademo.flagdata_suite.time_flagdata_bandpassflag": {"result": [31.903741443064064], "stats": [{"ci_99": [15.57813168456778, 48.229351201560334], "q_25": 31.7404853454791, "q_75": 32.06699754064903, "min": 31.577229247894138, "max": 32.23025363823399, "mean": 31.903741443064064, "std": 0.3265121951699257, "repeat": 2, "number": 2}]}, "casademo.flagdata_suite.time_flagdata_list": {"result": [135.37833724729717], "stats": [{"ci_99": [130.6054233489558, 140.15125114563853], "q_25": 135.33060810831375, "q_75": 135.42606638628058, "min": 135.28287896933034, "max": 135.473795525264, "mean": 135.37833724729717, "std": 0.09545827796682715, "repeat": 2, "number": 2}]}, "casademo.flagdata_suite.time_flagdata_list_summary": {"result": [34.90562142827548], "stats": [{"ci_99": [34.014833143679425, 35.79640971287154], "q_25": 34.89671354542952, "q_75": 34.91452931112144, "min": 34.88780566258356, "max": 34.9234371939674, "mean": 34.90562142827548, "std": 0.017815765691921115, "repeat": 2, "number": 2}]}, "casademo.flagdata_suite.time_flagdata_summary": {"result": [34.66665986133739], "stats": [{"ci_99": [32.422162770759314, 36.91115695191547], "q_25": 34.64421489043161, "q_75": 34.689104832243174, "min": 34.62176991952583, "max": 34.711549803148955, "mean": 34.66665986133739, "std": 0.044889941811561584, "repeat": 2, "number": 2}]}}, "params": {"arch": "x86_64", "cpu": "Intel(R) Xeon(R) CPU E5-1660 v4 @ 3.20GHz", "machine": "NRAO workstation", "num_cpu": "16", "os": "Linux 3.10.0-1160.15.2.el7.x86_64", "ram": "32GB", "python": "3.6", "pip+casatools": "6.3.0", "pip+casatasks": "6.3.0"}, "requirements": {"pip+casatools": "6.3.0", "pip+casatasks": "6.3.0"}, "commit_hash": "b61d0c41811b3e6da9e06aba257cb2251d8d85c5", "date": 1622009054000, "env_name": "virtualenv-py3.6-pip+casatasks6.3.0.11-pip+casatools6.3.0.11", "python": "3.6", "profiles": {}, "started_at": {"casademo.tclean_memory_suite.peakmem_tclean_setweighting": 1630093448348, "casademo.calibration_suite.time_applycal_callib": 1630092699879, "casademo.calibration_suite.time_bandpass": 1630092773266, "casademo.calibration_suite.time_gaincal": 1630092848620, "casademo.flagdata_suite.time_flagdata_bandpassflag": 1630092973414, "casademo.flagdata_suite.time_flagdata_list": 1630093037931, "casademo.flagdata_suite.time_flagdata_list_summary": 1630093308961, "casademo.flagdata_suite.time_flagdata_summary": 1630093378890}, "ended_at": {"casademo.tclean_memory_suite.peakmem_tclean_setweighting": 1630093635122, "casademo.calibration_suite.time_applycal_callib": 1630092773265, "casademo.calibration_suite.time_bandpass": 1630092848619, "casademo.calibration_suite.time_gaincal": 1630092973411, "casademo.flagdata_suite.time_flagdata_bandpassflag": 1630093037930, "casademo.flagdata_suite.time_flagdata_list": 1630093308961, "casademo.flagdata_suite.time_flagdata_list_summary": 1630093378889, "casademo.flagdata_suite.time_flagdata_summary": 1630093448347}, "benchmark_version": {"casademo.tclean_memory_suite.peakmem_tclean_setweighting": "3fb5214d1e8e5bf8170efbe8114cd88b0e1e51db87c955bc588eb95ba91e4f71", "casademo.calibration_suite.time_applycal_callib": "1f6437b2270507d06f2c91c35b12dce1187d02851c4b0d0c872bbcfda3e5c4f6", "casademo.calibration_suite.time_bandpass": "a69d32cd1360ece09039f1051989506a7673f5a708021e87c81e0936374d64ce", "casademo.calibration_suite.time_gaincal": "70a393fa53b72183c406b9cc585dca7828b9b8d585b8077a80e0946ee81ebeb0", "casademo.flagdata_suite.time_flagdata_bandpassflag": "6bc01de4a73ffea44f2190b51350292cc1e1256989be0f26cc4ec77341df934a", "casademo.flagdata_suite.time_flagdata_list": "f4d15370d3c2c0c746d0c9c28b87ee190865ebfa9e210cc5773201bea0df7bf9", "casademo.flagdata_suite.time_flagdata_list_summary": "58e4c1cc3e1c3c5f723c910c861bad52078405a7026f0321526fad1a15b04ee3", "casademo.flagdata_suite.time_flagdata_summary": "7d302987a4e4e75e43325fd83f2c968688e4b8a56a6476db46a4fcc0bc003e95"}, "version": 1}
