{"results": {"casademo.tclean_memory_suite.peakmem_tclean_setweighting": 2154639360, "casademo.calibration_suite.time_applycal_callib": {"result": [24.708052745321766], "stats": [{"ci_99": [-0.39672852982766926, 49.81283402047118], "q_25": 24.45700493257027, "q_75": 24.95910055807326, "min": 24.205957119818777, "max": 25.210148370824754, "mean": 24.708052745321766, "std": 0.5020956255029887, "repeat": 2, "number": 2}]}, "casademo.calibration_suite.time_bandpass": {"result": [36.576860720757395], "stats": [{"ci_99": [-606.2650282899849, 679.4187497314991], "q_25": 30.148441830649972, "q_75": 43.00527961086482, "min": 23.72002294054255, "max": 49.43369850097224, "mean": 36.576860720757395, "std": 12.856837780214846, "repeat": 2, "number": 2}]}, "casademo.calibration_suite.time_gaincal": {"result": [50.08879272756167], "stats": [{"ci_99": [3.3503002745565027, 96.82728518056679], "q_25": 49.621407803031616, "q_75": 50.55617765209172, "min": 49.154022878501564, "max": 51.02356257662177, "mean": 50.08879272756167, "std": 0.9347698490601033, "repeat": 2, "number": 2}]}, "casademo.flagdata_suite.time_flagdata_bandpassflag": {"result": [31.903741443064064], "stats": [{"ci_99": [15.57813168456778, 48.229351201560334], "q_25": 31.7404853454791, "q_75": 32.06699754064903, "min": 31.577229247894138, "max": 32.23025363823399, "mean": 31.903741443064064, "std": 0.3265121951699257, "repeat": 2, "number": 2}]}, "casademo.flagdata_suite.time_flagdata_list": {"result": [135.37833724729717], "stats": [{"ci_99": [130.6054233489558, 140.15125114563853], "q_25": 135.33060810831375, "q_75": 135.42606638628058, "min": 135.28287896933034, "max": 135.473795525264, "mean": 135.37833724729717, "std": 0.09545827796682715, "repeat": 2, "number": 2}]}, "casademo.flagdata_suite.time_flagdata_list_summary": {"result": [34.90562142827548], "stats": [{"ci_99": [34.014833143679425, 35.79640971287154], "q_25": 34.89671354542952, "q_75": 34.91452931112144, "min": 34.88780566258356, "max": 34.9234371939674, "mean": 34.90562142827548, "std": 0.017815765691921115, "repeat": 2, "number": 2}]}, "casademo.flagdata_suite.time_flagdata_summary": {"result": [34.66665986133739], "stats": [{"ci_99": [32.422162770759314, 36.91115695191547], "q_25": 34.64421489043161, "q_75": 34.689104832243174, "min": 34.62176991952583, "max": 34.711549803148955, "mean": 34.66665986133739, "std": 0.044889941811561584, "repeat": 2, "number": 2}]}}, "params": {"arch": "x86_64", "cpu": "Intel(R) Xeon(R) CPU E5-1660 v4 @ 3.20GHz", "machine": "NRAO workstation", "num_cpu": "16", "os": "Linux 3.10.0-1160.15.2.el7.x86_64", "ram": "32GB", "python": "3.6", "pip+casatools": "trunk", "pip+casatasks": "trunk"}, "requirements": {"pip+casatools": "trunk", "pip+casatasks": "trunk"}, "commit_hash": "b61d0c41811b3e6da9e06aba257cb2251d8d85c5", "date": 1622009054000, "env_name": "virtualenv-py3.6-pip+casatasks-trunk-pip+casatools-trunk", "python": "3.6", "profiles": {}, "started_at": {"casademo.tclean_memory_suite.peakmem_tclean_setweighting": 1630093448348, "casademo.calibration_suite.time_applycal_callib": 1630092699879, "casademo.calibration_suite.time_bandpass": 1630092773266, "casademo.calibration_suite.time_gaincal": 1630092848620, "casademo.flagdata_suite.time_flagdata_bandpassflag": 1630092973414, "casademo.flagdata_suite.time_flagdata_list": 1630093037931, "casademo.flagdata_suite.time_flagdata_list_summary": 1630093308961, "casademo.flagdata_suite.time_flagdata_summary": 1630093378890}, "ended_at": {"casademo.tclean_memory_suite.peakmem_tclean_setweighting": 1630093635122, "casademo.calibration_suite.time_applycal_callib": 1630092773265, "casademo.calibration_suite.time_bandpass": 1630092848619, "casademo.calibration_suite.time_gaincal": 1630092973411, "casademo.flagdata_suite.time_flagdata_bandpassflag": 1630093037930, "casademo.flagdata_suite.time_flagdata_list": 1630093308961, "casademo.flagdata_suite.time_flagdata_list_summary": 1630093378889, "casademo.flagdata_suite.time_flagdata_summary": 1630093448347}, "benchmark_version": {"casademo.calibration_suite.time_applycal_callib": "9ef394762fe7135f58c94c0e46a655fae93e7d107904ceff94d228f23b89a589", "casademo.calibration_suite.time_bandpass": "f706aa044f6bc64b915996b7bdd6bc5666cae0eb7c47ff9a70b5bced6c9fbd0c", "casademo.calibration_suite.time_gaincal": "56f8a9022caccdafe4240fb9a2766b2d5d56cc1c784bd724822d3b040f5b5309", "casademo.flagdata_suite.time_flagdata_bandpassflag": "f55e0ffa6be9d655555c5081a0e7bf2bc00b253273ba7c220de0bd2cfb3baf6c", "casademo.flagdata_suite.time_flagdata_list": "1a40b66ffb4a43d48af3407bae817ed4f7667fe778880859384f5f2e7c9c5d1f", "casademo.flagdata_suite.time_flagdata_list_summary": "3eb284062687484026a1defb4fceb705e83b244e37405f8794d431940ff44b08", "casademo.flagdata_suite.time_flagdata_summary": "9e569fb4e2a2f68e59c510bbf889632173be867104a4e5ba5a98d0eb110e82fb", "casademo.tclean_memory_suite.peakmem_tclean_setweighting": "b08240b9d9211ba7e2ce323aae697e4b25deb8a6db4c5e2e48519cedc4707769"}, "version": 1}
