{"results": {"casademo.calibration_suite.time_applycal_callib": {"result": [39.43456382770091], "stats": [{"ci_99": [-547.3138807173818, 626.1830083727832], "q_25": 33.567079382250085, "q_75": 45.30204827315174, "min": 27.699594936799258, "max": 51.16953271860257, "mean": 39.43456382770091, "std": 11.734968890901655, "repeat": 2, "number": 2}]}, "casademo.calibration_suite.time_bandpass": {"result": [23.95267073647119], "stats": [{"ci_99": [-50.54167196736671, 98.44701344030904], "q_25": 23.207727309432812, "q_75": 24.69761416350957, "min": 22.462783882394433, "max": 25.44255759054795, "mean": 23.95267073647119, "std": 1.489886854076758, "repeat": 2, "number": 2}]}, "casademo.calibration_suite.time_gaincal": {"result": [49.09427851624787], "stats": [{"ci_99": [44.14270153455436, 54.04585549794137], "q_25": 49.04476274643093, "q_75": 49.143794286064804, "min": 48.995246976614, "max": 49.19331005588174, "mean": 49.09427851624787, "std": 0.09903153963387012, "repeat": 2, "number": 2}]}, "casademo.flagdata_suite.time_flagdata_bandpassflag": {"result": [31.583817555569112], "stats": [{"ci_99": [31.214308199472725, 31.9533269116655], "q_25": 31.58012246200815, "q_75": 31.587512649130076, "min": 31.576427368447185, "max": 31.59120774269104, "mean": 31.583817555569112, "std": 0.007390187121927738, "repeat": 2, "number": 2}]}, "casademo.flagdata_suite.time_flagdata_list": {"result": [134.1342724908609], "stats": [{"ci_99": [132.39241095050238, 135.8761340312194], "q_25": 134.1168538754573, "q_75": 134.15169110626448, "min": 134.09943526005372, "max": 134.16910972166806, "mean": 134.1342724908609, "std": 0.03483723080717027, "repeat": 2, "number": 2}]}, "casademo.flagdata_suite.time_flagdata_list_summary": {"result": [33.941696322057396], "stats": [{"ci_99": [15.170537208672613, 52.712855435442165], "q_25": 33.75398473092355, "q_75": 34.129407913191244, "min": 33.5662731397897, "max": 34.31711950432509, "mean": 33.941696322057396, "std": 0.37542318226769567, "repeat": 2, "number": 2}]}, "casademo.flagdata_suite.time_flagdata_summary": {"result": [34.080043078400195], "stats": [{"ci_99": [34.062217773869634, 34.097868382930756], "q_25": 34.07986482535489, "q_75": 34.0802213314455, "min": 34.07968657230958, "max": 34.080399584490806, "mean": 34.080043078400195, "std": 0.0003565060906112194, "repeat": 2, "number": 2}]}, "casademo.tclean_memory_suite.peakmem_tclean_setweighting": 2253197312}, "params": {"arch": "x86_64", "cpu": "Intel(R) Xeon(R) CPU E5-1660 v4 @ 3.20GHz", "machine": "NRAO workstation", "num_cpu": "16", "os": "Linux 3.10.0-1160.15.2.el7.x86_64", "ram": "32GB", "python": "3.6", "pip+casatools": "trunk", "pip+casatasks": "trunk"}, "requirements": {"pip+casatools": "trunk", "pip+casatasks": "trunk"}, "commit_hash": "b658055162f9c1d225070a1118a10c75f9ba6d60", "date": 1616569724000, "env_name": "virtualenv-py3.6-pip+casatasks-trunk-pip+casatools-trunk", "python": "3.6", "profiles": {}, "started_at": {"casademo.calibration_suite.time_applycal_callib": 1630268117811, "casademo.calibration_suite.time_bandpass": 1630268197362, "casademo.calibration_suite.time_gaincal": 1630268273351, "casademo.flagdata_suite.time_flagdata_bandpassflag": 1630268397053, "casademo.flagdata_suite.time_flagdata_list": 1630268460248, "casademo.flagdata_suite.time_flagdata_list_summary": 1630268728496, "casademo.flagdata_suite.time_flagdata_summary": 1630268797203, "casademo.tclean_memory_suite.peakmem_tclean_setweighting": 1630268865409}, "ended_at": {"casademo.calibration_suite.time_applycal_callib": 1630268197361, "casademo.calibration_suite.time_bandpass": 1630268273350, "casademo.calibration_suite.time_gaincal": 1630268397046, "casademo.flagdata_suite.time_flagdata_bandpassflag": 1630268460247, "casademo.flagdata_suite.time_flagdata_list": 1630268728496, "casademo.flagdata_suite.time_flagdata_list_summary": 1630268797203, "casademo.flagdata_suite.time_flagdata_summary": 1630268865409, "casademo.tclean_memory_suite.peakmem_tclean_setweighting": 1630269046956}, "benchmark_version": {"casademo.calibration_suite.time_applycal_callib": "9ef394762fe7135f58c94c0e46a655fae93e7d107904ceff94d228f23b89a589", "casademo.calibration_suite.time_bandpass": "f706aa044f6bc64b915996b7bdd6bc5666cae0eb7c47ff9a70b5bced6c9fbd0c", "casademo.calibration_suite.time_gaincal": "56f8a9022caccdafe4240fb9a2766b2d5d56cc1c784bd724822d3b040f5b5309", "casademo.flagdata_suite.time_flagdata_bandpassflag": "f55e0ffa6be9d655555c5081a0e7bf2bc00b253273ba7c220de0bd2cfb3baf6c", "casademo.flagdata_suite.time_flagdata_list": "1a40b66ffb4a43d48af3407bae817ed4f7667fe778880859384f5f2e7c9c5d1f", "casademo.flagdata_suite.time_flagdata_list_summary": "3eb284062687484026a1defb4fceb705e83b244e37405f8794d431940ff44b08", "casademo.flagdata_suite.time_flagdata_summary": "9e569fb4e2a2f68e59c510bbf889632173be867104a4e5ba5a98d0eb110e82fb", "casademo.tclean_memory_suite.peakmem_tclean_setweighting": "b08240b9d9211ba7e2ce323aae697e4b25deb8a6db4c5e2e48519cedc4707769"}, "version": 1}
