{"results": {"casademo.calibration_suite.time_applycal_callib": {"result": [25.222284854622558], "stats": [{"ci_99": [-28.61619528126903, 79.0607649905141], "q_25": 24.683900053263642, "q_75": 25.760669655981474, "min": 24.145515251904726, "max": 26.29905445734039, "mean": 25.222284854622558, "std": 1.0767696027178317, "repeat": 2, "number": 2}]}, "casademo.calibration_suite.time_bandpass": {"result": [25.298493094276637], "stats": [{"ci_99": [-5.795440432149917, 56.39242662070316], "q_25": 24.98755375901237, "q_75": 25.609432429540902, "min": 24.676614423748106, "max": 25.920371764805168, "mean": 25.298493094276637, "std": 0.6218786705285311, "repeat": 2, "number": 2}]}, "casademo.calibration_suite.time_gaincal": {"result": [51.24413015204482], "stats": [{"ci_99": [40.28156291809864, 62.206697385990985], "q_25": 51.134504479705356, "q_75": 51.35375582438428, "min": 51.024878807365894, "max": 51.46338149672374, "mean": 51.24413015204482, "std": 0.2192513446789235, "repeat": 2, "number": 2}]}, "casademo.flagdata_suite.time_flagdata_bandpassflag": {"result": [31.44218057440594], "stats": [{"ci_99": [30.121943303849548, 32.76241784496233], "q_25": 31.428978201700374, "q_75": 31.455382947111502, "min": 31.41577582899481, "max": 31.468585319817066, "mean": 31.44218057440594, "std": 0.026404745411127806, "repeat": 2, "number": 2}]}, "casademo.flagdata_suite.time_flagdata_list": {"result": [134.11485415953211], "stats": [{"ci_99": [128.10682560619898, 140.12288271286525], "q_25": 134.05477387399878, "q_75": 134.17493444506545, "min": 133.99469358846545, "max": 134.23501473059878, "mean": 134.11485415953211, "std": 0.12016057106666267, "repeat": 2, "number": 2}]}, "casademo.flagdata_suite.time_flagdata_list_summary": {"result": [33.740816509118304], "stats": [{"ci_99": [12.89065151871182, 54.59098149952477], "q_25": 33.53231485921424, "q_75": 33.94931815902237, "min": 33.323813209310174, "max": 34.15781980892643, "mean": 33.740816509118304, "std": 0.41700329980812967, "repeat": 2, "number": 2}]}, "casademo.flagdata_suite.time_flagdata_summary": {"result": [33.90581464045681], "stats": [{"ci_99": [32.358625129563734, 35.45300415134989], "q_25": 33.89034274534788, "q_75": 33.92128653556574, "min": 33.87487085023895, "max": 33.93675843067467, "mean": 33.90581464045681, "std": 0.030943790217861533, "repeat": 2, "number": 2}]}, "casademo.tclean_memory_suite.peakmem_tclean_setweighting": 1960353792}, "params": {"arch": "x86_64", "cpu": "Intel(R) Xeon(R) CPU E5-1660 v4 @ 3.20GHz", "machine": "NRAO workstation", "num_cpu": "16", "os": "Linux 3.10.0-1160.15.2.el7.x86_64", "ram": "32GB", "python": "3.6", "pip+casatools": "6.2.0", "pip+casatasks": "6.2.0"}, "requirements": {"pip+casatools": "6.2.0", "pip+casatasks": "6.2.0"}, "commit_hash": "b67904b15f02def754995c2c2692cfc2e8a99098", "date": 1613592304000, "env_name": "virtualenv-py3.6-pip+casatasks6.2.0.90-pip+casatools6.2.0.90", "python": "3.6", "profiles": {}, "started_at": {"casademo.calibration_suite.time_applycal_callib": 1630030494065, "casademo.calibration_suite.time_bandpass": 1630030566699, "casademo.calibration_suite.time_gaincal": 1630030641089, "casademo.flagdata_suite.time_flagdata_bandpassflag": 1630030766207, "casademo.flagdata_suite.time_flagdata_list": 1630030829202, "casademo.flagdata_suite.time_flagdata_list_summary": 1630031097752, "casademo.flagdata_suite.time_flagdata_summary": 1630031164455, "casademo.tclean_memory_suite.peakmem_tclean_setweighting": 1630031232259}, "ended_at": {"casademo.calibration_suite.time_applycal_callib": 1630030566699, "casademo.calibration_suite.time_bandpass": 1630030641088, "casademo.calibration_suite.time_gaincal": 1630030766201, "casademo.flagdata_suite.time_flagdata_bandpassflag": 1630030829202, "casademo.flagdata_suite.time_flagdata_list": 1630031097752, "casademo.flagdata_suite.time_flagdata_list_summary": 1630031164455, "casademo.flagdata_suite.time_flagdata_summary": 1630031232259, "casademo.tclean_memory_suite.peakmem_tclean_setweighting": 1630031399876}, "benchmark_version": {"casademo.calibration_suite.time_applycal_callib": "9ef394762fe7135f58c94c0e46a655fae93e7d107904ceff94d228f23b89a589", "casademo.calibration_suite.time_bandpass": "f706aa044f6bc64b915996b7bdd6bc5666cae0eb7c47ff9a70b5bced6c9fbd0c", "casademo.calibration_suite.time_gaincal": "56f8a9022caccdafe4240fb9a2766b2d5d56cc1c784bd724822d3b040f5b5309", "casademo.flagdata_suite.time_flagdata_bandpassflag": "f55e0ffa6be9d655555c5081a0e7bf2bc00b253273ba7c220de0bd2cfb3baf6c", "casademo.flagdata_suite.time_flagdata_list": "1a40b66ffb4a43d48af3407bae817ed4f7667fe778880859384f5f2e7c9c5d1f", "casademo.flagdata_suite.time_flagdata_list_summary": "3eb284062687484026a1defb4fceb705e83b244e37405f8794d431940ff44b08", "casademo.flagdata_suite.time_flagdata_summary": "9e569fb4e2a2f68e59c510bbf889632173be867104a4e5ba5a98d0eb110e82fb", "casademo.tclean_memory_suite.peakmem_tclean_setweighting": "b08240b9d9211ba7e2ce323aae697e4b25deb8a6db4c5e2e48519cedc4707769"}, "version": 1}
