{"results": {"casademo.calibration_suite.time_applycal_callib": {"result": [25.222284854622558], "stats": [{"ci_99": [-28.61619528126903, 79.0607649905141], "q_25": 24.683900053263642, "q_75": 25.760669655981474, "min": 24.145515251904726, "max": 26.29905445734039, "mean": 25.222284854622558, "std": 1.0767696027178317, "repeat": 2, "number": 2}]}, "casademo.calibration_suite.time_bandpass": {"result": [25.298493094276637], "stats": [{"ci_99": [-5.795440432149917, 56.39242662070316], "q_25": 24.98755375901237, "q_75": 25.609432429540902, "min": 24.676614423748106, "max": 25.920371764805168, "mean": 25.298493094276637, "std": 0.6218786705285311, "repeat": 2, "number": 2}]}, "casademo.calibration_suite.time_gaincal": {"result": [51.24413015204482], "stats": [{"ci_99": [40.28156291809864, 62.206697385990985], "q_25": 51.134504479705356, "q_75": 51.35375582438428, "min": 51.024878807365894, "max": 51.46338149672374, "mean": 51.24413015204482, "std": 0.2192513446789235, "repeat": 2, "number": 2}]}, "casademo.flagdata_suite.time_flagdata_bandpassflag": {"result": [31.44218057440594], "stats": [{"ci_99": [30.121943303849548, 32.76241784496233], "q_25": 31.428978201700374, "q_75": 31.455382947111502, "min": 31.41577582899481, "max": 31.468585319817066, "mean": 31.44218057440594, "std": 0.026404745411127806, "repeat": 2, "number": 2}]}, "casademo.flagdata_suite.time_flagdata_list": {"result": [134.11485415953211], "stats": [{"ci_99": [128.10682560619898, 140.12288271286525], "q_25": 134.05477387399878, "q_75": 134.17493444506545, "min": 133.99469358846545, "max": 134.23501473059878, "mean": 134.11485415953211, "std": 0.12016057106666267, "repeat": 2, "number": 2}]}, "casademo.flagdata_suite.time_flagdata_list_summary": {"result": [33.740816509118304], "stats": [{"ci_99": [12.89065151871182, 54.59098149952477], "q_25": 33.53231485921424, "q_75": 33.94931815902237, "min": 33.323813209310174, "max": 34.15781980892643, "mean": 33.740816509118304, "std": 0.41700329980812967, "repeat": 2, "number": 2}]}, "casademo.flagdata_suite.time_flagdata_summary": {"result": [33.90581464045681], "stats": [{"ci_99": [32.358625129563734, 35.45300415134989], "q_25": 33.89034274534788, "q_75": 33.92128653556574, "min": 33.87487085023895, "max": 33.93675843067467, "mean": 33.90581464045681, "std": 0.030943790217861533, "repeat": 2, "number": 2}]}, "casademo.tclean_memory_suite.peakmem_tclean_setweighting": 1960353792}, "params": {"arch": "x86_64", "cpu": "Intel(R) Xeon(R) CPU E5-1660 v4 @ 3.20GHz", "machine": "NRAO workstation", "num_cpu": "16", "os": "Linux 3.10.0-1160.15.2.el7.x86_64", "ram": "32GB", "python": "3.6", "pip+casatools": "6.2.0", "pip+casatasks": "6.2.0"}, "requirements": {"pip+casatools": "6.2.0", "pip+casatasks": "6.2.0"}, "commit_hash": "b67904b15f02def754995c2c2692cfc2e8a99098", "date": 1613592304000, "env_name": "virtualenv-py3.6-pip+casatasks6.2.0.90-pip+casatools6.2.0.90", "python": "3.6", "profiles": {}, "started_at": {"casademo.calibration_suite.time_applycal_callib": 1630030494065, "casademo.calibration_suite.time_bandpass": 1630030566699, "casademo.calibration_suite.time_gaincal": 1630030641089, "casademo.flagdata_suite.time_flagdata_bandpassflag": 1630030766207, "casademo.flagdata_suite.time_flagdata_list": 1630030829202, "casademo.flagdata_suite.time_flagdata_list_summary": 1630031097752, "casademo.flagdata_suite.time_flagdata_summary": 1630031164455, "casademo.tclean_memory_suite.peakmem_tclean_setweighting": 1630031232259}, "ended_at": {"casademo.calibration_suite.time_applycal_callib": 1630030566699, "casademo.calibration_suite.time_bandpass": 1630030641088, "casademo.calibration_suite.time_gaincal": 1630030766201, "casademo.flagdata_suite.time_flagdata_bandpassflag": 1630030829202, "casademo.flagdata_suite.time_flagdata_list": 1630031097752, "casademo.flagdata_suite.time_flagdata_list_summary": 1630031164455, "casademo.flagdata_suite.time_flagdata_summary": 1630031232259, "casademo.tclean_memory_suite.peakmem_tclean_setweighting": 1630031399876}, "benchmark_version": {"casademo.calibration_suite.time_applycal_callib": "1f6437b2270507d06f2c91c35b12dce1187d02851c4b0d0c872bbcfda3e5c4f6", "casademo.calibration_suite.time_bandpass": "a69d32cd1360ece09039f1051989506a7673f5a708021e87c81e0936374d64ce", "casademo.calibration_suite.time_gaincal": "70a393fa53b72183c406b9cc585dca7828b9b8d585b8077a80e0946ee81ebeb0", "casademo.flagdata_suite.time_flagdata_bandpassflag": "6bc01de4a73ffea44f2190b51350292cc1e1256989be0f26cc4ec77341df934a", "casademo.flagdata_suite.time_flagdata_list": "f4d15370d3c2c0c746d0c9c28b87ee190865ebfa9e210cc5773201bea0df7bf9", "casademo.flagdata_suite.time_flagdata_list_summary": "58e4c1cc3e1c3c5f723c910c861bad52078405a7026f0321526fad1a15b04ee3", "casademo.flagdata_suite.time_flagdata_summary": "7d302987a4e4e75e43325fd83f2c968688e4b8a56a6476db46a4fcc0bc003e95", "casademo.tclean_memory_suite.peakmem_tclean_setweighting": "3fb5214d1e8e5bf8170efbe8114cd88b0e1e51db87c955bc588eb95ba91e4f71"}, "version": 1}
