{"results": {"casademo.tclean_memory_suite.peakmem_tclean_setweighting": 1959391232, "casademo.calibration_suite.time_applycal_callib": {"result": [26.031795835588127], "stats": [{"ci_99": [12.592255247291178, 39.47133642388506], "q_25": 25.897400429705158, "q_75": 26.166191241471097, "min": 25.76300502382219, "max": 26.300586647354066, "mean": 26.031795835588127, "std": 0.268790811765939, "repeat": 2, "number": 2}]}, "casademo.calibration_suite.time_bandpass": {"result": [37.320846994407475], "stats": [{"ci_99": [-532.6974543510005, 607.339148339815], "q_25": 31.620663980953395, "q_75": 43.021030007861555, "min": 25.920480967499316, "max": 48.721213021315634, "mean": 37.320846994407475, "std": 11.40036602690816, "repeat": 2, "number": 2}]}, "casademo.calibration_suite.time_gaincal": {"result": [49.20587033452466], "stats": [{"ci_99": [41.79635310033336, 56.61538756871595], "q_25": 49.13177516218275, "q_75": 49.279965506866574, "min": 49.057679989840835, "max": 49.35406067920849, "mean": 49.20587033452466, "std": 0.14819034468382597, "repeat": 2, "number": 2}]}, "casademo.flagdata_suite.time_flagdata_bandpassflag": {"result": [9.084791082656011], "stats": [{"ci_99": [8.259968585567549, 9.909613579744473], "q_25": 9.076542857685126, "q_75": 9.093039307626896, "min": 9.068294632714242, "max": 9.10128753259778, "mean": 9.084791082656011, "std": 0.016496449941769242, "repeat": 2, "number": 2}]}, "casademo.flagdata_suite.time_flagdata_list": {"result": [112.95235711918212], "stats": [{"ci_99": [112.89079263410531, 113.01392160425894], "q_25": 112.95174147433136, "q_75": 112.95297276403289, "min": 112.95112582948059, "max": 112.95358840888366, "mean": 112.95235711918212, "std": 0.0012312897015362978, "repeat": 2, "number": 2}]}, "casademo.flagdata_suite.time_flagdata_list_summary": {"result": [12.024029794381931], "stats": [{"ci_99": [11.503008749103174, 12.54505083966069], "q_25": 12.018819583929144, "q_75": 12.029240004834719, "min": 12.013609373476356, "max": 12.034450215287507, "mean": 12.024029794381931, "std": 0.010420420905575156, "repeat": 2, "number": 2}]}, "casademo.flagdata_suite.time_flagdata_summary": {"result": [11.664551610592753], "stats": [{"ci_99": [11.550698589999229, 11.778404631186277], "q_25": 11.663413080386817, "q_75": 11.665690140798688, "min": 11.662274550180882, "max": 11.666828671004623, "mean": 11.664551610592753, "std": 0.0022770604118704796, "repeat": 2, "number": 2}]}}, "params": {"arch": "x86_64", "cpu": "Intel(R) Xeon(R) CPU E5-1660 v4 @ 3.20GHz", "machine": "NRAO workstation", "num_cpu": "16", "os": "Linux 3.10.0-1160.15.2.el7.x86_64", "ram": "32GB", "python": "3.6", "pip+casatools": "6.3.0", "pip+casatasks": "6.3.0"}, "requirements": {"pip+casatools": "6.3.0", "pip+casatasks": "6.3.0"}, "commit_hash": "b712ac971cfb3a4c85009f38b28aa8a6a6d100af", "date": 1626372162000, "env_name": "virtualenv-py3.6-pip+casatasks6.3.0.27-pip+casatools6.3.0.27", "python": "3.6", "profiles": {}, "started_at": {"casademo.tclean_memory_suite.peakmem_tclean_setweighting": 1630085604363, "casademo.calibration_suite.time_applycal_callib": 1630085032580, "casademo.calibration_suite.time_bandpass": 1630085109472, "casademo.calibration_suite.time_gaincal": 1630085189192, "casademo.flagdata_suite.time_flagdata_bandpassflag": 1630085312697, "casademo.flagdata_suite.time_flagdata_list": 1630085330942, "casademo.flagdata_suite.time_flagdata_list_summary": 1630085556896, "casademo.flagdata_suite.time_flagdata_summary": 1630085581005}, "ended_at": {"casademo.tclean_memory_suite.peakmem_tclean_setweighting": 1630085778348, "casademo.calibration_suite.time_applycal_callib": 1630085109472, "casademo.calibration_suite.time_bandpass": 1630085189192, "casademo.calibration_suite.time_gaincal": 1630085312693, "casademo.flagdata_suite.time_flagdata_bandpassflag": 1630085330942, "casademo.flagdata_suite.time_flagdata_list": 1630085556895, "casademo.flagdata_suite.time_flagdata_list_summary": 1630085581004, "casademo.flagdata_suite.time_flagdata_summary": 1630085604362}, "benchmark_version": {"casademo.tclean_memory_suite.peakmem_tclean_setweighting": "3fb5214d1e8e5bf8170efbe8114cd88b0e1e51db87c955bc588eb95ba91e4f71", "casademo.calibration_suite.time_applycal_callib": "1f6437b2270507d06f2c91c35b12dce1187d02851c4b0d0c872bbcfda3e5c4f6", "casademo.calibration_suite.time_bandpass": "a69d32cd1360ece09039f1051989506a7673f5a708021e87c81e0936374d64ce", "casademo.calibration_suite.time_gaincal": "70a393fa53b72183c406b9cc585dca7828b9b8d585b8077a80e0946ee81ebeb0", "casademo.flagdata_suite.time_flagdata_bandpassflag": "6bc01de4a73ffea44f2190b51350292cc1e1256989be0f26cc4ec77341df934a", "casademo.flagdata_suite.time_flagdata_list": "f4d15370d3c2c0c746d0c9c28b87ee190865ebfa9e210cc5773201bea0df7bf9", "casademo.flagdata_suite.time_flagdata_list_summary": "58e4c1cc3e1c3c5f723c910c861bad52078405a7026f0321526fad1a15b04ee3", "casademo.flagdata_suite.time_flagdata_summary": "7d302987a4e4e75e43325fd83f2c968688e4b8a56a6476db46a4fcc0bc003e95"}, "version": 1}
