{"results": {"casademo.calibration_suite.time_applycal_callib": {"result": [26.719812409952283], "stats": [{"ci_99": [14.763119177892804, 38.67650564201175], "q_25": 26.600245477631688, "q_75": 26.839379342272878, "min": 26.480678545311093, "max": 26.958946274593472, "mean": 26.719812409952283, "std": 0.23913386464118958, "repeat": 2, "number": 2}]}, "casademo.calibration_suite.time_bandpass": null, "casademo.calibration_suite.time_gaincal": {"result": [49.49849413847551], "stats": [{"ci_99": [0.10529435845091939, 98.89169391850005], "q_25": 49.00456214067526, "q_75": 49.99242613627575, "min": 48.510630142875016, "max": 50.486358134076, "mean": 49.49849413847551, "std": 0.9878639956004918, "repeat": 2, "number": 2}]}, "casademo.flagdata_suite.time_flagdata_bandpassflag": {"result": [9.161818388383836], "stats": [{"ci_99": [7.203833351377398, 11.119803425390272], "q_25": 9.142238538013771, "q_75": 9.1813982387539, "min": 9.122658687643707, "max": 9.200978089123964, "mean": 9.161818388383836, "std": 0.039159700740128756, "repeat": 2, "number": 2}]}, "casademo.flagdata_suite.time_flagdata_list": {"result": [111.65423164563254], "stats": [{"ci_99": [111.43422645470127, 111.8742368365638], "q_25": 111.65203159372322, "q_75": 111.65643169754185, "min": 111.64983154181391, "max": 111.65863174945116, "mean": 111.65423164563254, "std": 0.004400103818625212, "repeat": 2, "number": 2}]}, "casademo.flagdata_suite.time_flagdata_list_summary": {"result": [11.635885801631957], "stats": [{"ci_99": [8.759934799280018, 14.511836803983893], "q_25": 11.607126291608438, "q_75": 11.664645311655477, "min": 11.578366781584918, "max": 11.693404821678996, "mean": 11.635885801631957, "std": 0.057519020047038794, "repeat": 2, "number": 2}]}, "casademo.flagdata_suite.time_flagdata_summary": {"result": [11.23221775284037], "stats": [{"ci_99": [-0.23414827650412917, 22.69858378218486], "q_25": 11.117554092546925, "q_75": 11.346881413133815, "min": 11.00289043225348, "max": 11.46154507342726, "mean": 11.23221775284037, "std": 0.22932732058688998, "repeat": 2, "number": 2}]}, "casademo.tclean_memory_suite.peakmem_tclean_setweighting": 1961218048, "casademo.tclean_memory_suite.track_tclean_file_descriptors_cubemode_mosaic_briggs": 128}, "params": {"arch": "x86_64", "cpu": "Intel(R) Xeon(R) CPU E5-1660 v4 @ 3.20GHz", "machine": "NRAO workstation", "num_cpu": "16", "os": "Linux 3.10.0-1160.15.2.el7.x86_64", "ram": "32GB", "python": "3.6", "pip+casatasks": "trunk"}, "requirements": {"pip+casatasks": "trunk"}, "commit_hash": "b80ccfeb993dd436abb060a70edf869ca06f10fa", "date": 1633718394000, "env_name": "virtualenv-py3.6-pip+casatasks-trunk", "python": "3.6", "profiles": {}, "started_at": {"casademo.calibration_suite.time_applycal_callib": 1637182360368, "casademo.calibration_suite.time_bandpass": 1637181834534, "casademo.calibration_suite.time_gaincal": 1637182438013, "casademo.flagdata_suite.time_flagdata_bandpassflag": 1637182562122, "casademo.flagdata_suite.time_flagdata_list": 1637182580418, "casademo.flagdata_suite.time_flagdata_list_summary": 1637182803771, "casademo.flagdata_suite.time_flagdata_summary": 1637182827218, "casademo.tclean_memory_suite.peakmem_tclean_setweighting": 1637182850173, "casademo.tclean_memory_suite.track_tclean_file_descriptors_cubemode_mosaic_briggs": 1637183025796}, "ended_at": {"casademo.calibration_suite.time_applycal_callib": 1637182438012, "casademo.calibration_suite.time_bandpass": 1637181948575, "casademo.calibration_suite.time_gaincal": 1637182562122, "casademo.flagdata_suite.time_flagdata_bandpassflag": 1637182580418, "casademo.flagdata_suite.time_flagdata_list": 1637182803770, "casademo.flagdata_suite.time_flagdata_list_summary": 1637182827217, "casademo.flagdata_suite.time_flagdata_summary": 1637182850173, "casademo.tclean_memory_suite.peakmem_tclean_setweighting": 1637183025796, "casademo.tclean_memory_suite.track_tclean_file_descriptors_cubemode_mosaic_briggs": 1637183197180}, "benchmark_version": {"casademo.calibration_suite.time_applycal_callib": "9ef394762fe7135f58c94c0e46a655fae93e7d107904ceff94d228f23b89a589", "casademo.calibration_suite.time_bandpass": "f706aa044f6bc64b915996b7bdd6bc5666cae0eb7c47ff9a70b5bced6c9fbd0c", "casademo.calibration_suite.time_gaincal": "56f8a9022caccdafe4240fb9a2766b2d5d56cc1c784bd724822d3b040f5b5309", "casademo.flagdata_suite.time_flagdata_bandpassflag": "f55e0ffa6be9d655555c5081a0e7bf2bc00b253273ba7c220de0bd2cfb3baf6c", "casademo.flagdata_suite.time_flagdata_list": "1a40b66ffb4a43d48af3407bae817ed4f7667fe778880859384f5f2e7c9c5d1f", "casademo.flagdata_suite.time_flagdata_list_summary": "3eb284062687484026a1defb4fceb705e83b244e37405f8794d431940ff44b08", "casademo.flagdata_suite.time_flagdata_summary": "9e569fb4e2a2f68e59c510bbf889632173be867104a4e5ba5a98d0eb110e82fb", "casademo.tclean_memory_suite.peakmem_tclean_setweighting": "c89589301c2c884b40375d00ec2f343d5ebdc195afbfc70ae2f149be692e8187", "casademo.tclean_memory_suite.track_tclean_file_descriptors_cubemode_mosaic_briggs": "e3aeb6edf33f78d2db6d58dfc61576924a9768f7a205164fcd839666bde1ae63"}, "version": 1}
