{"results": {"casademo.calibration_suite.time_applycal_callib": {"result": [37.11379606858827], "stats": [{"ci_99": [-391.7892772250343, 466.0168693622105], "q_25": 32.824765335652046, "q_75": 41.4028268015245, "min": 28.53573460271582, "max": 45.69185753446072, "mean": 37.11379606858827, "std": 8.578061465872452, "repeat": 2, "number": 2}]}, "casademo.calibration_suite.time_bandpass": {"result": [25.143103873357177], "stats": [{"ci_99": [23.534975772723556, 26.751231973990798], "q_25": 25.12702259235084, "q_75": 25.159185154363513, "min": 25.110941311344504, "max": 25.17526643536985, "mean": 25.143103873357177, "std": 0.032162562012672424, "repeat": 2, "number": 2}]}, "casademo.calibration_suite.time_gaincal": {"result": [50.36371798464097], "stats": [{"ci_99": [22.483156411675736, 78.24427955760618], "q_25": 50.08491236891132, "q_75": 50.64252360037062, "min": 49.806106753181666, "max": 50.921329216100276, "mean": 50.36371798464097, "std": 0.5576112314593047, "repeat": 2, "number": 2}]}, "casademo.flagdata_suite.time_flagdata_bandpassflag": {"result": [31.431134860264137], "stats": [{"ci_99": [30.607595981797203, 32.25467373873107], "q_25": 31.422899471479468, "q_75": 31.439370249048807, "min": 31.4146640826948, "max": 31.447605637833476, "mean": 31.431134860264137, "std": 0.01647077756933868, "repeat": 2, "number": 2}]}, "casademo.flagdata_suite.time_flagdata_list": {"result": [133.33291897759773], "stats": [{"ci_99": [131.16908966074698, 135.49674829444848], "q_25": 133.31128068442922, "q_75": 133.35455727076624, "min": 133.2896423912607, "max": 133.37619556393474, "mean": 133.33291897759773, "std": 0.04327658633701503, "repeat": 2, "number": 2}]}, "casademo.flagdata_suite.time_flagdata_list_summary": {"result": [34.154007573379204], "stats": [{"ci_99": [30.523886230075732, 37.784128916682675], "q_25": 34.11770635994617, "q_75": 34.19030878681224, "min": 34.081405146513134, "max": 34.22661000024527, "mean": 34.154007573379204, "std": 0.07260242686606944, "repeat": 2, "number": 2}]}, "casademo.flagdata_suite.time_flagdata_summary": {"result": [33.82317999447696], "stats": [{"ci_99": [30.026466672541574, 37.619893316412345], "q_25": 33.785212861257605, "q_75": 33.86114712769631, "min": 33.74724572803825, "max": 33.89911426091567, "mean": 33.82317999447696, "std": 0.07593426643870771, "repeat": 2, "number": 2}]}, "casademo.tclean_memory_suite.peakmem_tclean_setweighting": 2032951296}, "params": {"arch": "x86_64", "cpu": "Intel(R) Xeon(R) CPU E5-1660 v4 @ 3.20GHz", "machine": "NRAO workstation", "num_cpu": "16", "os": "Linux 3.10.0-1160.15.2.el7.x86_64", "ram": "32GB", "python": "3.6", "pip+casatools": "6.2.0", "pip+casatasks": "6.2.0"}, "requirements": {"pip+casatools": "6.2.0", "pip+casatasks": "6.2.0"}, "commit_hash": "b9e7b4814247cade37cee6bde39c88e840bb22ca", "date": 1609868795000, "env_name": "virtualenv-py3.6-pip+casatasks6.2.0.66-pip+casatools6.2.0.66", "python": "3.6", "profiles": {}, "started_at": {"casademo.calibration_suite.time_applycal_callib": 1629979573908, "casademo.calibration_suite.time_bandpass": 1629979653608, "casademo.calibration_suite.time_gaincal": 1629979733658, "casademo.flagdata_suite.time_flagdata_bandpassflag": 1629979856866, "casademo.flagdata_suite.time_flagdata_list": 1629979919760, "casademo.flagdata_suite.time_flagdata_list_summary": 1629980186555, "casademo.flagdata_suite.time_flagdata_summary": 1629980255062, "casademo.tclean_memory_suite.peakmem_tclean_setweighting": 1629980322918}, "ended_at": {"casademo.calibration_suite.time_applycal_callib": 1629979653607, "casademo.calibration_suite.time_bandpass": 1629979733658, "casademo.calibration_suite.time_gaincal": 1629979856860, "casademo.flagdata_suite.time_flagdata_bandpassflag": 1629979919760, "casademo.flagdata_suite.time_flagdata_list": 1629980186555, "casademo.flagdata_suite.time_flagdata_list_summary": 1629980255062, "casademo.flagdata_suite.time_flagdata_summary": 1629980322918, "casademo.tclean_memory_suite.peakmem_tclean_setweighting": 1629980915811}, "benchmark_version": {"casademo.calibration_suite.time_applycal_callib": "1f6437b2270507d06f2c91c35b12dce1187d02851c4b0d0c872bbcfda3e5c4f6", "casademo.calibration_suite.time_bandpass": "a69d32cd1360ece09039f1051989506a7673f5a708021e87c81e0936374d64ce", "casademo.calibration_suite.time_gaincal": "70a393fa53b72183c406b9cc585dca7828b9b8d585b8077a80e0946ee81ebeb0", "casademo.flagdata_suite.time_flagdata_bandpassflag": "6bc01de4a73ffea44f2190b51350292cc1e1256989be0f26cc4ec77341df934a", "casademo.flagdata_suite.time_flagdata_list": "f4d15370d3c2c0c746d0c9c28b87ee190865ebfa9e210cc5773201bea0df7bf9", "casademo.flagdata_suite.time_flagdata_list_summary": "58e4c1cc3e1c3c5f723c910c861bad52078405a7026f0321526fad1a15b04ee3", "casademo.flagdata_suite.time_flagdata_summary": "7d302987a4e4e75e43325fd83f2c968688e4b8a56a6476db46a4fcc0bc003e95", "casademo.tclean_memory_suite.peakmem_tclean_setweighting": "3fb5214d1e8e5bf8170efbe8114cd88b0e1e51db87c955bc588eb95ba91e4f71"}, "version": 1}
