{"results": {"casademo.calibration_suite.time_applycal_callib": {"result": [37.11379606858827], "stats": [{"ci_99": [-391.7892772250343, 466.0168693622105], "q_25": 32.824765335652046, "q_75": 41.4028268015245, "min": 28.53573460271582, "max": 45.69185753446072, "mean": 37.11379606858827, "std": 8.578061465872452, "repeat": 2, "number": 2}]}, "casademo.calibration_suite.time_bandpass": {"result": [25.143103873357177], "stats": [{"ci_99": [23.534975772723556, 26.751231973990798], "q_25": 25.12702259235084, "q_75": 25.159185154363513, "min": 25.110941311344504, "max": 25.17526643536985, "mean": 25.143103873357177, "std": 0.032162562012672424, "repeat": 2, "number": 2}]}, "casademo.calibration_suite.time_gaincal": {"result": [50.36371798464097], "stats": [{"ci_99": [22.483156411675736, 78.24427955760618], "q_25": 50.08491236891132, "q_75": 50.64252360037062, "min": 49.806106753181666, "max": 50.921329216100276, "mean": 50.36371798464097, "std": 0.5576112314593047, "repeat": 2, "number": 2}]}, "casademo.flagdata_suite.time_flagdata_bandpassflag": {"result": [31.431134860264137], "stats": [{"ci_99": [30.607595981797203, 32.25467373873107], "q_25": 31.422899471479468, "q_75": 31.439370249048807, "min": 31.4146640826948, "max": 31.447605637833476, "mean": 31.431134860264137, "std": 0.01647077756933868, "repeat": 2, "number": 2}]}, "casademo.flagdata_suite.time_flagdata_list": {"result": [133.33291897759773], "stats": [{"ci_99": [131.16908966074698, 135.49674829444848], "q_25": 133.31128068442922, "q_75": 133.35455727076624, "min": 133.2896423912607, "max": 133.37619556393474, "mean": 133.33291897759773, "std": 0.04327658633701503, "repeat": 2, "number": 2}]}, "casademo.flagdata_suite.time_flagdata_list_summary": {"result": [34.154007573379204], "stats": [{"ci_99": [30.523886230075732, 37.784128916682675], "q_25": 34.11770635994617, "q_75": 34.19030878681224, "min": 34.081405146513134, "max": 34.22661000024527, "mean": 34.154007573379204, "std": 0.07260242686606944, "repeat": 2, "number": 2}]}, "casademo.flagdata_suite.time_flagdata_summary": {"result": [33.82317999447696], "stats": [{"ci_99": [30.026466672541574, 37.619893316412345], "q_25": 33.785212861257605, "q_75": 33.86114712769631, "min": 33.74724572803825, "max": 33.89911426091567, "mean": 33.82317999447696, "std": 0.07593426643870771, "repeat": 2, "number": 2}]}, "casademo.tclean_memory_suite.peakmem_tclean_setweighting": 2032951296}, "params": {"arch": "x86_64", "cpu": "Intel(R) Xeon(R) CPU E5-1660 v4 @ 3.20GHz", "machine": "NRAO workstation", "num_cpu": "16", "os": "Linux 3.10.0-1160.15.2.el7.x86_64", "ram": "32GB", "python": "3.6", "pip+casatools": "6.2.0", "pip+casatasks": "6.2.0"}, "requirements": {"pip+casatools": "6.2.0", "pip+casatasks": "6.2.0"}, "commit_hash": "b9e7b4814247cade37cee6bde39c88e840bb22ca", "date": 1609868795000, "env_name": "virtualenv-py3.6-pip+casatasks6.2.0.66-pip+casatools6.2.0.66", "python": "3.6", "profiles": {}, "started_at": {"casademo.calibration_suite.time_applycal_callib": 1629979573908, "casademo.calibration_suite.time_bandpass": 1629979653608, "casademo.calibration_suite.time_gaincal": 1629979733658, "casademo.flagdata_suite.time_flagdata_bandpassflag": 1629979856866, "casademo.flagdata_suite.time_flagdata_list": 1629979919760, "casademo.flagdata_suite.time_flagdata_list_summary": 1629980186555, "casademo.flagdata_suite.time_flagdata_summary": 1629980255062, "casademo.tclean_memory_suite.peakmem_tclean_setweighting": 1629980322918}, "ended_at": {"casademo.calibration_suite.time_applycal_callib": 1629979653607, "casademo.calibration_suite.time_bandpass": 1629979733658, "casademo.calibration_suite.time_gaincal": 1629979856860, "casademo.flagdata_suite.time_flagdata_bandpassflag": 1629979919760, "casademo.flagdata_suite.time_flagdata_list": 1629980186555, "casademo.flagdata_suite.time_flagdata_list_summary": 1629980255062, "casademo.flagdata_suite.time_flagdata_summary": 1629980322918, "casademo.tclean_memory_suite.peakmem_tclean_setweighting": 1629980915811}, "benchmark_version": {"casademo.calibration_suite.time_applycal_callib": "9ef394762fe7135f58c94c0e46a655fae93e7d107904ceff94d228f23b89a589", "casademo.calibration_suite.time_bandpass": "f706aa044f6bc64b915996b7bdd6bc5666cae0eb7c47ff9a70b5bced6c9fbd0c", "casademo.calibration_suite.time_gaincal": "56f8a9022caccdafe4240fb9a2766b2d5d56cc1c784bd724822d3b040f5b5309", "casademo.flagdata_suite.time_flagdata_bandpassflag": "f55e0ffa6be9d655555c5081a0e7bf2bc00b253273ba7c220de0bd2cfb3baf6c", "casademo.flagdata_suite.time_flagdata_list": "1a40b66ffb4a43d48af3407bae817ed4f7667fe778880859384f5f2e7c9c5d1f", "casademo.flagdata_suite.time_flagdata_list_summary": "3eb284062687484026a1defb4fceb705e83b244e37405f8794d431940ff44b08", "casademo.flagdata_suite.time_flagdata_summary": "9e569fb4e2a2f68e59c510bbf889632173be867104a4e5ba5a98d0eb110e82fb", "casademo.tclean_memory_suite.peakmem_tclean_setweighting": "b08240b9d9211ba7e2ce323aae697e4b25deb8a6db4c5e2e48519cedc4707769"}, "version": 1}
