{"results": {"casademo.calibration_suite.time_applycal_callib": {"result": [38.156794793671], "stats": [{"ci_99": [-561.827756858198, 638.1413464455395], "q_25": 32.15694927715231, "q_75": 44.15664031018969, "min": 26.157103760633618, "max": 50.156485826708376, "mean": 38.156794793671, "std": 11.99969103303738, "repeat": 2, "number": 2}]}, "casademo.calibration_suite.time_bandpass": {"result": [24.522310146596283], "stats": [{"ci_99": [19.409975689370185, 29.634644603822377], "q_25": 24.47118680202402, "q_75": 24.573433491168544, "min": 24.42006345745176, "max": 24.624556835740805, "mean": 24.522310146596283, "std": 0.10224668914452195, "repeat": 2, "number": 2}]}, "casademo.calibration_suite.time_gaincal": {"result": [49.7022804422304], "stats": [{"ci_99": [34.42085064854473, 64.98371023591606], "q_25": 49.54946614429355, "q_75": 49.85509474016726, "min": 49.39665184635669, "max": 50.00790903810412, "mean": 49.7022804422304, "std": 0.3056285958737135, "repeat": 2, "number": 2}]}, "casademo.flagdata_suite.time_flagdata_bandpassflag": {"result": [32.159101522527635], "stats": [{"ci_99": [31.84095267392695, 32.47725037112832], "q_25": 32.15592003404163, "q_75": 32.16228301101364, "min": 32.15273854555562, "max": 32.16546449949965, "mean": 32.159101522527635, "std": 0.006362976972013712, "repeat": 2, "number": 2}]}, "casademo.flagdata_suite.time_flagdata_list": {"result": [134.2731798219029], "stats": [{"ci_99": [94.15195018867962, 174.39440945512612], "q_25": 133.87196752557065, "q_75": 134.67439211823512, "min": 133.47075522923842, "max": 135.07560441456735, "mean": 134.2731798219029, "std": 0.8024245926644653, "repeat": 2, "number": 2}]}, "casademo.flagdata_suite.time_flagdata_list_summary": {"result": [34.88546751369722], "stats": [{"ci_99": [33.95473950705491, 35.816195520339534], "q_25": 34.8761602336308, "q_75": 34.894774793763645, "min": 34.866852953564376, "max": 34.90408207383007, "mean": 34.88546751369722, "std": 0.018614560132846236, "repeat": 2, "number": 2}]}, "casademo.flagdata_suite.time_flagdata_summary": {"result": [34.68076867517084], "stats": [{"ci_99": [34.64056219905615, 34.72097515128553], "q_25": 34.68036661040969, "q_75": 34.681170739931986, "min": 34.679964545648545, "max": 34.68157280469313, "mean": 34.68076867517084, "std": 0.0008041295222938061, "repeat": 2, "number": 2}]}, "casademo.tclean_memory_suite.peakmem_tclean_setweighting": 2033094656}, "params": {"arch": "x86_64", "cpu": "Intel(R) Xeon(R) CPU E5-1660 v4 @ 3.20GHz", "machine": "NRAO workstation", "num_cpu": "16", "os": "Linux 3.10.0-1160.15.2.el7.x86_64", "ram": "32GB", "python": "3.6", "pip+casatools": "6.2.0", "pip+casatasks": "6.2.0"}, "requirements": {"pip+casatools": "6.2.0", "pip+casatasks": "6.2.0"}, "commit_hash": "ba06c23c8574d87401c462e1deddc0f5046bedc2", "date": 1611957837000, "env_name": "virtualenv-py3.6-pip+casatasks6.2.0.81-pip+casatools6.2.0.81", "python": "3.6", "profiles": {}, "started_at": {"casademo.calibration_suite.time_applycal_callib": 1630337311114, "casademo.calibration_suite.time_bandpass": 1630337436473, "casademo.calibration_suite.time_gaincal": 1630337512510, "casademo.flagdata_suite.time_flagdata_bandpassflag": 1630337636668, "casademo.flagdata_suite.time_flagdata_list": 1630337701065, "casademo.flagdata_suite.time_flagdata_list_summary": 1630337971266, "casademo.flagdata_suite.time_flagdata_summary": 1630338041076, "casademo.tclean_memory_suite.peakmem_tclean_setweighting": 1630338110534}, "ended_at": {"casademo.calibration_suite.time_applycal_callib": 1630337436473, "casademo.calibration_suite.time_bandpass": 1630337512510, "casademo.calibration_suite.time_gaincal": 1630337636663, "casademo.flagdata_suite.time_flagdata_bandpassflag": 1630337701064, "casademo.flagdata_suite.time_flagdata_list": 1630337971265, "casademo.flagdata_suite.time_flagdata_list_summary": 1630338041075, "casademo.flagdata_suite.time_flagdata_summary": 1630338110533, "casademo.tclean_memory_suite.peakmem_tclean_setweighting": 1630338698154}, "benchmark_version": {"casademo.calibration_suite.time_applycal_callib": "1f6437b2270507d06f2c91c35b12dce1187d02851c4b0d0c872bbcfda3e5c4f6", "casademo.calibration_suite.time_bandpass": "a69d32cd1360ece09039f1051989506a7673f5a708021e87c81e0936374d64ce", "casademo.calibration_suite.time_gaincal": "70a393fa53b72183c406b9cc585dca7828b9b8d585b8077a80e0946ee81ebeb0", "casademo.flagdata_suite.time_flagdata_bandpassflag": "6bc01de4a73ffea44f2190b51350292cc1e1256989be0f26cc4ec77341df934a", "casademo.flagdata_suite.time_flagdata_list": "f4d15370d3c2c0c746d0c9c28b87ee190865ebfa9e210cc5773201bea0df7bf9", "casademo.flagdata_suite.time_flagdata_list_summary": "58e4c1cc3e1c3c5f723c910c861bad52078405a7026f0321526fad1a15b04ee3", "casademo.flagdata_suite.time_flagdata_summary": "7d302987a4e4e75e43325fd83f2c968688e4b8a56a6476db46a4fcc0bc003e95", "casademo.tclean_memory_suite.peakmem_tclean_setweighting": "3fb5214d1e8e5bf8170efbe8114cd88b0e1e51db87c955bc588eb95ba91e4f71"}, "version": 1}
