{"results": {"casademo.calibration_suite.time_applycal_callib": {"result": [25.68462528917007], "stats": [{"ci_99": [-12.402664479566738, 63.771915057906845], "q_25": 25.303752391482703, "q_75": 26.06549818685744, "min": 24.922879493795335, "max": 26.446371084544808, "mean": 25.68462528917007, "std": 0.7617457953747362, "repeat": 2, "number": 2}]}, "casademo.calibration_suite.time_bandpass": {"result": [25.226158978184685], "stats": [{"ci_99": [18.20888853748329, 32.24342941888607], "q_25": 25.15598627377767, "q_75": 25.2963316825917, "min": 25.085813569370657, "max": 25.366504386998713, "mean": 25.226158978184685, "std": 0.1403454088140279, "repeat": 2, "number": 2}]}, "casademo.calibration_suite.time_gaincal": {"result": [50.180251407204196], "stats": [{"ci_99": [45.296254951739684, 55.0642478626687], "q_25": 50.13141144264955, "q_75": 50.22909137175884, "min": 50.082571478094906, "max": 50.277931336313486, "mean": 50.180251407204196, "std": 0.09767992910929024, "repeat": 2, "number": 2}]}, "casademo.flagdata_suite.time_flagdata_bandpassflag": {"result": [7.756060680607334], "stats": [{"ci_99": [6.81215529772453, 8.699966063490137], "q_25": 7.746621626778506, "q_75": 7.765499734436162, "min": 7.737182572949678, "max": 7.77493878826499, "mean": 7.756060680607334, "std": 0.018878107657656074, "repeat": 2, "number": 2}]}, "casademo.flagdata_suite.time_flagdata_list": {"result": [120.60006373166107], "stats": [{"ci_99": [117.22678352915682, 123.97334393416531], "q_25": 120.56633092963602, "q_75": 120.63379653368611, "min": 120.53259812761098, "max": 120.66752933571115, "mean": 120.60006373166107, "std": 0.06746560405008495, "repeat": 2, "number": 2}]}, "casademo.flagdata_suite.time_flagdata_list_summary": {"result": [9.814876799471676], "stats": [{"ci_99": [7.802457168698311, 11.82729643024504], "q_25": 9.794752603163943, "q_75": 9.83500099577941, "min": 9.774628406856209, "max": 9.855125192087144, "mean": 9.814876799471676, "std": 0.04024839261546731, "repeat": 2, "number": 2}]}, "casademo.flagdata_suite.time_flagdata_summary": {"result": [9.518680214881897], "stats": [{"ci_99": [9.437835757620633, 9.599524672143161], "q_25": 9.517871770309284, "q_75": 9.51948865945451, "min": 9.517063325736672, "max": 9.520297104027122, "mean": 9.518680214881897, "std": 0.0016168891452252865, "repeat": 2, "number": 2}]}, "casademo.tclean_memory_suite.peakmem_tclean_setweighting": 1978314752}, "params": {"arch": "x86_64", "cpu": "Intel(R) Xeon(R) CPU E5-1660 v4 @ 3.20GHz", "machine": "NRAO workstation", "num_cpu": "16", "os": "Linux 3.10.0-1160.15.2.el7.x86_64", "ram": "32GB", "python": "3.6", "pip+casatools": "6.2.0", "pip+casatasks": "6.2.0"}, "requirements": {"pip+casatools": "6.2.0", "pip+casatasks": "6.2.0"}, "commit_hash": "bae436114dd2825cf9ca38195cfad5dc613da9bb", "date": 1598989388000, "env_name": "virtualenv-py3.6-pip+casatasks6.2.0.21-pip+casatools6.2.0.21", "python": "3.6", "profiles": {}, "started_at": {"casademo.calibration_suite.time_applycal_callib": 1630496890427, "casademo.calibration_suite.time_bandpass": 1630496964614, "casademo.calibration_suite.time_gaincal": 1630497040255, "casademo.flagdata_suite.time_flagdata_bandpassflag": 1630497165263, "casademo.flagdata_suite.time_flagdata_list": 1630497180853, "casademo.flagdata_suite.time_flagdata_list_summary": 1630497422243, "casademo.flagdata_suite.time_flagdata_summary": 1630497441842, "casademo.tclean_memory_suite.peakmem_tclean_setweighting": 1630497460940}, "ended_at": {"casademo.calibration_suite.time_applycal_callib": 1630496964614, "casademo.calibration_suite.time_bandpass": 1630497040254, "casademo.calibration_suite.time_gaincal": 1630497165259, "casademo.flagdata_suite.time_flagdata_bandpassflag": 1630497180853, "casademo.flagdata_suite.time_flagdata_list": 1630497422243, "casademo.flagdata_suite.time_flagdata_list_summary": 1630497441842, "casademo.flagdata_suite.time_flagdata_summary": 1630497460939, "casademo.tclean_memory_suite.peakmem_tclean_setweighting": 1630497766542}, "benchmark_version": {"casademo.calibration_suite.time_applycal_callib": "1f6437b2270507d06f2c91c35b12dce1187d02851c4b0d0c872bbcfda3e5c4f6", "casademo.calibration_suite.time_bandpass": "a69d32cd1360ece09039f1051989506a7673f5a708021e87c81e0936374d64ce", "casademo.calibration_suite.time_gaincal": "70a393fa53b72183c406b9cc585dca7828b9b8d585b8077a80e0946ee81ebeb0", "casademo.flagdata_suite.time_flagdata_bandpassflag": "6bc01de4a73ffea44f2190b51350292cc1e1256989be0f26cc4ec77341df934a", "casademo.flagdata_suite.time_flagdata_list": "f4d15370d3c2c0c746d0c9c28b87ee190865ebfa9e210cc5773201bea0df7bf9", "casademo.flagdata_suite.time_flagdata_list_summary": "58e4c1cc3e1c3c5f723c910c861bad52078405a7026f0321526fad1a15b04ee3", "casademo.flagdata_suite.time_flagdata_summary": "7d302987a4e4e75e43325fd83f2c968688e4b8a56a6476db46a4fcc0bc003e95", "casademo.tclean_memory_suite.peakmem_tclean_setweighting": "3fb5214d1e8e5bf8170efbe8114cd88b0e1e51db87c955bc588eb95ba91e4f71"}, "version": 1}
