{"results": {"casademo.calibration_suite.time_applycal_callib": {"result": [36.01103094825521], "stats": [{"ci_99": [-458.9731267145835, 530.9951886110935], "q_25": 31.061189371626824, "q_75": 40.9608725248836, "min": 26.111347794998437, "max": 45.910714101511985, "mean": 36.01103094825521, "std": 9.899683153256774, "repeat": 2, "number": 2}]}, "casademo.calibration_suite.time_bandpass": {"result": [24.617346570361406], "stats": [{"ci_99": [4.96232210053131, 44.27237104019149], "q_25": 24.420796325663105, "q_75": 24.813896815059707, "min": 24.224246080964804, "max": 25.010447059758008, "mean": 24.617346570361406, "std": 0.3931004893966019, "repeat": 2, "number": 2}]}, "casademo.calibration_suite.time_gaincal": {"result": [50.17091810866259], "stats": [{"ci_99": [26.737402853788808, 73.60443336353634], "q_25": 49.93658295611385, "q_75": 50.40525326121133, "min": 49.702247803565115, "max": 50.639588413760066, "mean": 50.17091810866259, "std": 0.46867030509747565, "repeat": 2, "number": 2}]}, "casademo.flagdata_suite.time_flagdata_bandpassflag": {"result": [5.611014460213482], "stats": [{"ci_99": [4.3752204636111856, 6.846808456815778], "q_25": 5.598656520247459, "q_75": 5.623372400179505, "min": 5.586298580281436, "max": 5.635730340145528, "mean": 5.611014460213482, "std": 0.024715879932045937, "repeat": 2, "number": 2}]}, "casademo.flagdata_suite.time_flagdata_list": {"result": [106.33663835306652], "stats": [{"ci_99": [103.58629036764614, 109.0869863384869], "q_25": 106.30913487321232, "q_75": 106.36414183292072, "min": 106.28163139335811, "max": 106.39164531277493, "mean": 106.33663835306652, "std": 0.05500695970840752, "repeat": 2, "number": 2}]}, "casademo.flagdata_suite.time_flagdata_list_summary": {"result": [7.665770379360765], "stats": [{"ci_99": [6.553121534641832, 8.778419224079698], "q_25": 7.654643890913576, "q_75": 7.6768968678079545, "min": 7.643517402466387, "max": 7.688023356255144, "mean": 7.665770379360765, "std": 0.022252976894378662, "repeat": 2, "number": 2}]}, "casademo.flagdata_suite.time_flagdata_summary": {"result": [7.291434316430241], "stats": [{"ci_99": [-0.12674947967752814, 14.709618112538003], "q_25": 7.217252478469163, "q_75": 7.365616154391319, "min": 7.1430706405080855, "max": 7.439797992352396, "mean": 7.291434316430241, "std": 0.14836367592215538, "repeat": 2, "number": 2}]}, "casademo.tclean_memory_suite.peakmem_tclean_setweighting": 1864888320}, "params": {"arch": "x86_64", "cpu": "Intel(R) Xeon(R) CPU E5-1660 v4 @ 3.20GHz", "machine": "NRAO workstation", "num_cpu": "16", "os": "Linux 3.10.0-1160.15.2.el7.x86_64", "ram": "32GB", "python": "3.6", "pip+casatools": "6.2.0", "pip+casatasks": "6.2.0"}, "requirements": {"pip+casatools": "6.2.0", "pip+casatasks": "6.2.0"}, "commit_hash": "bb61d885b48034f4ec0c8e850584bcd0faf11e4a", "date": 1603703027000, "env_name": "virtualenv-py3.6-pip+casatasks6.2.0.42-pip+casatools6.2.0.42", "python": "3.6", "profiles": {}, "started_at": {"casademo.calibration_suite.time_applycal_callib": 1629937391597, "casademo.calibration_suite.time_bandpass": 1629937467337, "casademo.calibration_suite.time_gaincal": 1629937544008, "casademo.flagdata_suite.time_flagdata_bandpassflag": 1629937667919, "casademo.flagdata_suite.time_flagdata_list": 1629937679149, "casademo.flagdata_suite.time_flagdata_list_summary": 1629937891975, "casademo.flagdata_suite.time_flagdata_summary": 1629937907414, "casademo.tclean_memory_suite.peakmem_tclean_setweighting": 1629937922353}, "ended_at": {"casademo.calibration_suite.time_applycal_callib": 1629937467337, "casademo.calibration_suite.time_bandpass": 1629937544008, "casademo.calibration_suite.time_gaincal": 1629937667915, "casademo.flagdata_suite.time_flagdata_bandpassflag": 1629937679148, "casademo.flagdata_suite.time_flagdata_list": 1629937891975, "casademo.flagdata_suite.time_flagdata_list_summary": 1629937907414, "casademo.flagdata_suite.time_flagdata_summary": 1629937922352, "casademo.tclean_memory_suite.peakmem_tclean_setweighting": 1629938225960}, "benchmark_version": {"casademo.calibration_suite.time_applycal_callib": "9ef394762fe7135f58c94c0e46a655fae93e7d107904ceff94d228f23b89a589", "casademo.calibration_suite.time_bandpass": "f706aa044f6bc64b915996b7bdd6bc5666cae0eb7c47ff9a70b5bced6c9fbd0c", "casademo.calibration_suite.time_gaincal": "56f8a9022caccdafe4240fb9a2766b2d5d56cc1c784bd724822d3b040f5b5309", "casademo.flagdata_suite.time_flagdata_bandpassflag": "f55e0ffa6be9d655555c5081a0e7bf2bc00b253273ba7c220de0bd2cfb3baf6c", "casademo.flagdata_suite.time_flagdata_list": "1a40b66ffb4a43d48af3407bae817ed4f7667fe778880859384f5f2e7c9c5d1f", "casademo.flagdata_suite.time_flagdata_list_summary": "3eb284062687484026a1defb4fceb705e83b244e37405f8794d431940ff44b08", "casademo.flagdata_suite.time_flagdata_summary": "9e569fb4e2a2f68e59c510bbf889632173be867104a4e5ba5a98d0eb110e82fb", "casademo.tclean_memory_suite.peakmem_tclean_setweighting": "b08240b9d9211ba7e2ce323aae697e4b25deb8a6db4c5e2e48519cedc4707769"}, "version": 1}
