{"results": {"casademo.calibration_suite.time_applycal_callib": {"result": [36.01103094825521], "stats": [{"ci_99": [-458.9731267145835, 530.9951886110935], "q_25": 31.061189371626824, "q_75": 40.9608725248836, "min": 26.111347794998437, "max": 45.910714101511985, "mean": 36.01103094825521, "std": 9.899683153256774, "repeat": 2, "number": 2}]}, "casademo.calibration_suite.time_bandpass": {"result": [24.617346570361406], "stats": [{"ci_99": [4.96232210053131, 44.27237104019149], "q_25": 24.420796325663105, "q_75": 24.813896815059707, "min": 24.224246080964804, "max": 25.010447059758008, "mean": 24.617346570361406, "std": 0.3931004893966019, "repeat": 2, "number": 2}]}, "casademo.calibration_suite.time_gaincal": {"result": [50.17091810866259], "stats": [{"ci_99": [26.737402853788808, 73.60443336353634], "q_25": 49.93658295611385, "q_75": 50.40525326121133, "min": 49.702247803565115, "max": 50.639588413760066, "mean": 50.17091810866259, "std": 0.46867030509747565, "repeat": 2, "number": 2}]}, "casademo.flagdata_suite.time_flagdata_bandpassflag": {"result": [5.611014460213482], "stats": [{"ci_99": [4.3752204636111856, 6.846808456815778], "q_25": 5.598656520247459, "q_75": 5.623372400179505, "min": 5.586298580281436, "max": 5.635730340145528, "mean": 5.611014460213482, "std": 0.024715879932045937, "repeat": 2, "number": 2}]}, "casademo.flagdata_suite.time_flagdata_list": {"result": [106.33663835306652], "stats": [{"ci_99": [103.58629036764614, 109.0869863384869], "q_25": 106.30913487321232, "q_75": 106.36414183292072, "min": 106.28163139335811, "max": 106.39164531277493, "mean": 106.33663835306652, "std": 0.05500695970840752, "repeat": 2, "number": 2}]}, "casademo.flagdata_suite.time_flagdata_list_summary": {"result": [7.665770379360765], "stats": [{"ci_99": [6.553121534641832, 8.778419224079698], "q_25": 7.654643890913576, "q_75": 7.6768968678079545, "min": 7.643517402466387, "max": 7.688023356255144, "mean": 7.665770379360765, "std": 0.022252976894378662, "repeat": 2, "number": 2}]}, "casademo.flagdata_suite.time_flagdata_summary": {"result": [7.291434316430241], "stats": [{"ci_99": [-0.12674947967752814, 14.709618112538003], "q_25": 7.217252478469163, "q_75": 7.365616154391319, "min": 7.1430706405080855, "max": 7.439797992352396, "mean": 7.291434316430241, "std": 0.14836367592215538, "repeat": 2, "number": 2}]}, "casademo.tclean_memory_suite.peakmem_tclean_setweighting": 1864888320}, "params": {"arch": "x86_64", "cpu": "Intel(R) Xeon(R) CPU E5-1660 v4 @ 3.20GHz", "machine": "NRAO workstation", "num_cpu": "16", "os": "Linux 3.10.0-1160.15.2.el7.x86_64", "ram": "32GB", "python": "3.6", "pip+casatools": "6.2.0", "pip+casatasks": "6.2.0"}, "requirements": {"pip+casatools": "6.2.0", "pip+casatasks": "6.2.0"}, "commit_hash": "bb61d885b48034f4ec0c8e850584bcd0faf11e4a", "date": 1603703027000, "env_name": "virtualenv-py3.6-pip+casatasks6.2.0.42-pip+casatools6.2.0.42", "python": "3.6", "profiles": {}, "started_at": {"casademo.calibration_suite.time_applycal_callib": 1629937391597, "casademo.calibration_suite.time_bandpass": 1629937467337, "casademo.calibration_suite.time_gaincal": 1629937544008, "casademo.flagdata_suite.time_flagdata_bandpassflag": 1629937667919, "casademo.flagdata_suite.time_flagdata_list": 1629937679149, "casademo.flagdata_suite.time_flagdata_list_summary": 1629937891975, "casademo.flagdata_suite.time_flagdata_summary": 1629937907414, "casademo.tclean_memory_suite.peakmem_tclean_setweighting": 1629937922353}, "ended_at": {"casademo.calibration_suite.time_applycal_callib": 1629937467337, "casademo.calibration_suite.time_bandpass": 1629937544008, "casademo.calibration_suite.time_gaincal": 1629937667915, "casademo.flagdata_suite.time_flagdata_bandpassflag": 1629937679148, "casademo.flagdata_suite.time_flagdata_list": 1629937891975, "casademo.flagdata_suite.time_flagdata_list_summary": 1629937907414, "casademo.flagdata_suite.time_flagdata_summary": 1629937922352, "casademo.tclean_memory_suite.peakmem_tclean_setweighting": 1629938225960}, "benchmark_version": {"casademo.calibration_suite.time_applycal_callib": "1f6437b2270507d06f2c91c35b12dce1187d02851c4b0d0c872bbcfda3e5c4f6", "casademo.calibration_suite.time_bandpass": "a69d32cd1360ece09039f1051989506a7673f5a708021e87c81e0936374d64ce", "casademo.calibration_suite.time_gaincal": "70a393fa53b72183c406b9cc585dca7828b9b8d585b8077a80e0946ee81ebeb0", "casademo.flagdata_suite.time_flagdata_bandpassflag": "6bc01de4a73ffea44f2190b51350292cc1e1256989be0f26cc4ec77341df934a", "casademo.flagdata_suite.time_flagdata_list": "f4d15370d3c2c0c746d0c9c28b87ee190865ebfa9e210cc5773201bea0df7bf9", "casademo.flagdata_suite.time_flagdata_list_summary": "58e4c1cc3e1c3c5f723c910c861bad52078405a7026f0321526fad1a15b04ee3", "casademo.flagdata_suite.time_flagdata_summary": "7d302987a4e4e75e43325fd83f2c968688e4b8a56a6476db46a4fcc0bc003e95", "casademo.tclean_memory_suite.peakmem_tclean_setweighting": "3fb5214d1e8e5bf8170efbe8114cd88b0e1e51db87c955bc588eb95ba91e4f71"}, "version": 1}
