{"results": {"casademo.calibration_suite.time_applycal_callib": {"result": [26.074978636344895], "stats": [{"ci_99": [21.639274511719123, 30.510682760970663], "q_25": 26.030621595098637, "q_75": 26.119335677591152, "min": 25.98626455385238, "max": 26.16369271883741, "mean": 26.074978636344895, "std": 0.08871408249251544, "repeat": 2, "number": 2}]}, "casademo.calibration_suite.time_bandpass": {"result": [24.991266479017213], "stats": [{"ci_99": [22.963001779979095, 27.01953117805533], "q_25": 24.970983832026832, "q_75": 25.011549126007594, "min": 24.95070118503645, "max": 25.031831772997975, "mean": 24.991266479017213, "std": 0.04056529398076236, "repeat": 2, "number": 2}]}, "casademo.calibration_suite.time_gaincal": {"result": [49.63632728694938], "stats": [{"ci_99": [28.741280185291544, 70.5313743886072], "q_25": 49.4273768159328, "q_75": 49.84527775796596, "min": 49.218426344916224, "max": 50.05422822898254, "mean": 49.63632728694938, "std": 0.41790094203315675, "repeat": 2, "number": 2}]}, "casademo.flagdata_suite.time_flagdata_bandpassflag": {"result": [31.31261215941049], "stats": [{"ci_99": [30.53882364812307, 32.08640067069791], "q_25": 31.304874274297617, "q_75": 31.320350044523366, "min": 31.297136389184743, "max": 31.32808792963624, "mean": 31.31261215941049, "std": 0.01547577022574842, "repeat": 2, "number": 2}]}, "casademo.flagdata_suite.time_flagdata_list": {"result": [134.23358089243993], "stats": [{"ci_99": [130.62645417125896, 137.8407076136209], "q_25": 134.19750962522812, "q_75": 134.26965215965174, "min": 134.1614383580163, "max": 134.30572342686355, "mean": 134.23358089243993, "std": 0.07214253442361951, "repeat": 2, "number": 2}]}, "casademo.flagdata_suite.time_flagdata_list_summary": {"result": [34.1437752135098], "stats": [{"ci_99": [33.297232679091394, 34.9903177479282], "q_25": 34.135309788165614, "q_75": 34.15224063885398, "min": 34.12684436282143, "max": 34.160706064198166, "mean": 34.1437752135098, "std": 0.016930850688368082, "repeat": 2, "number": 2}]}, "casademo.flagdata_suite.time_flagdata_summary": {"result": [33.76798079395667], "stats": [{"ci_99": [30.320353308226913, 37.21560827968642], "q_25": 33.73350451909937, "q_75": 33.802457068813965, "min": 33.69902824424207, "max": 33.83693334367126, "mean": 33.76798079395667, "std": 0.06895254971459508, "repeat": 2, "number": 2}]}, "casademo.tclean_memory_suite.peakmem_tclean_setweighting": 1865330688}, "params": {"arch": "x86_64", "cpu": "Intel(R) Xeon(R) CPU E5-1660 v4 @ 3.20GHz", "machine": "NRAO workstation", "num_cpu": "16", "os": "Linux 3.10.0-1160.15.2.el7.x86_64", "ram": "32GB", "python": "3.6", "pip+casatools": "trunk", "pip+casatasks": "trunk"}, "requirements": {"pip+casatools": "trunk", "pip+casatasks": "trunk"}, "commit_hash": "be9c2484ac5c33ef5f25e33af7f00ac9ece2fee8", "date": 1605629058000, "env_name": "virtualenv-py3.6-pip+casatasks-trunk-pip+casatools-trunk", "python": "3.6", "profiles": {}, "started_at": {"casademo.calibration_suite.time_applycal_callib": 1630410288219, "casademo.calibration_suite.time_bandpass": 1630410364510, "casademo.calibration_suite.time_gaincal": 1630410443708, "casademo.flagdata_suite.time_flagdata_bandpassflag": 1630410568560, "casademo.flagdata_suite.time_flagdata_list": 1630410631253, "casademo.flagdata_suite.time_flagdata_list_summary": 1630410899651, "casademo.flagdata_suite.time_flagdata_summary": 1630410968058, "casademo.tclean_memory_suite.peakmem_tclean_setweighting": 1630411035512}, "ended_at": {"casademo.calibration_suite.time_applycal_callib": 1630410364510, "casademo.calibration_suite.time_bandpass": 1630410443708, "casademo.calibration_suite.time_gaincal": 1630410568556, "casademo.flagdata_suite.time_flagdata_bandpassflag": 1630410631253, "casademo.flagdata_suite.time_flagdata_list": 1630410899651, "casademo.flagdata_suite.time_flagdata_list_summary": 1630410968057, "casademo.flagdata_suite.time_flagdata_summary": 1630411035511, "casademo.tclean_memory_suite.peakmem_tclean_setweighting": 1630411347089}, "benchmark_version": {"casademo.calibration_suite.time_applycal_callib": "9ef394762fe7135f58c94c0e46a655fae93e7d107904ceff94d228f23b89a589", "casademo.calibration_suite.time_bandpass": "f706aa044f6bc64b915996b7bdd6bc5666cae0eb7c47ff9a70b5bced6c9fbd0c", "casademo.calibration_suite.time_gaincal": "56f8a9022caccdafe4240fb9a2766b2d5d56cc1c784bd724822d3b040f5b5309", "casademo.flagdata_suite.time_flagdata_bandpassflag": "f55e0ffa6be9d655555c5081a0e7bf2bc00b253273ba7c220de0bd2cfb3baf6c", "casademo.flagdata_suite.time_flagdata_list": "1a40b66ffb4a43d48af3407bae817ed4f7667fe778880859384f5f2e7c9c5d1f", "casademo.flagdata_suite.time_flagdata_list_summary": "3eb284062687484026a1defb4fceb705e83b244e37405f8794d431940ff44b08", "casademo.flagdata_suite.time_flagdata_summary": "9e569fb4e2a2f68e59c510bbf889632173be867104a4e5ba5a98d0eb110e82fb", "casademo.tclean_memory_suite.peakmem_tclean_setweighting": "b08240b9d9211ba7e2ce323aae697e4b25deb8a6db4c5e2e48519cedc4707769"}, "version": 1}
