{"results": {"casademo.calibration_suite.time_applycal_callib": {"result": [34.47109279688448], "stats": [{"ci_99": [-455.52340482361615, 524.4655904173846], "q_25": 29.57114782067947, "q_75": 39.37103777308948, "min": 24.671202844474465, "max": 44.27098274929449, "mean": 34.47109279688448, "std": 9.799889952410012, "repeat": 2, "number": 2}]}, "casademo.calibration_suite.time_bandpass": {"result": [25.323091150727123], "stats": [{"ci_99": [-55.387809144798666, 106.03399144625284], "q_25": 24.515982147771865, "q_75": 26.13020015368238, "min": 23.708873144816607, "max": 26.93730915663764, "mean": 25.323091150727123, "std": 1.6142180059105158, "repeat": 2, "number": 2}]}, "casademo.calibration_suite.time_gaincal": {"result": [50.732575374888256], "stats": [{"ci_99": [22.353700554696843, 79.11145019507964], "q_25": 50.44878662668634, "q_75": 51.01636412309017, "min": 50.16499787848443, "max": 51.300152871292084, "mean": 50.732575374888256, "std": 0.5675774964038283, "repeat": 2, "number": 2}]}, "casademo.flagdata_suite.time_flagdata_bandpassflag": {"result": [31.56465771375224], "stats": [{"ci_99": [30.370011201594025, 32.759304225910455], "q_25": 31.552711248630658, "q_75": 31.576604178873822, "min": 31.540764783509076, "max": 31.588550643995404, "mean": 31.56465771375224, "std": 0.0238929302431643, "repeat": 2, "number": 2}]}, "casademo.flagdata_suite.time_flagdata_list": {"result": [133.72377759683877], "stats": [{"ci_99": [131.76773958280683, 135.67981561087072], "q_25": 133.70421721669845, "q_75": 133.7433379769791, "min": 133.68465683655813, "max": 133.7628983571194, "mean": 133.72377759683877, "std": 0.03912076028063893, "repeat": 2, "number": 2}]}, "casademo.flagdata_suite.time_flagdata_list_summary": {"result": [34.28287651645951], "stats": [{"ci_99": [31.55017097038217, 37.01558206253685], "q_25": 34.255549460998736, "q_75": 34.31020357192028, "min": 34.22822240553796, "max": 34.33753062738106, "mean": 34.28287651645951, "std": 0.05465411092154682, "repeat": 2, "number": 2}]}, "casademo.flagdata_suite.time_flagdata_summary": {"result": [33.981195949018], "stats": [{"ci_99": [33.60011195298284, 34.36227994505316], "q_25": 33.97738510905765, "q_75": 33.98500678897835, "min": 33.9735742690973, "max": 33.988817628938705, "mean": 33.981195949018, "std": 0.007621679920703173, "repeat": 2, "number": 2}]}, "casademo.tclean_memory_suite.peakmem_tclean_setweighting": 2032791552}, "params": {"arch": "x86_64", "cpu": "Intel(R) Xeon(R) CPU E5-1660 v4 @ 3.20GHz", "machine": "NRAO workstation", "num_cpu": "16", "os": "Linux 3.10.0-1160.15.2.el7.x86_64", "ram": "32GB", "python": "3.6", "pip+casatools": "6.2.0", "pip+casatasks": "6.2.0"}, "requirements": {"pip+casatools": "6.2.0", "pip+casatasks": "6.2.0"}, "commit_hash": "bea00b83545b214e3b622f06b2a2d6ac2216249d", "date": 1607530881000, "env_name": "virtualenv-py3.6-pip+casatasks6.2.0.58-pip+casatools6.2.0.58", "python": "3.6", "profiles": {}, "started_at": {"casademo.calibration_suite.time_applycal_callib": 1630016248712, "casademo.calibration_suite.time_bandpass": 1630016372468, "casademo.calibration_suite.time_gaincal": 1630016447488, "casademo.flagdata_suite.time_flagdata_bandpassflag": 1630016572100, "casademo.flagdata_suite.time_flagdata_list": 1630016635245, "casademo.flagdata_suite.time_flagdata_list_summary": 1630016902843, "casademo.flagdata_suite.time_flagdata_summary": 1630016971349, "casademo.tclean_memory_suite.peakmem_tclean_setweighting": 1630017039356}, "ended_at": {"casademo.calibration_suite.time_applycal_callib": 1630016372467, "casademo.calibration_suite.time_bandpass": 1630016447488, "casademo.calibration_suite.time_gaincal": 1630016572095, "casademo.flagdata_suite.time_flagdata_bandpassflag": 1630016635245, "casademo.flagdata_suite.time_flagdata_list": 1630016902842, "casademo.flagdata_suite.time_flagdata_list_summary": 1630016971349, "casademo.flagdata_suite.time_flagdata_summary": 1630017039355, "casademo.tclean_memory_suite.peakmem_tclean_setweighting": 1630017631982}, "benchmark_version": {"casademo.calibration_suite.time_applycal_callib": "1f6437b2270507d06f2c91c35b12dce1187d02851c4b0d0c872bbcfda3e5c4f6", "casademo.calibration_suite.time_bandpass": "a69d32cd1360ece09039f1051989506a7673f5a708021e87c81e0936374d64ce", "casademo.calibration_suite.time_gaincal": "70a393fa53b72183c406b9cc585dca7828b9b8d585b8077a80e0946ee81ebeb0", "casademo.flagdata_suite.time_flagdata_bandpassflag": "6bc01de4a73ffea44f2190b51350292cc1e1256989be0f26cc4ec77341df934a", "casademo.flagdata_suite.time_flagdata_list": "f4d15370d3c2c0c746d0c9c28b87ee190865ebfa9e210cc5773201bea0df7bf9", "casademo.flagdata_suite.time_flagdata_list_summary": "58e4c1cc3e1c3c5f723c910c861bad52078405a7026f0321526fad1a15b04ee3", "casademo.flagdata_suite.time_flagdata_summary": "7d302987a4e4e75e43325fd83f2c968688e4b8a56a6476db46a4fcc0bc003e95", "casademo.tclean_memory_suite.peakmem_tclean_setweighting": "3fb5214d1e8e5bf8170efbe8114cd88b0e1e51db87c955bc588eb95ba91e4f71"}, "version": 1}
