{"results": {"casademo.calibration_suite.time_applycal_callib": {"result": [32.73912127595395], "stats": [{"ci_99": [-331.431065807119, 396.9093083590266], "q_25": 29.09741940512322, "q_75": 36.38082314678468, "min": 25.45571753429249, "max": 40.02252501761541, "mean": 32.73912127595395, "std": 7.283403741661459, "repeat": 2, "number": 2}]}, "casademo.calibration_suite.time_bandpass": {"result": [24.86664324440062], "stats": [{"ci_99": [2.469341875053942, 47.263944613747285], "q_25": 24.642670230707154, "q_75": 25.090616258094087, "min": 24.418697217013687, "max": 25.314589271787554, "mean": 24.86664324440062, "std": 0.44794602738693357, "repeat": 2, "number": 2}]}, "casademo.calibration_suite.time_gaincal": {"result": [49.81570405350067], "stats": [{"ci_99": [40.21760092279874, 59.41380718420259], "q_25": 49.71972302219365, "q_75": 49.91168508480769, "min": 49.62374199088663, "max": 50.007666116114706, "mean": 49.81570405350067, "std": 0.1919620626140386, "repeat": 2, "number": 2}]}, "casademo.flagdata_suite.time_flagdata_bandpassflag": {"result": [31.980519246775657], "stats": [{"ci_99": [29.40995098883286, 34.55108750471845], "q_25": 31.95481356419623, "q_75": 32.006224929355085, "min": 31.9291078816168, "max": 32.03193061193451, "mean": 31.980519246775657, "std": 0.051411365158855915, "repeat": 2, "number": 2}]}, "casademo.flagdata_suite.time_flagdata_list": {"result": [136.03884804807603], "stats": [{"ci_99": [134.92635159101337, 137.1513445051387], "q_25": 136.0277230835054, "q_75": 136.04997301264666, "min": 136.01659811893478, "max": 136.0610979772173, "mean": 136.03884804807603, "std": 0.022249929141253233, "repeat": 2, "number": 2}]}, "casademo.flagdata_suite.time_flagdata_list_summary": {"result": [34.735931779723614], "stats": [{"ci_99": [32.632167984265834, 36.839695575181395], "q_25": 34.71489414176904, "q_75": 34.75696941767819, "min": 34.69385650381446, "max": 34.77800705563277, "mean": 34.735931779723614, "std": 0.04207527590915561, "repeat": 2, "number": 2}]}, "casademo.flagdata_suite.time_flagdata_summary": {"result": [34.348450407385826], "stats": [{"ci_99": [33.209961319342256, 35.4869394954294], "q_25": 34.33706551650539, "q_75": 34.35983529826626, "min": 34.325680625624955, "max": 34.3712201891467, "mean": 34.348450407385826, "std": 0.02276978176087141, "repeat": 2, "number": 2}]}, "casademo.tclean_memory_suite.peakmem_tclean_setweighting": 2032918528}, "params": {"arch": "x86_64", "cpu": "Intel(R) Xeon(R) CPU E5-1660 v4 @ 3.20GHz", "machine": "NRAO workstation", "num_cpu": "16", "os": "Linux 3.10.0-1160.15.2.el7.x86_64", "ram": "32GB", "python": "3.6", "pip+casatools": "6.2.0", "pip+casatasks": "6.2.0"}, "requirements": {"pip+casatools": "6.2.0", "pip+casatasks": "6.2.0"}, "commit_hash": "bf884585f13da105e7c696761d72393710c649d1", "date": 1608396497000, "env_name": "virtualenv-py3.6-pip+casatasks6.2.0.62-pip+casatools6.2.0.62", "python": "3.6", "profiles": {}, "started_at": {"casademo.calibration_suite.time_applycal_callib": 1629894766232, "casademo.calibration_suite.time_bandpass": 1629894839668, "casademo.calibration_suite.time_gaincal": 1629894929381, "casademo.flagdata_suite.time_flagdata_bandpassflag": 1629895052180, "casademo.flagdata_suite.time_flagdata_list": 1629895116326, "casademo.flagdata_suite.time_flagdata_list_summary": 1629895388534, "casademo.flagdata_suite.time_flagdata_summary": 1629895457994, "casademo.tclean_memory_suite.peakmem_tclean_setweighting": 1629895526700}, "ended_at": {"casademo.calibration_suite.time_applycal_callib": 1629894839668, "casademo.calibration_suite.time_bandpass": 1629894929381, "casademo.calibration_suite.time_gaincal": 1629895052177, "casademo.flagdata_suite.time_flagdata_bandpassflag": 1629895116326, "casademo.flagdata_suite.time_flagdata_list": 1629895388534, "casademo.flagdata_suite.time_flagdata_list_summary": 1629895457993, "casademo.flagdata_suite.time_flagdata_summary": 1629895526700, "casademo.tclean_memory_suite.peakmem_tclean_setweighting": 1629896101223}, "benchmark_version": {"casademo.calibration_suite.time_applycal_callib": "9ef394762fe7135f58c94c0e46a655fae93e7d107904ceff94d228f23b89a589", "casademo.calibration_suite.time_bandpass": "f706aa044f6bc64b915996b7bdd6bc5666cae0eb7c47ff9a70b5bced6c9fbd0c", "casademo.calibration_suite.time_gaincal": "56f8a9022caccdafe4240fb9a2766b2d5d56cc1c784bd724822d3b040f5b5309", "casademo.flagdata_suite.time_flagdata_bandpassflag": "f55e0ffa6be9d655555c5081a0e7bf2bc00b253273ba7c220de0bd2cfb3baf6c", "casademo.flagdata_suite.time_flagdata_list": "1a40b66ffb4a43d48af3407bae817ed4f7667fe778880859384f5f2e7c9c5d1f", "casademo.flagdata_suite.time_flagdata_list_summary": "3eb284062687484026a1defb4fceb705e83b244e37405f8794d431940ff44b08", "casademo.flagdata_suite.time_flagdata_summary": "9e569fb4e2a2f68e59c510bbf889632173be867104a4e5ba5a98d0eb110e82fb", "casademo.tclean_memory_suite.peakmem_tclean_setweighting": "b08240b9d9211ba7e2ce323aae697e4b25deb8a6db4c5e2e48519cedc4707769"}, "version": 1}
