{"results": {"casademo.calibration_suite.time_applycal_callib": {"result": [32.73912127595395], "stats": [{"ci_99": [-331.431065807119, 396.9093083590266], "q_25": 29.09741940512322, "q_75": 36.38082314678468, "min": 25.45571753429249, "max": 40.02252501761541, "mean": 32.73912127595395, "std": 7.283403741661459, "repeat": 2, "number": 2}]}, "casademo.calibration_suite.time_bandpass": {"result": [24.86664324440062], "stats": [{"ci_99": [2.469341875053942, 47.263944613747285], "q_25": 24.642670230707154, "q_75": 25.090616258094087, "min": 24.418697217013687, "max": 25.314589271787554, "mean": 24.86664324440062, "std": 0.44794602738693357, "repeat": 2, "number": 2}]}, "casademo.calibration_suite.time_gaincal": {"result": [49.81570405350067], "stats": [{"ci_99": [40.21760092279874, 59.41380718420259], "q_25": 49.71972302219365, "q_75": 49.91168508480769, "min": 49.62374199088663, "max": 50.007666116114706, "mean": 49.81570405350067, "std": 0.1919620626140386, "repeat": 2, "number": 2}]}, "casademo.flagdata_suite.time_flagdata_bandpassflag": {"result": [31.980519246775657], "stats": [{"ci_99": [29.40995098883286, 34.55108750471845], "q_25": 31.95481356419623, "q_75": 32.006224929355085, "min": 31.9291078816168, "max": 32.03193061193451, "mean": 31.980519246775657, "std": 0.051411365158855915, "repeat": 2, "number": 2}]}, "casademo.flagdata_suite.time_flagdata_list": {"result": [136.03884804807603], "stats": [{"ci_99": [134.92635159101337, 137.1513445051387], "q_25": 136.0277230835054, "q_75": 136.04997301264666, "min": 136.01659811893478, "max": 136.0610979772173, "mean": 136.03884804807603, "std": 0.022249929141253233, "repeat": 2, "number": 2}]}, "casademo.flagdata_suite.time_flagdata_list_summary": {"result": [34.735931779723614], "stats": [{"ci_99": [32.632167984265834, 36.839695575181395], "q_25": 34.71489414176904, "q_75": 34.75696941767819, "min": 34.69385650381446, "max": 34.77800705563277, "mean": 34.735931779723614, "std": 0.04207527590915561, "repeat": 2, "number": 2}]}, "casademo.flagdata_suite.time_flagdata_summary": {"result": [34.348450407385826], "stats": [{"ci_99": [33.209961319342256, 35.4869394954294], "q_25": 34.33706551650539, "q_75": 34.35983529826626, "min": 34.325680625624955, "max": 34.3712201891467, "mean": 34.348450407385826, "std": 0.02276978176087141, "repeat": 2, "number": 2}]}, "casademo.tclean_memory_suite.peakmem_tclean_setweighting": 2032918528}, "params": {"arch": "x86_64", "cpu": "Intel(R) Xeon(R) CPU E5-1660 v4 @ 3.20GHz", "machine": "NRAO workstation", "num_cpu": "16", "os": "Linux 3.10.0-1160.15.2.el7.x86_64", "ram": "32GB", "python": "3.6", "pip+casatools": "6.2.0", "pip+casatasks": "6.2.0"}, "requirements": {"pip+casatools": "6.2.0", "pip+casatasks": "6.2.0"}, "commit_hash": "bf884585f13da105e7c696761d72393710c649d1", "date": 1608396497000, "env_name": "virtualenv-py3.6-pip+casatasks6.2.0.62-pip+casatools6.2.0.62", "python": "3.6", "profiles": {}, "started_at": {"casademo.calibration_suite.time_applycal_callib": 1629894766232, "casademo.calibration_suite.time_bandpass": 1629894839668, "casademo.calibration_suite.time_gaincal": 1629894929381, "casademo.flagdata_suite.time_flagdata_bandpassflag": 1629895052180, "casademo.flagdata_suite.time_flagdata_list": 1629895116326, "casademo.flagdata_suite.time_flagdata_list_summary": 1629895388534, "casademo.flagdata_suite.time_flagdata_summary": 1629895457994, "casademo.tclean_memory_suite.peakmem_tclean_setweighting": 1629895526700}, "ended_at": {"casademo.calibration_suite.time_applycal_callib": 1629894839668, "casademo.calibration_suite.time_bandpass": 1629894929381, "casademo.calibration_suite.time_gaincal": 1629895052177, "casademo.flagdata_suite.time_flagdata_bandpassflag": 1629895116326, "casademo.flagdata_suite.time_flagdata_list": 1629895388534, "casademo.flagdata_suite.time_flagdata_list_summary": 1629895457993, "casademo.flagdata_suite.time_flagdata_summary": 1629895526700, "casademo.tclean_memory_suite.peakmem_tclean_setweighting": 1629896101223}, "benchmark_version": {"casademo.calibration_suite.time_applycal_callib": "1f6437b2270507d06f2c91c35b12dce1187d02851c4b0d0c872bbcfda3e5c4f6", "casademo.calibration_suite.time_bandpass": "a69d32cd1360ece09039f1051989506a7673f5a708021e87c81e0936374d64ce", "casademo.calibration_suite.time_gaincal": "70a393fa53b72183c406b9cc585dca7828b9b8d585b8077a80e0946ee81ebeb0", "casademo.flagdata_suite.time_flagdata_bandpassflag": "6bc01de4a73ffea44f2190b51350292cc1e1256989be0f26cc4ec77341df934a", "casademo.flagdata_suite.time_flagdata_list": "f4d15370d3c2c0c746d0c9c28b87ee190865ebfa9e210cc5773201bea0df7bf9", "casademo.flagdata_suite.time_flagdata_list_summary": "58e4c1cc3e1c3c5f723c910c861bad52078405a7026f0321526fad1a15b04ee3", "casademo.flagdata_suite.time_flagdata_summary": "7d302987a4e4e75e43325fd83f2c968688e4b8a56a6476db46a4fcc0bc003e95", "casademo.tclean_memory_suite.peakmem_tclean_setweighting": "3fb5214d1e8e5bf8170efbe8114cd88b0e1e51db87c955bc588eb95ba91e4f71"}, "version": 1}
