{"results": {"casademo.calibration_suite.time_applycal_callib": {"result": [35.23037602426484], "stats": [{"ci_99": [-416.52670457260683, 486.9874566211361], "q_25": 30.712805218296126, "q_75": 39.74794683023356, "min": 26.19523441232741, "max": 44.265517636202276, "mean": 35.23037602426484, "std": 9.035141611937433, "repeat": 2, "number": 2}]}, "casademo.calibration_suite.time_bandpass": null, "casademo.calibration_suite.time_gaincal": {"result": [49.58085359586403], "stats": [{"ci_99": [-18.824448296334594, 117.9861554880626], "q_25": 48.89680057694204, "q_75": 50.264906614786014, "min": 48.212747558020055, "max": 50.948959633708, "mean": 49.58085359586403, "std": 1.3681060378439724, "repeat": 2, "number": 2}]}, "casademo.flagdata_suite.time_flagdata_bandpassflag": {"result": [9.292741402518004], "stats": [{"ci_99": [7.562873073387891, 11.022609731648116], "q_25": 9.275442719226703, "q_75": 9.310040085809305, "min": 9.258144035935402, "max": 9.327338769100606, "mean": 9.292741402518004, "std": 0.03459736658260226, "repeat": 2, "number": 2}]}, "casademo.flagdata_suite.time_flagdata_list": {"result": [112.7505718274042], "stats": [{"ci_99": [112.44015744980425, 113.06098620500416], "q_25": 112.7474676836282, "q_75": 112.7536759711802, "min": 112.7443635398522, "max": 112.7567801149562, "mean": 112.7505718274042, "std": 0.006208287551999092, "repeat": 2, "number": 2}]}, "casademo.flagdata_suite.time_flagdata_list_summary": {"result": [12.300584690645337], "stats": [{"ci_99": [11.8244744297117, 12.776694951578975], "q_25": 12.295823588036, "q_75": 12.305345793254673, "min": 12.291062485426664, "max": 12.31010689586401, "mean": 12.300584690645337, "std": 0.009522205218672752, "repeat": 2, "number": 2}]}, "casademo.flagdata_suite.time_flagdata_summary": {"result": [12.040239532943815], "stats": [{"ci_99": [11.562180316541344, 12.518298749346286], "q_25": 12.03545894077979, "q_75": 12.04502012510784, "min": 12.030678348615766, "max": 12.049800717271864, "mean": 12.040239532943815, "std": 0.009561184328049421, "repeat": 2, "number": 2}]}, "casademo.tclean_memory_suite.peakmem_tclean_setweighting": 1961054208, "casademo.tclean_memory_suite.track_tclean_file_descriptors_cubemode_mosaic_briggs": 128}, "params": {"arch": "x86_64", "cpu": "Intel(R) Xeon(R) CPU E5-1660 v4 @ 3.20GHz", "machine": "NRAO workstation", "num_cpu": "16", "os": "Linux 3.10.0-1160.15.2.el7.x86_64", "ram": "32GB", "python": "3.6", "pip+casatasks": "trunk"}, "requirements": {"pip+casatasks": "trunk"}, "commit_hash": "bfdbadcc34d29fa304f9216d385694ec74ebe8e4", "date": 1633371633000, "env_name": "virtualenv-py3.6-pip+casatasks-trunk", "python": "3.6", "profiles": {}, "started_at": {"casademo.calibration_suite.time_applycal_callib": 1637179088442, "casademo.calibration_suite.time_bandpass": 1637178626390, "casademo.calibration_suite.time_gaincal": 1637179164634, "casademo.flagdata_suite.time_flagdata_bandpassflag": 1637179289294, "casademo.flagdata_suite.time_flagdata_list": 1637179307890, "casademo.flagdata_suite.time_flagdata_list_summary": 1637179533445, "casademo.flagdata_suite.time_flagdata_summary": 1637179558105, "casademo.tclean_memory_suite.peakmem_tclean_setweighting": 1637179582214, "casademo.tclean_memory_suite.track_tclean_file_descriptors_cubemode_mosaic_briggs": 1637179755780}, "ended_at": {"casademo.calibration_suite.time_applycal_callib": 1637179164633, "casademo.calibration_suite.time_bandpass": 1637178668647, "casademo.calibration_suite.time_gaincal": 1637179289293, "casademo.flagdata_suite.time_flagdata_bandpassflag": 1637179307890, "casademo.flagdata_suite.time_flagdata_list": 1637179533445, "casademo.flagdata_suite.time_flagdata_list_summary": 1637179558105, "casademo.flagdata_suite.time_flagdata_summary": 1637179582214, "casademo.tclean_memory_suite.peakmem_tclean_setweighting": 1637179755779, "casademo.tclean_memory_suite.track_tclean_file_descriptors_cubemode_mosaic_briggs": 1637179927715}, "benchmark_version": {"casademo.calibration_suite.time_applycal_callib": "9ef394762fe7135f58c94c0e46a655fae93e7d107904ceff94d228f23b89a589", "casademo.calibration_suite.time_bandpass": "f706aa044f6bc64b915996b7bdd6bc5666cae0eb7c47ff9a70b5bced6c9fbd0c", "casademo.calibration_suite.time_gaincal": "56f8a9022caccdafe4240fb9a2766b2d5d56cc1c784bd724822d3b040f5b5309", "casademo.flagdata_suite.time_flagdata_bandpassflag": "f55e0ffa6be9d655555c5081a0e7bf2bc00b253273ba7c220de0bd2cfb3baf6c", "casademo.flagdata_suite.time_flagdata_list": "1a40b66ffb4a43d48af3407bae817ed4f7667fe778880859384f5f2e7c9c5d1f", "casademo.flagdata_suite.time_flagdata_list_summary": "3eb284062687484026a1defb4fceb705e83b244e37405f8794d431940ff44b08", "casademo.flagdata_suite.time_flagdata_summary": "9e569fb4e2a2f68e59c510bbf889632173be867104a4e5ba5a98d0eb110e82fb", "casademo.tclean_memory_suite.peakmem_tclean_setweighting": "c89589301c2c884b40375d00ec2f343d5ebdc195afbfc70ae2f149be692e8187", "casademo.tclean_memory_suite.track_tclean_file_descriptors_cubemode_mosaic_briggs": "e3aeb6edf33f78d2db6d58dfc61576924a9768f7a205164fcd839666bde1ae63"}, "version": 1}
