{"results": {"casademo.tclean_memory_suite.peakmem_tclean_setweighting": 2154647552, "casademo.calibration_suite.time_applycal_callib": {"result": [44.01586861000396], "stats": [{"ci_99": [41.144037254853174, 46.88769996515475], "q_25": 43.987150296452455, "q_75": 44.04458692355547, "min": 43.95843198290095, "max": 44.07330523710698, "mean": 44.01586861000396, "std": 0.05743662710301578, "repeat": 2, "number": 2}]}, "casademo.calibration_suite.time_bandpass": {"result": [24.107022010488436], "stats": [{"ci_99": [-10.084816839313135, 58.29886086028998], "q_25": 23.76510362199042, "q_75": 24.44894039898645, "min": 23.423185233492404, "max": 24.790858787484467, "mean": 24.107022010488436, "std": 0.6838367769960314, "repeat": 2, "number": 2}]}, "casademo.calibration_suite.time_gaincal": {"result": [48.99760703602806], "stats": [{"ci_99": [25.667872815858573, 72.32734125619751], "q_25": 48.76430969382636, "q_75": 49.23090437822975, "min": 48.53101235162467, "max": 49.46420172043145, "mean": 48.99760703602806, "std": 0.4665946844033897, "repeat": 2, "number": 2}]}, "casademo.flagdata_suite.time_flagdata_bandpassflag": {"result": [31.967958129709587], "stats": [{"ci_99": [31.515117231057957, 32.420799028361216], "q_25": 31.96342972072307, "q_75": 31.972486538696103, "min": 31.958901311736554, "max": 31.97701494768262, "mean": 31.967958129709587, "std": 0.009056817973032594, "repeat": 2, "number": 2}]}, "casademo.flagdata_suite.time_flagdata_list": {"result": [135.7115946309641], "stats": [{"ci_99": [133.85010197013617, 137.57308729179204], "q_25": 135.69297970435582, "q_75": 135.73020955757238, "min": 135.67436477774754, "max": 135.74882448418066, "mean": 135.7115946309641, "std": 0.037229853216558695, "repeat": 2, "number": 2}]}, "casademo.flagdata_suite.time_flagdata_list_summary": {"result": [34.80935866176151], "stats": [{"ci_99": [34.69278763444163, 34.925929689081386], "q_25": 34.80819295148831, "q_75": 34.810524372034706, "min": 34.80702724121511, "max": 34.811690082307905, "mean": 34.80935866176151, "std": 0.002331420546397567, "repeat": 2, "number": 2}]}, "casademo.flagdata_suite.time_flagdata_summary": {"result": [34.442307487362996], "stats": [{"ci_99": [31.810838940320536, 37.073776034405455], "q_25": 34.41599280189257, "q_75": 34.46862217283342, "min": 34.38967811642215, "max": 34.494936858303845, "mean": 34.442307487362996, "std": 0.052629370940849185, "repeat": 2, "number": 2}]}}, "params": {"arch": "x86_64", "cpu": "Intel(R) Xeon(R) CPU E5-1660 v4 @ 3.20GHz", "machine": "NRAO workstation", "num_cpu": "16", "os": "Linux 3.10.0-1160.15.2.el7.x86_64", "ram": "32GB", "python": "3.6", "pip+casatools": "6.3.0", "pip+casatasks": "6.3.0"}, "requirements": {"pip+casatools": "6.3.0", "pip+casatasks": "6.3.0"}, "commit_hash": "c0bfd8b846be523d0692a168fd9d5f10e8342261", "date": 1623335136000, "env_name": "virtualenv-py3.6-pip+casatasks6.3.0.14-pip+casatools6.3.0.14", "python": "3.6", "profiles": {}, "started_at": {"casademo.tclean_memory_suite.peakmem_tclean_setweighting": 1630197937054, "casademo.calibration_suite.time_applycal_callib": 1630197134699, "casademo.calibration_suite.time_bandpass": 1630197262264, "casademo.calibration_suite.time_gaincal": 1630197339900, "casademo.flagdata_suite.time_flagdata_bandpassflag": 1630197463152, "casademo.flagdata_suite.time_flagdata_list": 1630197527148, "casademo.flagdata_suite.time_flagdata_list_summary": 1630197798537, "casademo.flagdata_suite.time_flagdata_summary": 1630197868247}, "ended_at": {"casademo.tclean_memory_suite.peakmem_tclean_setweighting": 1630198125479, "casademo.calibration_suite.time_applycal_callib": 1630197262263, "casademo.calibration_suite.time_bandpass": 1630197339899, "casademo.calibration_suite.time_gaincal": 1630197463149, "casademo.flagdata_suite.time_flagdata_bandpassflag": 1630197527147, "casademo.flagdata_suite.time_flagdata_list": 1630197798537, "casademo.flagdata_suite.time_flagdata_list_summary": 1630197868246, "casademo.flagdata_suite.time_flagdata_summary": 1630197937054}, "benchmark_version": {"casademo.calibration_suite.time_applycal_callib": "9ef394762fe7135f58c94c0e46a655fae93e7d107904ceff94d228f23b89a589", "casademo.calibration_suite.time_bandpass": "f706aa044f6bc64b915996b7bdd6bc5666cae0eb7c47ff9a70b5bced6c9fbd0c", "casademo.calibration_suite.time_gaincal": "56f8a9022caccdafe4240fb9a2766b2d5d56cc1c784bd724822d3b040f5b5309", "casademo.flagdata_suite.time_flagdata_bandpassflag": "f55e0ffa6be9d655555c5081a0e7bf2bc00b253273ba7c220de0bd2cfb3baf6c", "casademo.flagdata_suite.time_flagdata_list": "1a40b66ffb4a43d48af3407bae817ed4f7667fe778880859384f5f2e7c9c5d1f", "casademo.flagdata_suite.time_flagdata_list_summary": "3eb284062687484026a1defb4fceb705e83b244e37405f8794d431940ff44b08", "casademo.flagdata_suite.time_flagdata_summary": "9e569fb4e2a2f68e59c510bbf889632173be867104a4e5ba5a98d0eb110e82fb", "casademo.tclean_memory_suite.peakmem_tclean_setweighting": "b08240b9d9211ba7e2ce323aae697e4b25deb8a6db4c5e2e48519cedc4707769"}, "version": 1}
