{"results": {"casademo.tclean_memory_suite.peakmem_tclean_setweighting": 2154647552, "casademo.calibration_suite.time_applycal_callib": {"result": [44.01586861000396], "stats": [{"ci_99": [41.144037254853174, 46.88769996515475], "q_25": 43.987150296452455, "q_75": 44.04458692355547, "min": 43.95843198290095, "max": 44.07330523710698, "mean": 44.01586861000396, "std": 0.05743662710301578, "repeat": 2, "number": 2}]}, "casademo.calibration_suite.time_bandpass": {"result": [24.107022010488436], "stats": [{"ci_99": [-10.084816839313135, 58.29886086028998], "q_25": 23.76510362199042, "q_75": 24.44894039898645, "min": 23.423185233492404, "max": 24.790858787484467, "mean": 24.107022010488436, "std": 0.6838367769960314, "repeat": 2, "number": 2}]}, "casademo.calibration_suite.time_gaincal": {"result": [48.99760703602806], "stats": [{"ci_99": [25.667872815858573, 72.32734125619751], "q_25": 48.76430969382636, "q_75": 49.23090437822975, "min": 48.53101235162467, "max": 49.46420172043145, "mean": 48.99760703602806, "std": 0.4665946844033897, "repeat": 2, "number": 2}]}, "casademo.flagdata_suite.time_flagdata_bandpassflag": {"result": [31.967958129709587], "stats": [{"ci_99": [31.515117231057957, 32.420799028361216], "q_25": 31.96342972072307, "q_75": 31.972486538696103, "min": 31.958901311736554, "max": 31.97701494768262, "mean": 31.967958129709587, "std": 0.009056817973032594, "repeat": 2, "number": 2}]}, "casademo.flagdata_suite.time_flagdata_list": {"result": [135.7115946309641], "stats": [{"ci_99": [133.85010197013617, 137.57308729179204], "q_25": 135.69297970435582, "q_75": 135.73020955757238, "min": 135.67436477774754, "max": 135.74882448418066, "mean": 135.7115946309641, "std": 0.037229853216558695, "repeat": 2, "number": 2}]}, "casademo.flagdata_suite.time_flagdata_list_summary": {"result": [34.80935866176151], "stats": [{"ci_99": [34.69278763444163, 34.925929689081386], "q_25": 34.80819295148831, "q_75": 34.810524372034706, "min": 34.80702724121511, "max": 34.811690082307905, "mean": 34.80935866176151, "std": 0.002331420546397567, "repeat": 2, "number": 2}]}, "casademo.flagdata_suite.time_flagdata_summary": {"result": [34.442307487362996], "stats": [{"ci_99": [31.810838940320536, 37.073776034405455], "q_25": 34.41599280189257, "q_75": 34.46862217283342, "min": 34.38967811642215, "max": 34.494936858303845, "mean": 34.442307487362996, "std": 0.052629370940849185, "repeat": 2, "number": 2}]}}, "params": {"arch": "x86_64", "cpu": "Intel(R) Xeon(R) CPU E5-1660 v4 @ 3.20GHz", "machine": "NRAO workstation", "num_cpu": "16", "os": "Linux 3.10.0-1160.15.2.el7.x86_64", "ram": "32GB", "python": "3.6", "pip+casatools": "6.3.0", "pip+casatasks": "6.3.0"}, "requirements": {"pip+casatools": "6.3.0", "pip+casatasks": "6.3.0"}, "commit_hash": "c0bfd8b846be523d0692a168fd9d5f10e8342261", "date": 1623335136000, "env_name": "virtualenv-py3.6-pip+casatasks6.3.0.14-pip+casatools6.3.0.14", "python": "3.6", "profiles": {}, "started_at": {"casademo.tclean_memory_suite.peakmem_tclean_setweighting": 1630197937054, "casademo.calibration_suite.time_applycal_callib": 1630197134699, "casademo.calibration_suite.time_bandpass": 1630197262264, "casademo.calibration_suite.time_gaincal": 1630197339900, "casademo.flagdata_suite.time_flagdata_bandpassflag": 1630197463152, "casademo.flagdata_suite.time_flagdata_list": 1630197527148, "casademo.flagdata_suite.time_flagdata_list_summary": 1630197798537, "casademo.flagdata_suite.time_flagdata_summary": 1630197868247}, "ended_at": {"casademo.tclean_memory_suite.peakmem_tclean_setweighting": 1630198125479, "casademo.calibration_suite.time_applycal_callib": 1630197262263, "casademo.calibration_suite.time_bandpass": 1630197339899, "casademo.calibration_suite.time_gaincal": 1630197463149, "casademo.flagdata_suite.time_flagdata_bandpassflag": 1630197527147, "casademo.flagdata_suite.time_flagdata_list": 1630197798537, "casademo.flagdata_suite.time_flagdata_list_summary": 1630197868246, "casademo.flagdata_suite.time_flagdata_summary": 1630197937054}, "benchmark_version": {"casademo.tclean_memory_suite.peakmem_tclean_setweighting": "3fb5214d1e8e5bf8170efbe8114cd88b0e1e51db87c955bc588eb95ba91e4f71", "casademo.calibration_suite.time_applycal_callib": "1f6437b2270507d06f2c91c35b12dce1187d02851c4b0d0c872bbcfda3e5c4f6", "casademo.calibration_suite.time_bandpass": "a69d32cd1360ece09039f1051989506a7673f5a708021e87c81e0936374d64ce", "casademo.calibration_suite.time_gaincal": "70a393fa53b72183c406b9cc585dca7828b9b8d585b8077a80e0946ee81ebeb0", "casademo.flagdata_suite.time_flagdata_bandpassflag": "6bc01de4a73ffea44f2190b51350292cc1e1256989be0f26cc4ec77341df934a", "casademo.flagdata_suite.time_flagdata_list": "f4d15370d3c2c0c746d0c9c28b87ee190865ebfa9e210cc5773201bea0df7bf9", "casademo.flagdata_suite.time_flagdata_list_summary": "58e4c1cc3e1c3c5f723c910c861bad52078405a7026f0321526fad1a15b04ee3", "casademo.flagdata_suite.time_flagdata_summary": "7d302987a4e4e75e43325fd83f2c968688e4b8a56a6476db46a4fcc0bc003e95"}, "version": 1}
