{"results": {"casademo.calibration_suite.time_applycal_callib": {"result": [35.20098451478407], "stats": [{"ci_99": [-413.7982677719556, 484.2002368015233], "q_25": 30.71099199191667, "q_75": 39.690977037651464, "min": 26.220999469049275, "max": 44.18096956051886, "mean": 35.20098451478407, "std": 8.979985045734793, "repeat": 2, "number": 2}]}, "casademo.calibration_suite.time_bandpass": {"result": [24.9454158321023], "stats": [{"ci_99": [7.164702607318759, 42.726129056885824], "q_25": 24.767608699854463, "q_75": 25.123222964350134, "min": 24.589801567606628, "max": 25.30103009659797, "mean": 24.9454158321023, "std": 0.3556142644956708, "repeat": 2, "number": 2}]}, "casademo.calibration_suite.time_gaincal": {"result": [50.55710044782609], "stats": [{"ci_99": [44.22748584859073, 56.886715047061436], "q_25": 50.493804301833734, "q_75": 50.62039659381844, "min": 50.43050815584138, "max": 50.683692739810795, "mean": 50.55710044782609, "std": 0.12659229198470712, "repeat": 2, "number": 2}]}, "casademo.flagdata_suite.time_flagdata_bandpassflag": {"result": [31.286233817925677], "stats": [{"ci_99": [29.53743287664838, 33.03503475920297], "q_25": 31.268745808512904, "q_75": 31.30372182733845, "min": 31.25125779910013, "max": 31.321209836751223, "mean": 31.286233817925677, "std": 0.03497601882554591, "repeat": 2, "number": 2}]}, "casademo.flagdata_suite.time_flagdata_list": {"result": [134.5113974744454], "stats": [{"ci_99": [129.83954220358282, 139.18325274530798], "q_25": 134.46467892173678, "q_75": 134.55811602715403, "min": 134.41796036902815, "max": 134.60483457986265, "mean": 134.5113974744454, "std": 0.09343710541725159, "repeat": 2, "number": 2}]}, "casademo.flagdata_suite.time_flagdata_list_summary": {"result": [34.04645811789669], "stats": [{"ci_99": [30.142895134864375, 37.95002110092901], "q_25": 34.00742248806637, "q_75": 34.085493747727014, "min": 33.968386858236045, "max": 34.12452937755734, "mean": 34.04645811789669, "std": 0.07807125966064632, "repeat": 2, "number": 2}]}, "casademo.flagdata_suite.time_flagdata_summary": {"result": [32.99883090890944], "stats": [{"ci_99": [-3.608594937250018, 69.60625675506887], "q_25": 32.632756650447845, "q_75": 33.364905167371035, "min": 32.26668239198625, "max": 33.73097942583263, "mean": 32.99883090890944, "std": 0.7321485169231892, "repeat": 2, "number": 2}]}, "casademo.tclean_memory_suite.peakmem_tclean_setweighting": 2032914432}, "params": {"arch": "x86_64", "cpu": "Intel(R) Xeon(R) CPU E5-1660 v4 @ 3.20GHz", "machine": "NRAO workstation", "num_cpu": "16", "os": "Linux 3.10.0-1160.15.2.el7.x86_64", "ram": "32GB", "python": "3.6", "pip+casatools": "trunk", "pip+casatasks": "trunk"}, "requirements": {"pip+casatools": "trunk", "pip+casatasks": "trunk"}, "commit_hash": "c365ed4a4ab467f8180be0b2a6d3a99710023fd7", "date": 1607625365000, "env_name": "virtualenv-py3.6-pip+casatasks-trunk-pip+casatools-trunk", "python": "3.6", "profiles": {}, "started_at": {"casademo.calibration_suite.time_applycal_callib": 1629892317815, "casademo.calibration_suite.time_bandpass": 1629892435905, "casademo.calibration_suite.time_gaincal": 1629892511695, "casademo.flagdata_suite.time_flagdata_bandpassflag": 1629892635956, "casademo.flagdata_suite.time_flagdata_list": 1629892698499, "casademo.flagdata_suite.time_flagdata_list_summary": 1629892967396, "casademo.flagdata_suite.time_flagdata_summary": 1629893035401, "casademo.tclean_memory_suite.peakmem_tclean_setweighting": 1629893099999}, "ended_at": {"casademo.calibration_suite.time_applycal_callib": 1629892435905, "casademo.calibration_suite.time_bandpass": 1629892511695, "casademo.calibration_suite.time_gaincal": 1629892635949, "casademo.flagdata_suite.time_flagdata_bandpassflag": 1629892698498, "casademo.flagdata_suite.time_flagdata_list": 1629892967396, "casademo.flagdata_suite.time_flagdata_list_summary": 1629893035401, "casademo.flagdata_suite.time_flagdata_summary": 1629893099998, "casademo.tclean_memory_suite.peakmem_tclean_setweighting": 1629893775263}, "benchmark_version": {"casademo.calibration_suite.time_applycal_callib": "9ef394762fe7135f58c94c0e46a655fae93e7d107904ceff94d228f23b89a589", "casademo.calibration_suite.time_bandpass": "f706aa044f6bc64b915996b7bdd6bc5666cae0eb7c47ff9a70b5bced6c9fbd0c", "casademo.calibration_suite.time_gaincal": "56f8a9022caccdafe4240fb9a2766b2d5d56cc1c784bd724822d3b040f5b5309", "casademo.flagdata_suite.time_flagdata_bandpassflag": "f55e0ffa6be9d655555c5081a0e7bf2bc00b253273ba7c220de0bd2cfb3baf6c", "casademo.flagdata_suite.time_flagdata_list": "1a40b66ffb4a43d48af3407bae817ed4f7667fe778880859384f5f2e7c9c5d1f", "casademo.flagdata_suite.time_flagdata_list_summary": "3eb284062687484026a1defb4fceb705e83b244e37405f8794d431940ff44b08", "casademo.flagdata_suite.time_flagdata_summary": "9e569fb4e2a2f68e59c510bbf889632173be867104a4e5ba5a98d0eb110e82fb", "casademo.tclean_memory_suite.peakmem_tclean_setweighting": "b08240b9d9211ba7e2ce323aae697e4b25deb8a6db4c5e2e48519cedc4707769"}, "version": 1}
