{"results": {"casademo.calibration_suite.time_applycal_callib": {"result": [35.20098451478407], "stats": [{"ci_99": [-413.7982677719556, 484.2002368015233], "q_25": 30.71099199191667, "q_75": 39.690977037651464, "min": 26.220999469049275, "max": 44.18096956051886, "mean": 35.20098451478407, "std": 8.979985045734793, "repeat": 2, "number": 2}]}, "casademo.calibration_suite.time_bandpass": {"result": [24.9454158321023], "stats": [{"ci_99": [7.164702607318759, 42.726129056885824], "q_25": 24.767608699854463, "q_75": 25.123222964350134, "min": 24.589801567606628, "max": 25.30103009659797, "mean": 24.9454158321023, "std": 0.3556142644956708, "repeat": 2, "number": 2}]}, "casademo.calibration_suite.time_gaincal": {"result": [50.55710044782609], "stats": [{"ci_99": [44.22748584859073, 56.886715047061436], "q_25": 50.493804301833734, "q_75": 50.62039659381844, "min": 50.43050815584138, "max": 50.683692739810795, "mean": 50.55710044782609, "std": 0.12659229198470712, "repeat": 2, "number": 2}]}, "casademo.flagdata_suite.time_flagdata_bandpassflag": {"result": [31.286233817925677], "stats": [{"ci_99": [29.53743287664838, 33.03503475920297], "q_25": 31.268745808512904, "q_75": 31.30372182733845, "min": 31.25125779910013, "max": 31.321209836751223, "mean": 31.286233817925677, "std": 0.03497601882554591, "repeat": 2, "number": 2}]}, "casademo.flagdata_suite.time_flagdata_list": {"result": [134.5113974744454], "stats": [{"ci_99": [129.83954220358282, 139.18325274530798], "q_25": 134.46467892173678, "q_75": 134.55811602715403, "min": 134.41796036902815, "max": 134.60483457986265, "mean": 134.5113974744454, "std": 0.09343710541725159, "repeat": 2, "number": 2}]}, "casademo.flagdata_suite.time_flagdata_list_summary": {"result": [34.04645811789669], "stats": [{"ci_99": [30.142895134864375, 37.95002110092901], "q_25": 34.00742248806637, "q_75": 34.085493747727014, "min": 33.968386858236045, "max": 34.12452937755734, "mean": 34.04645811789669, "std": 0.07807125966064632, "repeat": 2, "number": 2}]}, "casademo.flagdata_suite.time_flagdata_summary": {"result": [32.99883090890944], "stats": [{"ci_99": [-3.608594937250018, 69.60625675506887], "q_25": 32.632756650447845, "q_75": 33.364905167371035, "min": 32.26668239198625, "max": 33.73097942583263, "mean": 32.99883090890944, "std": 0.7321485169231892, "repeat": 2, "number": 2}]}, "casademo.tclean_memory_suite.peakmem_tclean_setweighting": 2032914432}, "params": {"arch": "x86_64", "cpu": "Intel(R) Xeon(R) CPU E5-1660 v4 @ 3.20GHz", "machine": "NRAO workstation", "num_cpu": "16", "os": "Linux 3.10.0-1160.15.2.el7.x86_64", "ram": "32GB", "python": "3.6", "pip+casatools": "6.2.0", "pip+casatasks": "6.2.0"}, "requirements": {"pip+casatools": "6.2.0", "pip+casatasks": "6.2.0"}, "commit_hash": "c365ed4a4ab467f8180be0b2a6d3a99710023fd7", "date": 1607625365000, "env_name": "virtualenv-py3.6-pip+casatasks6.2.0.59-pip+casatools6.2.0.59", "python": "3.6", "profiles": {}, "started_at": {"casademo.calibration_suite.time_applycal_callib": 1629892317815, "casademo.calibration_suite.time_bandpass": 1629892435905, "casademo.calibration_suite.time_gaincal": 1629892511695, "casademo.flagdata_suite.time_flagdata_bandpassflag": 1629892635956, "casademo.flagdata_suite.time_flagdata_list": 1629892698499, "casademo.flagdata_suite.time_flagdata_list_summary": 1629892967396, "casademo.flagdata_suite.time_flagdata_summary": 1629893035401, "casademo.tclean_memory_suite.peakmem_tclean_setweighting": 1629893099999}, "ended_at": {"casademo.calibration_suite.time_applycal_callib": 1629892435905, "casademo.calibration_suite.time_bandpass": 1629892511695, "casademo.calibration_suite.time_gaincal": 1629892635949, "casademo.flagdata_suite.time_flagdata_bandpassflag": 1629892698498, "casademo.flagdata_suite.time_flagdata_list": 1629892967396, "casademo.flagdata_suite.time_flagdata_list_summary": 1629893035401, "casademo.flagdata_suite.time_flagdata_summary": 1629893099998, "casademo.tclean_memory_suite.peakmem_tclean_setweighting": 1629893775263}, "benchmark_version": {"casademo.calibration_suite.time_applycal_callib": "1f6437b2270507d06f2c91c35b12dce1187d02851c4b0d0c872bbcfda3e5c4f6", "casademo.calibration_suite.time_bandpass": "a69d32cd1360ece09039f1051989506a7673f5a708021e87c81e0936374d64ce", "casademo.calibration_suite.time_gaincal": "70a393fa53b72183c406b9cc585dca7828b9b8d585b8077a80e0946ee81ebeb0", "casademo.flagdata_suite.time_flagdata_bandpassflag": "6bc01de4a73ffea44f2190b51350292cc1e1256989be0f26cc4ec77341df934a", "casademo.flagdata_suite.time_flagdata_list": "f4d15370d3c2c0c746d0c9c28b87ee190865ebfa9e210cc5773201bea0df7bf9", "casademo.flagdata_suite.time_flagdata_list_summary": "58e4c1cc3e1c3c5f723c910c861bad52078405a7026f0321526fad1a15b04ee3", "casademo.flagdata_suite.time_flagdata_summary": "7d302987a4e4e75e43325fd83f2c968688e4b8a56a6476db46a4fcc0bc003e95", "casademo.tclean_memory_suite.peakmem_tclean_setweighting": "3fb5214d1e8e5bf8170efbe8114cd88b0e1e51db87c955bc588eb95ba91e4f71"}, "version": 1}
