{"results": {"casademo.calibration_suite.time_applycal_callib": {"result": [23.67883494729176], "stats": [{"ci_99": [-184.3279962646775, 231.68566615926085], "q_25": 21.59876663517207, "q_75": 25.758903259411454, "min": 19.518698323052377, "max": 27.838971571531147, "mean": 23.67883494729176, "std": 4.160136624239385, "repeat": 2, "number": 2}]}, "casademo.calibration_suite.time_bandpass": {"result": [24.856720561161637], "stats": [{"ci_99": [10.705558652058244, 39.00788247026502], "q_25": 24.715208942070603, "q_75": 24.99823218025267, "min": 24.57369732297957, "max": 25.139743799343705, "mean": 24.856720561161637, "std": 0.28302323818206787, "repeat": 2, "number": 2}]}, "casademo.calibration_suite.time_gaincal": {"result": [50.34341706195846], "stats": [{"ci_99": [41.627745248842984, 59.05908887507393], "q_25": 50.25626034382731, "q_75": 50.43057378008962, "min": 50.16910362569615, "max": 50.51773049822077, "mean": 50.34341706195846, "std": 0.17431343626230955, "repeat": 2, "number": 2}]}, "casademo.flagdata_suite.time_flagdata_bandpassflag": {"result": [31.505905963713303], "stats": [{"ci_99": [15.093709690263495, 47.9181022371631], "q_25": 31.341784000978805, "q_75": 31.6700279264478, "min": 31.177662038244307, "max": 31.8341498891823, "mean": 31.505905963713303, "std": 0.32824392546899617, "repeat": 2, "number": 2}]}, "casademo.flagdata_suite.time_flagdata_list": {"result": [134.06284144963138], "stats": [{"ci_99": [126.78303876542486, 141.3426441338379], "q_25": 133.9900434227893, "q_75": 134.13563947647344, "min": 133.91724539594725, "max": 134.2084375033155, "mean": 134.06284144963138, "std": 0.1455960536841303, "repeat": 2, "number": 2}]}, "casademo.flagdata_suite.time_flagdata_list_summary": {"result": [34.61769996257499], "stats": [{"ci_99": [34.39356731297448, 34.841832612175494], "q_25": 34.61545863607898, "q_75": 34.619941289070994, "min": 34.61321730958298, "max": 34.622182615567, "mean": 34.61769996257499, "std": 0.004482652992010117, "repeat": 2, "number": 2}]}, "casademo.flagdata_suite.time_flagdata_summary": {"result": [34.28211896494031], "stats": [{"ci_99": [31.03735525906086, 37.52688267081976], "q_25": 34.249671327881515, "q_75": 34.314566601999104, "min": 34.21722369082272, "max": 34.3470142390579, "mean": 34.28211896494031, "std": 0.064895274117589, "repeat": 2, "number": 2}]}, "casademo.tclean_memory_suite.peakmem_tclean_setweighting": 1960558592}, "params": {"arch": "x86_64", "cpu": "Intel(R) Xeon(R) CPU E5-1660 v4 @ 3.20GHz", "machine": "NRAO workstation", "num_cpu": "16", "os": "Linux 3.10.0-1160.15.2.el7.x86_64", "ram": "32GB", "python": "3.6", "pip+casatools": "6.2.0", "pip+casatasks": "6.2.0"}, "requirements": {"pip+casatools": "6.2.0", "pip+casatasks": "6.2.0"}, "commit_hash": "c3f9d677daf3ff15ac7435059742818ceaccc542", "date": 1613664415000, "env_name": "virtualenv-py3.6-pip+casatasks6.2.0.91-pip+casatools6.2.0.91", "python": "3.6", "profiles": {}, "started_at": {"casademo.calibration_suite.time_applycal_callib": 1630110390145, "casademo.calibration_suite.time_bandpass": 1630110468744, "casademo.calibration_suite.time_gaincal": 1630110544483, "casademo.flagdata_suite.time_flagdata_bandpassflag": 1630110668393, "casademo.flagdata_suite.time_flagdata_list": 1630110730786, "casademo.flagdata_suite.time_flagdata_list_summary": 1630110998682, "casademo.flagdata_suite.time_flagdata_summary": 1630111067990, "casademo.tclean_memory_suite.peakmem_tclean_setweighting": 1630111136498}, "ended_at": {"casademo.calibration_suite.time_applycal_callib": 1630110468744, "casademo.calibration_suite.time_bandpass": 1630110544483, "casademo.calibration_suite.time_gaincal": 1630110668387, "casademo.flagdata_suite.time_flagdata_bandpassflag": 1630110730786, "casademo.flagdata_suite.time_flagdata_list": 1630110998681, "casademo.flagdata_suite.time_flagdata_list_summary": 1630111067990, "casademo.flagdata_suite.time_flagdata_summary": 1630111136497, "casademo.tclean_memory_suite.peakmem_tclean_setweighting": 1630111304294}, "benchmark_version": {"casademo.calibration_suite.time_applycal_callib": "1f6437b2270507d06f2c91c35b12dce1187d02851c4b0d0c872bbcfda3e5c4f6", "casademo.calibration_suite.time_bandpass": "a69d32cd1360ece09039f1051989506a7673f5a708021e87c81e0936374d64ce", "casademo.calibration_suite.time_gaincal": "70a393fa53b72183c406b9cc585dca7828b9b8d585b8077a80e0946ee81ebeb0", "casademo.flagdata_suite.time_flagdata_bandpassflag": "6bc01de4a73ffea44f2190b51350292cc1e1256989be0f26cc4ec77341df934a", "casademo.flagdata_suite.time_flagdata_list": "f4d15370d3c2c0c746d0c9c28b87ee190865ebfa9e210cc5773201bea0df7bf9", "casademo.flagdata_suite.time_flagdata_list_summary": "58e4c1cc3e1c3c5f723c910c861bad52078405a7026f0321526fad1a15b04ee3", "casademo.flagdata_suite.time_flagdata_summary": "7d302987a4e4e75e43325fd83f2c968688e4b8a56a6476db46a4fcc0bc003e95", "casademo.tclean_memory_suite.peakmem_tclean_setweighting": "3fb5214d1e8e5bf8170efbe8114cd88b0e1e51db87c955bc588eb95ba91e4f71"}, "version": 1}
