{"results": {"casademo.calibration_suite.time_applycal_callib": {"result": [26.125227567274123], "stats": [{"ci_99": [-42.21705160988495, 94.46750674443314], "q_25": 25.441804775502533, "q_75": 26.808650359045714, "min": 24.758381983730942, "max": 27.492073150817305, "mean": 26.125227567274123, "std": 1.3668455835431814, "repeat": 2, "number": 2}]}, "casademo.calibration_suite.time_bandpass": {"result": [24.63907601404935], "stats": [{"ci_99": [7.746381076052785, 41.5317709520459], "q_25": 24.470149064669386, "q_75": 24.808002963429317, "min": 24.30122211528942, "max": 24.976929912809283, "mean": 24.63907601404935, "std": 0.3378538987599313, "repeat": 2, "number": 2}]}, "casademo.calibration_suite.time_gaincal": {"result": [49.086987803457305], "stats": [{"ci_99": [38.58512454316951, 59.58885106374509], "q_25": 48.98196917085443, "q_75": 49.19200643606018, "min": 48.87695053825155, "max": 49.29702506866306, "mean": 49.086987803457305, "std": 0.21003726520575583, "repeat": 2, "number": 2}]}, "casademo.flagdata_suite.time_flagdata_bandpassflag": {"result": [30.818546463968232], "stats": [{"ci_99": [30.19056816655211, 31.446524761384353], "q_25": 30.81226668099407, "q_75": 30.824826246942393, "min": 30.80598689801991, "max": 30.831106029916555, "mean": 30.818546463968232, "std": 0.012559565948322415, "repeat": 2, "number": 2}]}, "casademo.flagdata_suite.time_flagdata_list": {"result": [134.39390802313574], "stats": [{"ci_99": [123.19907299033366, 145.5887430559378], "q_25": 134.28195967280772, "q_75": 134.50585637346376, "min": 134.1700113224797, "max": 134.61780472379178, "mean": 134.39390802313574, "std": 0.2238967006560415, "repeat": 2, "number": 2}]}, "casademo.flagdata_suite.time_flagdata_list_summary": {"result": [33.62739574466832], "stats": [{"ci_99": [31.476929719327018, 35.77786177000962], "q_25": 33.60589108441491, "q_75": 33.64890040492173, "min": 33.584386424161494, "max": 33.670405065175146, "mean": 33.62739574466832, "std": 0.04300932050682604, "repeat": 2, "number": 2}]}, "casademo.flagdata_suite.time_flagdata_summary": {"result": [33.25422128615901], "stats": [{"ci_99": [33.24613791843876, 33.262304653879255], "q_25": 33.254140452481806, "q_75": 33.25430211983621, "min": 33.254059618804604, "max": 33.254382953513414, "mean": 33.25422128615901, "std": 0.0001616673544049263, "repeat": 2, "number": 2}]}, "casademo.tclean_memory_suite.peakmem_tclean_setweighting": 1865453568}, "params": {"arch": "x86_64", "cpu": "Intel(R) Xeon(R) CPU E5-1660 v4 @ 3.20GHz", "machine": "NRAO workstation", "num_cpu": "16", "os": "Linux 3.10.0-1160.15.2.el7.x86_64", "ram": "32GB", "python": "3.6", "pip+casatools": "trunk", "pip+casatasks": "trunk"}, "requirements": {"pip+casatools": "trunk", "pip+casatasks": "trunk"}, "commit_hash": "c7863856697670f7776081f1660213068172411e", "date": 1604683864000, "env_name": "virtualenv-py3.6-pip+casatasks-trunk-pip+casatools-trunk", "python": "3.6", "profiles": {}, "started_at": {"casademo.calibration_suite.time_applycal_callib": 1630412577695, "casademo.calibration_suite.time_bandpass": 1630412656795, "casademo.calibration_suite.time_gaincal": 1630412732131, "casademo.flagdata_suite.time_flagdata_bandpassflag": 1630412855040, "casademo.flagdata_suite.time_flagdata_list": 1630412916783, "casademo.flagdata_suite.time_flagdata_list_summary": 1630413185182, "casademo.flagdata_suite.time_flagdata_summary": 1630413252437, "casademo.tclean_memory_suite.peakmem_tclean_setweighting": 1630413318990}, "ended_at": {"casademo.calibration_suite.time_applycal_callib": 1630412656794, "casademo.calibration_suite.time_bandpass": 1630412732130, "casademo.calibration_suite.time_gaincal": 1630412855033, "casademo.flagdata_suite.time_flagdata_bandpassflag": 1630412916782, "casademo.flagdata_suite.time_flagdata_list": 1630413185182, "casademo.flagdata_suite.time_flagdata_list_summary": 1630413252437, "casademo.flagdata_suite.time_flagdata_summary": 1630413318989, "casademo.tclean_memory_suite.peakmem_tclean_setweighting": 1630413626263}, "benchmark_version": {"casademo.calibration_suite.time_applycal_callib": "9ef394762fe7135f58c94c0e46a655fae93e7d107904ceff94d228f23b89a589", "casademo.calibration_suite.time_bandpass": "f706aa044f6bc64b915996b7bdd6bc5666cae0eb7c47ff9a70b5bced6c9fbd0c", "casademo.calibration_suite.time_gaincal": "56f8a9022caccdafe4240fb9a2766b2d5d56cc1c784bd724822d3b040f5b5309", "casademo.flagdata_suite.time_flagdata_bandpassflag": "f55e0ffa6be9d655555c5081a0e7bf2bc00b253273ba7c220de0bd2cfb3baf6c", "casademo.flagdata_suite.time_flagdata_list": "1a40b66ffb4a43d48af3407bae817ed4f7667fe778880859384f5f2e7c9c5d1f", "casademo.flagdata_suite.time_flagdata_list_summary": "3eb284062687484026a1defb4fceb705e83b244e37405f8794d431940ff44b08", "casademo.flagdata_suite.time_flagdata_summary": "9e569fb4e2a2f68e59c510bbf889632173be867104a4e5ba5a98d0eb110e82fb", "casademo.tclean_memory_suite.peakmem_tclean_setweighting": "b08240b9d9211ba7e2ce323aae697e4b25deb8a6db4c5e2e48519cedc4707769"}, "version": 1}
