{"results": {"casademo.tclean_memory_suite.peakmem_tclean_setweighting": 1959403520, "casademo.calibration_suite.time_applycal_callib": {"result": [35.562839810037985], "stats": [{"ci_99": [-433.14405975700356, 504.26973937707913], "q_25": 30.87577081436757, "q_75": 40.2499088057084, "min": 26.188701818697155, "max": 44.936977801378816, "mean": 35.562839810037985, "std": 9.374137991340831, "repeat": 2, "number": 2}]}, "casademo.calibration_suite.time_bandpass": {"result": [37.75011614174582], "stats": [{"ci_99": [-608.6543502055574, 684.1545824890485], "q_25": 31.28607147827279, "q_75": 44.21416080521885, "min": 24.822026814799756, "max": 50.678205468691885, "mean": 37.75011614174582, "std": 12.928089326946065, "repeat": 2, "number": 2}]}, "casademo.calibration_suite.time_gaincal": {"result": [51.326725490158424], "stats": [{"ci_99": [24.378681658068672, 78.27476932224815], "q_25": 51.057245051837526, "q_75": 51.59620592847932, "min": 50.78776461351663, "max": 51.86568636680022, "mean": 51.326725490158424, "std": 0.538960876641795, "repeat": 2, "number": 2}]}, "casademo.flagdata_suite.time_flagdata_bandpassflag": {"result": [9.382599007338285], "stats": [{"ci_99": [8.430275853723288, 10.334922160953283], "q_25": 9.373075775802135, "q_75": 9.392122238874435, "min": 9.363552544265985, "max": 9.401645470410585, "mean": 9.382599007338285, "std": 0.019046463072299957, "repeat": 2, "number": 2}]}, "casademo.flagdata_suite.time_flagdata_list": {"result": [112.44401594228111], "stats": [{"ci_99": [110.83572561689653, 114.0523062676657], "q_25": 112.42793303902727, "q_75": 112.46009884553496, "min": 112.41185013577342, "max": 112.4761817487888, "mean": 112.44401594228111, "std": 0.03216580650769174, "repeat": 2, "number": 2}]}, "casademo.flagdata_suite.time_flagdata_list_summary": {"result": [12.00714174611494], "stats": [{"ci_99": [10.809983131010085, 13.204300361219792], "q_25": 11.995170159963891, "q_75": 12.019113332265988, "min": 11.983198573812842, "max": 12.031084918417037, "mean": 12.00714174611494, "std": 0.023943172302097082, "repeat": 2, "number": 2}]}, "casademo.flagdata_suite.time_flagdata_summary": {"result": [11.686880613677204], "stats": [{"ci_99": [11.226570426486433, 12.147190800867975], "q_25": 11.682277511805296, "q_75": 11.691483715549111, "min": 11.677674409933388, "max": 11.696086817421019, "mean": 11.686880613677204, "std": 0.009206203743815422, "repeat": 2, "number": 2}]}}, "params": {"arch": "x86_64", "cpu": "Intel(R) Xeon(R) CPU E5-1660 v4 @ 3.20GHz", "machine": "NRAO workstation", "num_cpu": "16", "os": "Linux 3.10.0-1160.15.2.el7.x86_64", "ram": "32GB", "python": "3.6", "pip+casatools": "6.3.0", "pip+casatasks": "6.3.0"}, "requirements": {"pip+casatools": "6.3.0", "pip+casatasks": "6.3.0"}, "commit_hash": "cb26c1b6bb13205bf30aa4a1418013ed5c0838ad", "date": 1629218776000, "env_name": "virtualenv-py3.6-pip+casatasks6.3.0.45-pip+casatools6.3.0.45", "python": "3.6", "profiles": {}, "started_at": {"casademo.tclean_memory_suite.peakmem_tclean_setweighting": 1629831496831, "casademo.calibration_suite.time_applycal_callib": 1629830883813, "casademo.calibration_suite.time_bandpass": 1629830958351, "casademo.calibration_suite.time_gaincal": 1629831082057, "casademo.flagdata_suite.time_flagdata_bandpassflag": 1629831205565, "casademo.flagdata_suite.time_flagdata_list": 1629831224362, "casademo.flagdata_suite.time_flagdata_list_summary": 1629831449264, "casademo.flagdata_suite.time_flagdata_summary": 1629831473373}, "ended_at": {"casademo.tclean_memory_suite.peakmem_tclean_setweighting": 1629831672419, "casademo.calibration_suite.time_applycal_callib": 1629830958350, "casademo.calibration_suite.time_bandpass": 1629831082057, "casademo.calibration_suite.time_gaincal": 1629831205558, "casademo.flagdata_suite.time_flagdata_bandpassflag": 1629831224362, "casademo.flagdata_suite.time_flagdata_list": 1629831449264, "casademo.flagdata_suite.time_flagdata_list_summary": 1629831473373, "casademo.flagdata_suite.time_flagdata_summary": 1629831496830}, "benchmark_version": {"casademo.tclean_memory_suite.peakmem_tclean_setweighting": "3fb5214d1e8e5bf8170efbe8114cd88b0e1e51db87c955bc588eb95ba91e4f71", "casademo.calibration_suite.time_applycal_callib": "1f6437b2270507d06f2c91c35b12dce1187d02851c4b0d0c872bbcfda3e5c4f6", "casademo.calibration_suite.time_bandpass": "a69d32cd1360ece09039f1051989506a7673f5a708021e87c81e0936374d64ce", "casademo.calibration_suite.time_gaincal": "70a393fa53b72183c406b9cc585dca7828b9b8d585b8077a80e0946ee81ebeb0", "casademo.flagdata_suite.time_flagdata_bandpassflag": "6bc01de4a73ffea44f2190b51350292cc1e1256989be0f26cc4ec77341df934a", "casademo.flagdata_suite.time_flagdata_list": "f4d15370d3c2c0c746d0c9c28b87ee190865ebfa9e210cc5773201bea0df7bf9", "casademo.flagdata_suite.time_flagdata_list_summary": "58e4c1cc3e1c3c5f723c910c861bad52078405a7026f0321526fad1a15b04ee3", "casademo.flagdata_suite.time_flagdata_summary": "7d302987a4e4e75e43325fd83f2c968688e4b8a56a6476db46a4fcc0bc003e95"}, "version": 1}
