{"results": {"casademo.tclean_memory_suite.peakmem_tclean_setweighting": 1959510016, "casademo.calibration_suite.time_applycal_callib": {"result": [35.71350830979645], "stats": [{"ci_99": [-447.7565208179876, 519.1835374375801], "q_25": 30.878808018518612, "q_75": 40.54820860107429, "min": 26.04410772724077, "max": 45.382908892352134, "mean": 35.71350830979645, "std": 9.669400582555681, "repeat": 2, "number": 2}]}, "casademo.calibration_suite.time_bandpass": {"result": [38.27568305982277], "stats": [{"ci_99": [-548.9320992785506, 625.4834653981957], "q_25": 32.403605236439034, "q_75": 44.1477608832065, "min": 26.5315274130553, "max": 50.019838706590235, "mean": 38.27568305982277, "std": 11.744155646767467, "repeat": 2, "number": 2}]}, "casademo.calibration_suite.time_gaincal": {"result": [49.97638888354413], "stats": [{"ci_99": [22.720768972532824, 77.23200879455541], "q_25": 49.70383268443402, "q_75": 50.248945082654245, "min": 49.431276485323906, "max": 50.52150128176436, "mean": 49.97638888354413, "std": 0.5451123982202262, "repeat": 2, "number": 2}]}, "casademo.flagdata_suite.time_flagdata_bandpassflag": {"result": [9.088507035980001], "stats": [{"ci_99": [6.277826996287331, 11.89918707567267], "q_25": 9.060400235583074, "q_75": 9.116613836376928, "min": 9.032293435186148, "max": 9.144720636773854, "mean": 9.088507035980001, "std": 0.0562136007938534, "repeat": 2, "number": 2}]}, "casademo.flagdata_suite.time_flagdata_list": {"result": [112.10453375754878], "stats": [{"ci_99": [107.81542906118557, 116.39363845391199], "q_25": 112.06164271058515, "q_75": 112.14742480451241, "min": 112.01875166362152, "max": 112.19031585147604, "mean": 112.10453375754878, "std": 0.08578209392726421, "repeat": 2, "number": 2}]}, "casademo.flagdata_suite.time_flagdata_list_summary": {"result": [11.83995940652676], "stats": [{"ci_99": [7.770253901137039, 15.909664911916476], "q_25": 11.799262351472862, "q_75": 11.880656461580656, "min": 11.758565296418965, "max": 11.921353516634554, "mean": 11.83995940652676, "std": 0.0813941101077944, "repeat": 2, "number": 2}]}, "casademo.flagdata_suite.time_flagdata_summary": {"result": [11.361187936970964], "stats": [{"ci_99": [-0.6699565837625414, 23.39233245770446], "q_25": 11.240876491763629, "q_75": 11.4814993821783, "min": 11.120565046556294, "max": 11.601810827385634, "mean": 11.361187936970964, "std": 0.2406228904146701, "repeat": 2, "number": 2}]}}, "params": {"arch": "x86_64", "cpu": "Intel(R) Xeon(R) CPU E5-1660 v4 @ 3.20GHz", "machine": "NRAO workstation", "num_cpu": "16", "os": "Linux 3.10.0-1160.15.2.el7.x86_64", "ram": "32GB", "python": "3.6", "pip+casatools": "trunk", "pip+casatasks": "trunk"}, "requirements": {"pip+casatools": "trunk", "pip+casatasks": "trunk"}, "commit_hash": "cd7503545635a9f063a5cbe6855c1720340d62ee", "date": 1627927213000, "env_name": "virtualenv-py3.6-pip+casatasks-trunk-pip+casatools-trunk", "python": "3.6", "profiles": {}, "started_at": {"casademo.tclean_memory_suite.peakmem_tclean_setweighting": 1630181941015, "casademo.calibration_suite.time_applycal_callib": 1630181286575, "casademo.calibration_suite.time_bandpass": 1630181405688, "casademo.calibration_suite.time_gaincal": 1630181529546, "casademo.flagdata_suite.time_flagdata_bandpassflag": 1630181652601, "casademo.flagdata_suite.time_flagdata_list": 1630181670696, "casademo.flagdata_suite.time_flagdata_list_summary": 1630181895153, "casademo.flagdata_suite.time_flagdata_summary": 1630181918710}, "ended_at": {"casademo.tclean_memory_suite.peakmem_tclean_setweighting": 1630182124855, "casademo.calibration_suite.time_applycal_callib": 1630181405687, "casademo.calibration_suite.time_bandpass": 1630181529546, "casademo.calibration_suite.time_gaincal": 1630181652598, "casademo.flagdata_suite.time_flagdata_bandpassflag": 1630181670696, "casademo.flagdata_suite.time_flagdata_list": 1630181895152, "casademo.flagdata_suite.time_flagdata_list_summary": 1630181918710, "casademo.flagdata_suite.time_flagdata_summary": 1630181941014}, "benchmark_version": {"casademo.calibration_suite.time_applycal_callib": "9ef394762fe7135f58c94c0e46a655fae93e7d107904ceff94d228f23b89a589", "casademo.calibration_suite.time_bandpass": "f706aa044f6bc64b915996b7bdd6bc5666cae0eb7c47ff9a70b5bced6c9fbd0c", "casademo.calibration_suite.time_gaincal": "56f8a9022caccdafe4240fb9a2766b2d5d56cc1c784bd724822d3b040f5b5309", "casademo.flagdata_suite.time_flagdata_bandpassflag": "f55e0ffa6be9d655555c5081a0e7bf2bc00b253273ba7c220de0bd2cfb3baf6c", "casademo.flagdata_suite.time_flagdata_list": "1a40b66ffb4a43d48af3407bae817ed4f7667fe778880859384f5f2e7c9c5d1f", "casademo.flagdata_suite.time_flagdata_list_summary": "3eb284062687484026a1defb4fceb705e83b244e37405f8794d431940ff44b08", "casademo.flagdata_suite.time_flagdata_summary": "9e569fb4e2a2f68e59c510bbf889632173be867104a4e5ba5a98d0eb110e82fb", "casademo.tclean_memory_suite.peakmem_tclean_setweighting": "b08240b9d9211ba7e2ce323aae697e4b25deb8a6db4c5e2e48519cedc4707769"}, "version": 1}
