{"results": {"casademo.tclean_memory_suite.peakmem_tclean_setweighting": 1959510016, "casademo.calibration_suite.time_applycal_callib": {"result": [35.71350830979645], "stats": [{"ci_99": [-447.7565208179876, 519.1835374375801], "q_25": 30.878808018518612, "q_75": 40.54820860107429, "min": 26.04410772724077, "max": 45.382908892352134, "mean": 35.71350830979645, "std": 9.669400582555681, "repeat": 2, "number": 2}]}, "casademo.calibration_suite.time_bandpass": {"result": [38.27568305982277], "stats": [{"ci_99": [-548.9320992785506, 625.4834653981957], "q_25": 32.403605236439034, "q_75": 44.1477608832065, "min": 26.5315274130553, "max": 50.019838706590235, "mean": 38.27568305982277, "std": 11.744155646767467, "repeat": 2, "number": 2}]}, "casademo.calibration_suite.time_gaincal": {"result": [49.97638888354413], "stats": [{"ci_99": [22.720768972532824, 77.23200879455541], "q_25": 49.70383268443402, "q_75": 50.248945082654245, "min": 49.431276485323906, "max": 50.52150128176436, "mean": 49.97638888354413, "std": 0.5451123982202262, "repeat": 2, "number": 2}]}, "casademo.flagdata_suite.time_flagdata_bandpassflag": {"result": [9.088507035980001], "stats": [{"ci_99": [6.277826996287331, 11.89918707567267], "q_25": 9.060400235583074, "q_75": 9.116613836376928, "min": 9.032293435186148, "max": 9.144720636773854, "mean": 9.088507035980001, "std": 0.0562136007938534, "repeat": 2, "number": 2}]}, "casademo.flagdata_suite.time_flagdata_list": {"result": [112.10453375754878], "stats": [{"ci_99": [107.81542906118557, 116.39363845391199], "q_25": 112.06164271058515, "q_75": 112.14742480451241, "min": 112.01875166362152, "max": 112.19031585147604, "mean": 112.10453375754878, "std": 0.08578209392726421, "repeat": 2, "number": 2}]}, "casademo.flagdata_suite.time_flagdata_list_summary": {"result": [11.83995940652676], "stats": [{"ci_99": [7.770253901137039, 15.909664911916476], "q_25": 11.799262351472862, "q_75": 11.880656461580656, "min": 11.758565296418965, "max": 11.921353516634554, "mean": 11.83995940652676, "std": 0.0813941101077944, "repeat": 2, "number": 2}]}, "casademo.flagdata_suite.time_flagdata_summary": {"result": [11.361187936970964], "stats": [{"ci_99": [-0.6699565837625414, 23.39233245770446], "q_25": 11.240876491763629, "q_75": 11.4814993821783, "min": 11.120565046556294, "max": 11.601810827385634, "mean": 11.361187936970964, "std": 0.2406228904146701, "repeat": 2, "number": 2}]}}, "params": {"arch": "x86_64", "cpu": "Intel(R) Xeon(R) CPU E5-1660 v4 @ 3.20GHz", "machine": "NRAO workstation", "num_cpu": "16", "os": "Linux 3.10.0-1160.15.2.el7.x86_64", "ram": "32GB", "python": "3.6", "pip+casatools": "6.3.0", "pip+casatasks": "6.3.0"}, "requirements": {"pip+casatools": "6.3.0", "pip+casatasks": "6.3.0"}, "commit_hash": "cd7503545635a9f063a5cbe6855c1720340d62ee", "date": 1627927213000, "env_name": "virtualenv-py3.6-pip+casatasks6.3.0.34-pip+casatools6.3.0.34", "python": "3.6", "profiles": {}, "started_at": {"casademo.tclean_memory_suite.peakmem_tclean_setweighting": 1630181941015, "casademo.calibration_suite.time_applycal_callib": 1630181286575, "casademo.calibration_suite.time_bandpass": 1630181405688, "casademo.calibration_suite.time_gaincal": 1630181529546, "casademo.flagdata_suite.time_flagdata_bandpassflag": 1630181652601, "casademo.flagdata_suite.time_flagdata_list": 1630181670696, "casademo.flagdata_suite.time_flagdata_list_summary": 1630181895153, "casademo.flagdata_suite.time_flagdata_summary": 1630181918710}, "ended_at": {"casademo.tclean_memory_suite.peakmem_tclean_setweighting": 1630182124855, "casademo.calibration_suite.time_applycal_callib": 1630181405687, "casademo.calibration_suite.time_bandpass": 1630181529546, "casademo.calibration_suite.time_gaincal": 1630181652598, "casademo.flagdata_suite.time_flagdata_bandpassflag": 1630181670696, "casademo.flagdata_suite.time_flagdata_list": 1630181895152, "casademo.flagdata_suite.time_flagdata_list_summary": 1630181918710, "casademo.flagdata_suite.time_flagdata_summary": 1630181941014}, "benchmark_version": {"casademo.tclean_memory_suite.peakmem_tclean_setweighting": "3fb5214d1e8e5bf8170efbe8114cd88b0e1e51db87c955bc588eb95ba91e4f71", "casademo.calibration_suite.time_applycal_callib": "1f6437b2270507d06f2c91c35b12dce1187d02851c4b0d0c872bbcfda3e5c4f6", "casademo.calibration_suite.time_bandpass": "a69d32cd1360ece09039f1051989506a7673f5a708021e87c81e0936374d64ce", "casademo.calibration_suite.time_gaincal": "70a393fa53b72183c406b9cc585dca7828b9b8d585b8077a80e0946ee81ebeb0", "casademo.flagdata_suite.time_flagdata_bandpassflag": "6bc01de4a73ffea44f2190b51350292cc1e1256989be0f26cc4ec77341df934a", "casademo.flagdata_suite.time_flagdata_list": "f4d15370d3c2c0c746d0c9c28b87ee190865ebfa9e210cc5773201bea0df7bf9", "casademo.flagdata_suite.time_flagdata_list_summary": "58e4c1cc3e1c3c5f723c910c861bad52078405a7026f0321526fad1a15b04ee3", "casademo.flagdata_suite.time_flagdata_summary": "7d302987a4e4e75e43325fd83f2c968688e4b8a56a6476db46a4fcc0bc003e95"}, "version": 1}
