{"results": {"casademo.calibration_suite.time_applycal_callib": {"result": [27.50459009828046], "stats": [{"ci_99": [10.279869535472244, 44.72931066108866], "q_25": 27.332342892652377, "q_75": 27.676837303908542, "min": 27.160095687024295, "max": 27.849084509536624, "mean": 27.50459009828046, "std": 0.3444944112561643, "repeat": 2, "number": 2}]}, "casademo.calibration_suite.time_bandpass": {"result": [24.341837455751374], "stats": [{"ci_99": [16.930047061061487, 31.753627850441255], "q_25": 24.267719551804475, "q_75": 24.415955359698273, "min": 24.193601647857577, "max": 24.490073263645172, "mean": 24.341837455751374, "std": 0.14823580789379776, "repeat": 2, "number": 2}]}, "casademo.calibration_suite.time_gaincal": {"result": [49.82567010843195], "stats": [{"ci_99": [34.71027809823863, 64.94106211862525], "q_25": 49.67451618833002, "q_75": 49.97682402853388, "min": 49.523362268228084, "max": 50.12797794863582, "mean": 49.82567010843195, "std": 0.30230784020386636, "repeat": 2, "number": 2}]}, "casademo.flagdata_suite.time_flagdata_bandpassflag": {"result": [9.395829577697441], "stats": [{"ci_99": [8.530977509217337, 10.260681646177545], "q_25": 9.38718105701264, "q_75": 9.404478098382242, "min": 9.378532536327839, "max": 9.413126619067043, "mean": 9.395829577697441, "std": 0.017297041369602084, "repeat": 2, "number": 2}]}, "casademo.flagdata_suite.time_flagdata_list": {"result": [113.65940086194314], "stats": [{"ci_99": [109.90682028583251, 117.41198143805377], "q_25": 113.62187505618203, "q_75": 113.69692666770425, "min": 113.58434925042093, "max": 113.73445247346535, "mean": 113.65940086194314, "std": 0.07505161152221262, "repeat": 2, "number": 2}]}, "casademo.flagdata_suite.time_flagdata_list_summary": {"result": [11.938591628801078], "stats": [{"ci_99": [7.404266206081957, 16.472917051520195], "q_25": 11.893248374573886, "q_75": 11.983934883028269, "min": 11.847905120346695, "max": 12.02927813725546, "mean": 11.938591628801078, "std": 0.09068650845438242, "repeat": 2, "number": 2}]}, "casademo.flagdata_suite.time_flagdata_summary": {"result": [11.532934800721705], "stats": [{"ci_99": [0.20661901123821735, 22.859250590205185], "q_25": 11.41967164282687, "q_75": 11.64619795861654, "min": 11.306408484932035, "max": 11.759461116511375, "mean": 11.532934800721705, "std": 0.22652631578966975, "repeat": 2, "number": 2}]}, "casademo.tclean_memory_suite.peakmem_tclean_setweighting": 1959473152, "casademo.tclean_memory_suite.track_tclean_file_descriptors_cubemode_mosaic_briggs": 128}, "params": {"arch": "x86_64", "cpu": "Intel(R) Xeon(R) CPU E5-1660 v4 @ 3.20GHz", "machine": "NRAO workstation", "num_cpu": "16", "os": "Linux 3.10.0-1160.15.2.el7.x86_64", "ram": "32GB", "python": "3.6", "pip+casatasks": "6.4.0"}, "requirements": {"pip+casatasks": "6.4.0"}, "commit_hash": "cd9dffdff7c0ba62cda324d1d703084540425531", "date": 1631103325000, "env_name": "virtualenv-py3.6-pip+casatasks6.4.0.3", "python": "3.6", "profiles": {}, "started_at": {"casademo.calibration_suite.time_applycal_callib": 1631804882386, "casademo.calibration_suite.time_bandpass": 1631804961235, "casademo.calibration_suite.time_gaincal": 1631805035471, "casademo.flagdata_suite.time_flagdata_bandpassflag": 1631805159178, "casademo.flagdata_suite.time_flagdata_list": 1631805177976, "casademo.flagdata_suite.time_flagdata_list_summary": 1631805405184, "casademo.flagdata_suite.time_flagdata_summary": 1631805428942, "casademo.tclean_memory_suite.peakmem_tclean_setweighting": 1631808845138, "casademo.tclean_memory_suite.track_tclean_file_descriptors_cubemode_mosaic_briggs": 1631805623398}, "ended_at": {"casademo.calibration_suite.time_applycal_callib": 1631804961235, "casademo.calibration_suite.time_bandpass": 1631805035470, "casademo.calibration_suite.time_gaincal": 1631805159172, "casademo.flagdata_suite.time_flagdata_bandpassflag": 1631805177975, "casademo.flagdata_suite.time_flagdata_list": 1631805405183, "casademo.flagdata_suite.time_flagdata_list_summary": 1631805428942, "casademo.flagdata_suite.time_flagdata_summary": 1631805451597, "casademo.tclean_memory_suite.peakmem_tclean_setweighting": 1631809020427, "casademo.tclean_memory_suite.track_tclean_file_descriptors_cubemode_mosaic_briggs": 1631805796284}, "benchmark_version": {"casademo.calibration_suite.time_applycal_callib": "9ef394762fe7135f58c94c0e46a655fae93e7d107904ceff94d228f23b89a589", "casademo.calibration_suite.time_bandpass": "f706aa044f6bc64b915996b7bdd6bc5666cae0eb7c47ff9a70b5bced6c9fbd0c", "casademo.calibration_suite.time_gaincal": "56f8a9022caccdafe4240fb9a2766b2d5d56cc1c784bd724822d3b040f5b5309", "casademo.flagdata_suite.time_flagdata_bandpassflag": "f55e0ffa6be9d655555c5081a0e7bf2bc00b253273ba7c220de0bd2cfb3baf6c", "casademo.flagdata_suite.time_flagdata_list": "1a40b66ffb4a43d48af3407bae817ed4f7667fe778880859384f5f2e7c9c5d1f", "casademo.flagdata_suite.time_flagdata_list_summary": "3eb284062687484026a1defb4fceb705e83b244e37405f8794d431940ff44b08", "casademo.flagdata_suite.time_flagdata_summary": "9e569fb4e2a2f68e59c510bbf889632173be867104a4e5ba5a98d0eb110e82fb", "casademo.tclean_memory_suite.peakmem_tclean_setweighting": "b08240b9d9211ba7e2ce323aae697e4b25deb8a6db4c5e2e48519cedc4707769", "casademo.tclean_memory_suite.track_tclean_file_descriptors_cubemode_mosaic_briggs": "e3aeb6edf33f78d2db6d58dfc61576924a9768f7a205164fcd839666bde1ae63"}, "version": 1}
