{"results": {"casademo.calibration_suite.time_applycal_callib": {"result": [25.95369162550196], "stats": [{"ci_99": [22.54098310181871, 29.366400149185207], "q_25": 25.919564540265128, "q_75": 25.987818710738793, "min": 25.885437455028296, "max": 26.021945795975626, "mean": 25.95369162550196, "std": 0.068254170473665, "repeat": 2, "number": 2}]}, "casademo.calibration_suite.time_bandpass": {"result": [25.385881267488003], "stats": [{"ci_99": [-22.931059444323182, 73.70282197929915], "q_25": 24.90271186036989, "q_75": 25.869050674606115, "min": 24.41954245325178, "max": 26.352220081724226, "mean": 25.385881267488003, "std": 0.9663388142362237, "repeat": 2, "number": 2}]}, "casademo.calibration_suite.time_gaincal": {"result": [50.471566814230755], "stats": [{"ci_99": [30.72755383211188, 70.21557979634962], "q_25": 50.274126684409566, "q_75": 50.669006944051944, "min": 50.07668655458838, "max": 50.86644707387313, "mean": 50.471566814230755, "std": 0.3948802596423775, "repeat": 2, "number": 2}]}, "casademo.flagdata_suite.time_flagdata_bandpassflag": {"result": [31.933758605038747], "stats": [{"ci_99": [30.668521089712158, 33.19899612036534], "q_25": 31.92110622988548, "q_75": 31.946410980192013, "min": 31.908453854732215, "max": 31.95906335534528, "mean": 31.933758605038747, "std": 0.025304750306531787, "repeat": 2, "number": 2}]}, "casademo.flagdata_suite.time_flagdata_list": {"result": [134.32046670652926], "stats": [{"ci_99": [134.21960037387908, 134.42133303917944], "q_25": 134.31945804320276, "q_75": 134.32147536985576, "min": 134.31844937987626, "max": 134.32248403318226, "mean": 134.32046670652926, "std": 0.0020173266530036926, "repeat": 2, "number": 2}]}, "casademo.flagdata_suite.time_flagdata_list_summary": {"result": [34.2667241320014], "stats": [{"ci_99": [13.92354808934033, 54.60990017466246], "q_25": 34.06329237157479, "q_75": 34.47015589242801, "min": 33.85986061114818, "max": 34.67358765285462, "mean": 34.2667241320014, "std": 0.4068635208532214, "repeat": 2, "number": 2}]}, "casademo.flagdata_suite.time_flagdata_summary": {"result": [33.491224385332316], "stats": [{"ci_99": [-3.784157583024353, 70.76660635368896], "q_25": 33.11847056564875, "q_75": 33.86397820501588, "min": 32.74571674596518, "max": 34.23673202469945, "mean": 33.491224385332316, "std": 0.7455076393671334, "repeat": 2, "number": 2}]}, "casademo.tclean_memory_suite.peakmem_tclean_setweighting": 2032926720}, "params": {"arch": "x86_64", "cpu": "Intel(R) Xeon(R) CPU E5-1660 v4 @ 3.20GHz", "machine": "NRAO workstation", "num_cpu": "16", "os": "Linux 3.10.0-1160.15.2.el7.x86_64", "ram": "32GB", "python": "3.6", "pip+casatools": "trunk", "pip+casatasks": "trunk"}, "requirements": {"pip+casatools": "trunk", "pip+casatasks": "trunk"}, "commit_hash": "cf0194775180c22ca95eeff2663291a99a94904e", "date": 1610111647000, "env_name": "virtualenv-py3.6-pip+casatasks-trunk-pip+casatools-trunk", "python": "3.6", "profiles": {}, "started_at": {"casademo.calibration_suite.time_applycal_callib": 1630350140198, "casademo.calibration_suite.time_bandpass": 1630350215486, "casademo.calibration_suite.time_gaincal": 1630350292023, "casademo.flagdata_suite.time_flagdata_bandpassflag": 1630350417086, "casademo.flagdata_suite.time_flagdata_list": 1630350480953, "casademo.flagdata_suite.time_flagdata_list_summary": 1630350749651, "casademo.flagdata_suite.time_flagdata_summary": 1630350817457, "casademo.tclean_memory_suite.peakmem_tclean_setweighting": 1630350883007}, "ended_at": {"casademo.calibration_suite.time_applycal_callib": 1630350215486, "casademo.calibration_suite.time_bandpass": 1630350292023, "casademo.calibration_suite.time_gaincal": 1630350417079, "casademo.flagdata_suite.time_flagdata_bandpassflag": 1630350480953, "casademo.flagdata_suite.time_flagdata_list": 1630350749651, "casademo.flagdata_suite.time_flagdata_list_summary": 1630350817456, "casademo.flagdata_suite.time_flagdata_summary": 1630350883006, "casademo.tclean_memory_suite.peakmem_tclean_setweighting": 1630351479310}, "benchmark_version": {"casademo.calibration_suite.time_applycal_callib": "9ef394762fe7135f58c94c0e46a655fae93e7d107904ceff94d228f23b89a589", "casademo.calibration_suite.time_bandpass": "f706aa044f6bc64b915996b7bdd6bc5666cae0eb7c47ff9a70b5bced6c9fbd0c", "casademo.calibration_suite.time_gaincal": "56f8a9022caccdafe4240fb9a2766b2d5d56cc1c784bd724822d3b040f5b5309", "casademo.flagdata_suite.time_flagdata_bandpassflag": "f55e0ffa6be9d655555c5081a0e7bf2bc00b253273ba7c220de0bd2cfb3baf6c", "casademo.flagdata_suite.time_flagdata_list": "1a40b66ffb4a43d48af3407bae817ed4f7667fe778880859384f5f2e7c9c5d1f", "casademo.flagdata_suite.time_flagdata_list_summary": "3eb284062687484026a1defb4fceb705e83b244e37405f8794d431940ff44b08", "casademo.flagdata_suite.time_flagdata_summary": "9e569fb4e2a2f68e59c510bbf889632173be867104a4e5ba5a98d0eb110e82fb", "casademo.tclean_memory_suite.peakmem_tclean_setweighting": "b08240b9d9211ba7e2ce323aae697e4b25deb8a6db4c5e2e48519cedc4707769"}, "version": 1}
