{"results": {"casademo.tclean_memory_suite.peakmem_tclean_setweighting": 2154561536, "casademo.calibration_suite.time_applycal_callib": {"result": [36.257330518215895], "stats": [{"ci_99": [-323.96157814282924, 396.47623917926074], "q_25": 32.65514143160544, "q_75": 39.859519604826346, "min": 29.052952344994992, "max": 43.4617086914368, "mean": 36.257330518215895, "std": 7.204378173220903, "repeat": 2, "number": 2}]}, "casademo.calibration_suite.time_bandpass": {"result": [24.70815602154471], "stats": [{"ci_99": [16.334741866914555, 33.08157017617486], "q_25": 24.62442187999841, "q_75": 24.79189016309101, "min": 24.540687738452107, "max": 24.875624304637313, "mean": 24.70815602154471, "std": 0.1674682830926031, "repeat": 2, "number": 2}]}, "casademo.calibration_suite.time_gaincal": {"result": [50.42373435059562], "stats": [{"ci_99": [15.772282420191914, 85.0751862809993], "q_25": 50.077219831291586, "q_75": 50.77024886989966, "min": 49.73070531198755, "max": 51.1167633892037, "mean": 50.42373435059562, "std": 0.6930290386080742, "repeat": 2, "number": 2}]}, "casademo.flagdata_suite.time_flagdata_bandpassflag": {"result": [32.05262575461529], "stats": [{"ci_99": [30.974883892806247, 33.13036761642434], "q_25": 32.0418483359972, "q_75": 32.06340317323338, "min": 32.03107091737911, "max": 32.07418059185147, "mean": 32.05262575461529, "std": 0.0215548372361809, "repeat": 2, "number": 2}]}, "casademo.flagdata_suite.time_flagdata_list": {"result": [134.7350524587091], "stats": [{"ci_99": [132.0089842157904, 137.4611207016278], "q_25": 134.70779177627992, "q_75": 134.7623131411383, "min": 134.68053109385073, "max": 134.78957382356748, "mean": 134.7350524587091, "std": 0.054521364858374, "repeat": 2, "number": 2}]}, "casademo.flagdata_suite.time_flagdata_list_summary": {"result": [34.27236169134267], "stats": [{"ci_99": [19.532017403049394, 49.012705979635925], "q_25": 34.124958248459734, "q_75": 34.4197651342256, "min": 33.9775548055768, "max": 34.56716857710853, "mean": 34.27236169134267, "std": 0.29480688576586545, "repeat": 2, "number": 2}]}, "casademo.flagdata_suite.time_flagdata_summary": {"result": [32.89462360413745], "stats": [{"ci_99": [32.27913342276588, 33.51011378550902], "q_25": 32.888468702323735, "q_75": 32.900778505951166, "min": 32.88231380051002, "max": 32.90693340776488, "mean": 32.89462360413745, "std": 0.012309803627431393, "repeat": 2, "number": 2}]}}, "params": {"arch": "x86_64", "cpu": "Intel(R) Xeon(R) CPU E5-1660 v4 @ 3.20GHz", "machine": "NRAO workstation", "num_cpu": "16", "os": "Linux 3.10.0-1160.15.2.el7.x86_64", "ram": "32GB", "python": "3.6", "pip+casatools": "6.3.0", "pip+casatasks": "6.3.0"}, "requirements": {"pip+casatools": "6.3.0", "pip+casatasks": "6.3.0"}, "commit_hash": "cf8f2fb82914a8fc46e2d664df65632f8329c710", "date": 1624454208000, "env_name": "virtualenv-py3.6-pip+casatasks6.3.0.19-pip+casatools6.3.0.19", "python": "3.6", "profiles": {}, "started_at": {"casademo.tclean_memory_suite.peakmem_tclean_setweighting": 1630004146176, "casademo.calibration_suite.time_applycal_callib": 1630003340350, "casademo.calibration_suite.time_bandpass": 1630003465457, "casademo.calibration_suite.time_gaincal": 1630003555367, "casademo.flagdata_suite.time_flagdata_bandpassflag": 1630003678820, "casademo.flagdata_suite.time_flagdata_list": 1630003742917, "casademo.flagdata_suite.time_flagdata_list_summary": 1630004012319, "casademo.flagdata_suite.time_flagdata_summary": 1630004080325}, "ended_at": {"casademo.tclean_memory_suite.peakmem_tclean_setweighting": 1630004330996, "casademo.calibration_suite.time_applycal_callib": 1630003465456, "casademo.calibration_suite.time_bandpass": 1630003555366, "casademo.calibration_suite.time_gaincal": 1630003678816, "casademo.flagdata_suite.time_flagdata_bandpassflag": 1630003742917, "casademo.flagdata_suite.time_flagdata_list": 1630004012319, "casademo.flagdata_suite.time_flagdata_list_summary": 1630004080324, "casademo.flagdata_suite.time_flagdata_summary": 1630004146175}, "benchmark_version": {"casademo.tclean_memory_suite.peakmem_tclean_setweighting": "3fb5214d1e8e5bf8170efbe8114cd88b0e1e51db87c955bc588eb95ba91e4f71", "casademo.calibration_suite.time_applycal_callib": "1f6437b2270507d06f2c91c35b12dce1187d02851c4b0d0c872bbcfda3e5c4f6", "casademo.calibration_suite.time_bandpass": "a69d32cd1360ece09039f1051989506a7673f5a708021e87c81e0936374d64ce", "casademo.calibration_suite.time_gaincal": "70a393fa53b72183c406b9cc585dca7828b9b8d585b8077a80e0946ee81ebeb0", "casademo.flagdata_suite.time_flagdata_bandpassflag": "6bc01de4a73ffea44f2190b51350292cc1e1256989be0f26cc4ec77341df934a", "casademo.flagdata_suite.time_flagdata_list": "f4d15370d3c2c0c746d0c9c28b87ee190865ebfa9e210cc5773201bea0df7bf9", "casademo.flagdata_suite.time_flagdata_list_summary": "58e4c1cc3e1c3c5f723c910c861bad52078405a7026f0321526fad1a15b04ee3", "casademo.flagdata_suite.time_flagdata_summary": "7d302987a4e4e75e43325fd83f2c968688e4b8a56a6476db46a4fcc0bc003e95"}, "version": 1}
