{"results": {"casademo.calibration_suite.time_applycal_callib": {"result": [26.793462640838698], "stats": [{"ci_99": [26.485780728748068, 27.101144552929327], "q_25": 26.79038582171779, "q_75": 26.796539459959604, "min": 26.787309002596885, "max": 26.79961627908051, "mean": 26.793462640838698, "std": 0.006153638241812587, "repeat": 2, "number": 2}]}, "casademo.calibration_suite.time_bandpass": {"result": [24.151812799507752], "stats": [{"ci_99": [0.9948654479812831, 47.3087601510342], "q_25": 23.920243325992487, "q_75": 24.383382273023017, "min": 23.688673852477223, "max": 24.61495174653828, "mean": 24.151812799507752, "std": 0.4631389470305294, "repeat": 2, "number": 2}]}, "casademo.calibration_suite.time_gaincal": {"result": [50.991530044935644], "stats": [{"ci_99": [35.71465155482292, 66.26840853504835], "q_25": 50.83876126003452, "q_75": 51.14429882983677, "min": 50.68599247513339, "max": 51.2970676147379, "mean": 50.991530044935644, "std": 0.30553756980225444, "repeat": 2, "number": 2}]}, "casademo.flagdata_suite.time_flagdata_bandpassflag": {"result": [30.80670853261836], "stats": [{"ci_99": [27.84117928124033, 33.77223778399639], "q_25": 30.77705324010458, "q_75": 30.83636382513214, "min": 30.747397947590798, "max": 30.86601911764592, "mean": 30.80670853261836, "std": 0.05931058502756059, "repeat": 2, "number": 2}]}, "casademo.flagdata_suite.time_flagdata_list": {"result": [134.4012220131699], "stats": [{"ci_99": [131.3590195120778, 137.443424514262], "q_25": 134.37079998815898, "q_75": 134.43164403818082, "min": 134.34037796314806, "max": 134.46206606319174, "mean": 134.4012220131699, "std": 0.06084405002184212, "repeat": 2, "number": 2}]}, "casademo.flagdata_suite.time_flagdata_list_summary": {"result": [33.28054610453546], "stats": [{"ci_99": [15.31857138313353, 51.242520825937376], "q_25": 33.10092635732144, "q_75": 33.46016585174948, "min": 32.92130661010742, "max": 33.6397855989635, "mean": 33.28054610453546, "std": 0.3592394944280386, "repeat": 2, "number": 2}]}, "casademo.flagdata_suite.time_flagdata_summary": {"result": [32.6313927504234], "stats": [{"ci_99": [-3.7473670938052237, 69.010152594652], "q_25": 32.267605151981115, "q_75": 32.99518034886569, "min": 31.90381755353883, "max": 33.358967947307974, "mean": 32.6313927504234, "std": 0.7275751968845725, "repeat": 2, "number": 2}]}, "casademo.tclean_memory_suite.peakmem_tclean_setweighting": 2032795648}, "params": {"arch": "x86_64", "cpu": "Intel(R) Xeon(R) CPU E5-1660 v4 @ 3.20GHz", "machine": "NRAO workstation", "num_cpu": "16", "os": "Linux 3.10.0-1160.15.2.el7.x86_64", "ram": "32GB", "python": "3.6", "pip+casatools": "trunk", "pip+casatasks": "trunk"}, "requirements": {"pip+casatools": "trunk", "pip+casatasks": "trunk"}, "commit_hash": "d0240a690f2ab8283d71c2888348f0d84f33178b", "date": 1607699318000, "env_name": "virtualenv-py3.6-pip+casatasks-trunk-pip+casatools-trunk", "python": "3.6", "profiles": {}, "started_at": {"casademo.calibration_suite.time_applycal_callib": 1630374182897, "casademo.calibration_suite.time_bandpass": 1630374260139, "casademo.calibration_suite.time_gaincal": 1630374335528, "casademo.flagdata_suite.time_flagdata_bandpassflag": 1630374458474, "casademo.flagdata_suite.time_flagdata_list": 1630374520036, "casademo.flagdata_suite.time_flagdata_list_summary": 1630374788768, "casademo.flagdata_suite.time_flagdata_summary": 1630374856090, "casademo.tclean_memory_suite.peakmem_tclean_setweighting": 1630374922840}, "ended_at": {"casademo.calibration_suite.time_applycal_callib": 1630374260138, "casademo.calibration_suite.time_bandpass": 1630374335528, "casademo.calibration_suite.time_gaincal": 1630374458469, "casademo.flagdata_suite.time_flagdata_bandpassflag": 1630374520036, "casademo.flagdata_suite.time_flagdata_list": 1630374788767, "casademo.flagdata_suite.time_flagdata_list_summary": 1630374856090, "casademo.flagdata_suite.time_flagdata_summary": 1630374922839, "casademo.tclean_memory_suite.peakmem_tclean_setweighting": 1630375501887}, "benchmark_version": {"casademo.calibration_suite.time_applycal_callib": "9ef394762fe7135f58c94c0e46a655fae93e7d107904ceff94d228f23b89a589", "casademo.calibration_suite.time_bandpass": "f706aa044f6bc64b915996b7bdd6bc5666cae0eb7c47ff9a70b5bced6c9fbd0c", "casademo.calibration_suite.time_gaincal": "56f8a9022caccdafe4240fb9a2766b2d5d56cc1c784bd724822d3b040f5b5309", "casademo.flagdata_suite.time_flagdata_bandpassflag": "f55e0ffa6be9d655555c5081a0e7bf2bc00b253273ba7c220de0bd2cfb3baf6c", "casademo.flagdata_suite.time_flagdata_list": "1a40b66ffb4a43d48af3407bae817ed4f7667fe778880859384f5f2e7c9c5d1f", "casademo.flagdata_suite.time_flagdata_list_summary": "3eb284062687484026a1defb4fceb705e83b244e37405f8794d431940ff44b08", "casademo.flagdata_suite.time_flagdata_summary": "9e569fb4e2a2f68e59c510bbf889632173be867104a4e5ba5a98d0eb110e82fb", "casademo.tclean_memory_suite.peakmem_tclean_setweighting": "b08240b9d9211ba7e2ce323aae697e4b25deb8a6db4c5e2e48519cedc4707769"}, "version": 1}
