{"results": {"casademo.calibration_suite.time_applycal_callib": {"result": [26.793462640838698], "stats": [{"ci_99": [26.485780728748068, 27.101144552929327], "q_25": 26.79038582171779, "q_75": 26.796539459959604, "min": 26.787309002596885, "max": 26.79961627908051, "mean": 26.793462640838698, "std": 0.006153638241812587, "repeat": 2, "number": 2}]}, "casademo.calibration_suite.time_bandpass": {"result": [24.151812799507752], "stats": [{"ci_99": [0.9948654479812831, 47.3087601510342], "q_25": 23.920243325992487, "q_75": 24.383382273023017, "min": 23.688673852477223, "max": 24.61495174653828, "mean": 24.151812799507752, "std": 0.4631389470305294, "repeat": 2, "number": 2}]}, "casademo.calibration_suite.time_gaincal": {"result": [50.991530044935644], "stats": [{"ci_99": [35.71465155482292, 66.26840853504835], "q_25": 50.83876126003452, "q_75": 51.14429882983677, "min": 50.68599247513339, "max": 51.2970676147379, "mean": 50.991530044935644, "std": 0.30553756980225444, "repeat": 2, "number": 2}]}, "casademo.flagdata_suite.time_flagdata_bandpassflag": {"result": [30.80670853261836], "stats": [{"ci_99": [27.84117928124033, 33.77223778399639], "q_25": 30.77705324010458, "q_75": 30.83636382513214, "min": 30.747397947590798, "max": 30.86601911764592, "mean": 30.80670853261836, "std": 0.05931058502756059, "repeat": 2, "number": 2}]}, "casademo.flagdata_suite.time_flagdata_list": {"result": [134.4012220131699], "stats": [{"ci_99": [131.3590195120778, 137.443424514262], "q_25": 134.37079998815898, "q_75": 134.43164403818082, "min": 134.34037796314806, "max": 134.46206606319174, "mean": 134.4012220131699, "std": 0.06084405002184212, "repeat": 2, "number": 2}]}, "casademo.flagdata_suite.time_flagdata_list_summary": {"result": [33.28054610453546], "stats": [{"ci_99": [15.31857138313353, 51.242520825937376], "q_25": 33.10092635732144, "q_75": 33.46016585174948, "min": 32.92130661010742, "max": 33.6397855989635, "mean": 33.28054610453546, "std": 0.3592394944280386, "repeat": 2, "number": 2}]}, "casademo.flagdata_suite.time_flagdata_summary": {"result": [32.6313927504234], "stats": [{"ci_99": [-3.7473670938052237, 69.010152594652], "q_25": 32.267605151981115, "q_75": 32.99518034886569, "min": 31.90381755353883, "max": 33.358967947307974, "mean": 32.6313927504234, "std": 0.7275751968845725, "repeat": 2, "number": 2}]}, "casademo.tclean_memory_suite.peakmem_tclean_setweighting": 2032795648}, "params": {"arch": "x86_64", "cpu": "Intel(R) Xeon(R) CPU E5-1660 v4 @ 3.20GHz", "machine": "NRAO workstation", "num_cpu": "16", "os": "Linux 3.10.0-1160.15.2.el7.x86_64", "ram": "32GB", "python": "3.6", "pip+casatools": "6.2.0", "pip+casatasks": "6.2.0"}, "requirements": {"pip+casatools": "6.2.0", "pip+casatasks": "6.2.0"}, "commit_hash": "d0240a690f2ab8283d71c2888348f0d84f33178b", "date": 1607699318000, "env_name": "virtualenv-py3.6-pip+casatasks6.2.0.60-pip+casatools6.2.0.60", "python": "3.6", "profiles": {}, "started_at": {"casademo.calibration_suite.time_applycal_callib": 1630374182897, "casademo.calibration_suite.time_bandpass": 1630374260139, "casademo.calibration_suite.time_gaincal": 1630374335528, "casademo.flagdata_suite.time_flagdata_bandpassflag": 1630374458474, "casademo.flagdata_suite.time_flagdata_list": 1630374520036, "casademo.flagdata_suite.time_flagdata_list_summary": 1630374788768, "casademo.flagdata_suite.time_flagdata_summary": 1630374856090, "casademo.tclean_memory_suite.peakmem_tclean_setweighting": 1630374922840}, "ended_at": {"casademo.calibration_suite.time_applycal_callib": 1630374260138, "casademo.calibration_suite.time_bandpass": 1630374335528, "casademo.calibration_suite.time_gaincal": 1630374458469, "casademo.flagdata_suite.time_flagdata_bandpassflag": 1630374520036, "casademo.flagdata_suite.time_flagdata_list": 1630374788767, "casademo.flagdata_suite.time_flagdata_list_summary": 1630374856090, "casademo.flagdata_suite.time_flagdata_summary": 1630374922839, "casademo.tclean_memory_suite.peakmem_tclean_setweighting": 1630375501887}, "benchmark_version": {"casademo.calibration_suite.time_applycal_callib": "1f6437b2270507d06f2c91c35b12dce1187d02851c4b0d0c872bbcfda3e5c4f6", "casademo.calibration_suite.time_bandpass": "a69d32cd1360ece09039f1051989506a7673f5a708021e87c81e0936374d64ce", "casademo.calibration_suite.time_gaincal": "70a393fa53b72183c406b9cc585dca7828b9b8d585b8077a80e0946ee81ebeb0", "casademo.flagdata_suite.time_flagdata_bandpassflag": "6bc01de4a73ffea44f2190b51350292cc1e1256989be0f26cc4ec77341df934a", "casademo.flagdata_suite.time_flagdata_list": "f4d15370d3c2c0c746d0c9c28b87ee190865ebfa9e210cc5773201bea0df7bf9", "casademo.flagdata_suite.time_flagdata_list_summary": "58e4c1cc3e1c3c5f723c910c861bad52078405a7026f0321526fad1a15b04ee3", "casademo.flagdata_suite.time_flagdata_summary": "7d302987a4e4e75e43325fd83f2c968688e4b8a56a6476db46a4fcc0bc003e95", "casademo.tclean_memory_suite.peakmem_tclean_setweighting": "3fb5214d1e8e5bf8170efbe8114cd88b0e1e51db87c955bc588eb95ba91e4f71"}, "version": 1}
