{"results": {"casademo.calibration_suite.time_applycal_callib": {"result": [25.718138622352853], "stats": [{"ci_99": [17.90887004393153, 33.52740720077417], "q_25": 25.64004593656864, "q_75": 25.796231308137067, "min": 25.561953250784427, "max": 25.87432399392128, "mean": 25.718138622352853, "std": 0.1561853715684265, "repeat": 2, "number": 2}]}, "casademo.calibration_suite.time_bandpass": {"result": [24.81909212982282], "stats": [{"ci_99": [9.1322326133959, 40.50595164624973], "q_25": 24.66222353465855, "q_75": 24.97596072498709, "min": 24.505354939494282, "max": 25.13282932015136, "mean": 24.81909212982282, "std": 0.3137371903285384, "repeat": 2, "number": 2}]}, "casademo.calibration_suite.time_gaincal": {"result": [49.918813730357215], "stats": [{"ci_99": [40.54609683272429, 59.291530627990134], "q_25": 49.825086561380886, "q_75": 50.012540899333544, "min": 49.731359392404556, "max": 50.10626806830987, "mean": 49.918813730357215, "std": 0.18745433795265853, "repeat": 2, "number": 2}]}, "casademo.flagdata_suite.time_flagdata_bandpassflag": {"result": [31.508134347153828], "stats": [{"ci_99": [29.45778486994095, 33.558483824366704], "q_25": 31.4876308523817, "q_75": 31.528637841925956, "min": 31.46712735760957, "max": 31.549141336698085, "mean": 31.508134347153828, "std": 0.04100698954425752, "repeat": 2, "number": 2}]}, "casademo.flagdata_suite.time_flagdata_list": {"result": [134.55456268321723], "stats": [{"ci_99": [133.07022106647491, 136.03890429995954], "q_25": 134.5397192670498, "q_75": 134.56940609938465, "min": 134.52487585088238, "max": 134.58424951555207, "mean": 134.55456268321723, "std": 0.029686832334846258, "repeat": 2, "number": 2}]}, "casademo.flagdata_suite.time_flagdata_list_summary": {"result": [34.22052528243512], "stats": [{"ci_99": [33.82190192118287, 34.61914864368737], "q_25": 34.2165390488226, "q_75": 34.22451151604764, "min": 34.212552815210074, "max": 34.228497749660164, "mean": 34.22052528243512, "std": 0.007972467225044966, "repeat": 2, "number": 2}]}, "casademo.flagdata_suite.time_flagdata_summary": {"result": [33.94685172685422], "stats": [{"ci_99": [32.651050626067445, 35.242652827640995], "q_25": 33.93389371584635, "q_75": 33.95980973786209, "min": 33.920935704838485, "max": 33.972767748869956, "mean": 33.94685172685422, "std": 0.025916022015735507, "repeat": 2, "number": 2}]}, "casademo.tclean_memory_suite.peakmem_tclean_setweighting": 1960529920}, "params": {"arch": "x86_64", "cpu": "Intel(R) Xeon(R) CPU E5-1660 v4 @ 3.20GHz", "machine": "NRAO workstation", "num_cpu": "16", "os": "Linux 3.10.0-1160.15.2.el7.x86_64", "ram": "32GB", "python": "3.6", "pip+casatools": "6.2.0", "pip+casatasks": "6.2.0"}, "requirements": {"pip+casatools": "6.2.0", "pip+casatasks": "6.2.0"}, "commit_hash": "d157e68a8329094dfdb611c14469c0bff95ac537", "date": 1614120216000, "env_name": "virtualenv-py3.6-pip+casatasks6.2.0.96-pip+casatools6.2.0.96", "python": "3.6", "profiles": {}, "started_at": {"casademo.calibration_suite.time_applycal_callib": 1630331184676, "casademo.calibration_suite.time_bandpass": 1630331260065, "casademo.calibration_suite.time_gaincal": 1630331338499, "casademo.flagdata_suite.time_flagdata_bandpassflag": 1630331461342, "casademo.flagdata_suite.time_flagdata_list": 1630331524506, "casademo.flagdata_suite.time_flagdata_list_summary": 1630331793637, "casademo.flagdata_suite.time_flagdata_summary": 1630331862113, "casademo.tclean_memory_suite.peakmem_tclean_setweighting": 1630331930116}, "ended_at": {"casademo.calibration_suite.time_applycal_callib": 1630331260065, "casademo.calibration_suite.time_bandpass": 1630331338498, "casademo.calibration_suite.time_gaincal": 1630331461339, "casademo.flagdata_suite.time_flagdata_bandpassflag": 1630331524506, "casademo.flagdata_suite.time_flagdata_list": 1630331793636, "casademo.flagdata_suite.time_flagdata_list_summary": 1630331862112, "casademo.flagdata_suite.time_flagdata_summary": 1630331930116, "casademo.tclean_memory_suite.peakmem_tclean_setweighting": 1630332094292}, "benchmark_version": {"casademo.calibration_suite.time_applycal_callib": "1f6437b2270507d06f2c91c35b12dce1187d02851c4b0d0c872bbcfda3e5c4f6", "casademo.calibration_suite.time_bandpass": "a69d32cd1360ece09039f1051989506a7673f5a708021e87c81e0936374d64ce", "casademo.calibration_suite.time_gaincal": "70a393fa53b72183c406b9cc585dca7828b9b8d585b8077a80e0946ee81ebeb0", "casademo.flagdata_suite.time_flagdata_bandpassflag": "6bc01de4a73ffea44f2190b51350292cc1e1256989be0f26cc4ec77341df934a", "casademo.flagdata_suite.time_flagdata_list": "f4d15370d3c2c0c746d0c9c28b87ee190865ebfa9e210cc5773201bea0df7bf9", "casademo.flagdata_suite.time_flagdata_list_summary": "58e4c1cc3e1c3c5f723c910c861bad52078405a7026f0321526fad1a15b04ee3", "casademo.flagdata_suite.time_flagdata_summary": "7d302987a4e4e75e43325fd83f2c968688e4b8a56a6476db46a4fcc0bc003e95", "casademo.tclean_memory_suite.peakmem_tclean_setweighting": "3fb5214d1e8e5bf8170efbe8114cd88b0e1e51db87c955bc588eb95ba91e4f71"}, "version": 1}
