{"results": {"casademo.tclean_memory_suite.peakmem_tclean_setweighting": 2154618880, "casademo.calibration_suite.time_applycal_callib": {"result": [26.47990269563161], "stats": [{"ci_99": [11.830127851339057, 41.129677539924145], "q_25": 26.333404947188683, "q_75": 26.626400444074534, "min": 26.186907198745757, "max": 26.77289819251746, "mean": 26.47990269563161, "std": 0.292995496885851, "repeat": 2, "number": 2}]}, "casademo.calibration_suite.time_bandpass": {"result": [25.005882303463295], "stats": [{"ci_99": [5.249905691249296, 44.76185891567728], "q_25": 24.808322537341155, "q_75": 25.203442069585435, "min": 24.610762771219015, "max": 25.401001835707575, "mean": 25.005882303463295, "std": 0.39511953224428, "repeat": 2, "number": 2}]}, "casademo.calibration_suite.time_gaincal": {"result": [49.94269071565941], "stats": [{"ci_99": [29.699938045348972, 70.18544338596983], "q_25": 49.740263188956305, "q_75": 50.145118242362514, "min": 49.5378356622532, "max": 50.34754576906562, "mean": 49.94269071565941, "std": 0.40485505340620875, "repeat": 2, "number": 2}]}, "casademo.flagdata_suite.time_flagdata_bandpassflag": {"result": [31.23689139331691], "stats": [{"ci_99": [28.973215728299692, 33.50056705833413], "q_25": 31.214254636666737, "q_75": 31.259528149967082, "min": 31.191617880016565, "max": 31.282164906617254, "mean": 31.23689139331691, "std": 0.04527351330034435, "repeat": 2, "number": 2}]}, "casademo.flagdata_suite.time_flagdata_list": {"result": [133.66004868550226], "stats": [{"ci_99": [52.36907673208043, 214.95102063892404], "q_25": 132.84713896596804, "q_75": 134.47295840503648, "min": 132.03422924643382, "max": 135.2858681245707, "mean": 133.66004868550226, "std": 1.6258194390684366, "repeat": 2, "number": 2}]}, "casademo.flagdata_suite.time_flagdata_list_summary": {"result": [34.57474382035434], "stats": [{"ci_99": [32.38296119403094, 36.766526446677744], "q_25": 34.55282599409111, "q_75": 34.59666164661758, "min": 34.530908167827874, "max": 34.61857947288081, "mean": 34.57474382035434, "std": 0.04383565252646804, "repeat": 2, "number": 2}]}, "casademo.flagdata_suite.time_flagdata_summary": {"result": [34.18937911721878], "stats": [{"ci_99": [33.146891423733905, 35.23186681070365], "q_25": 34.17895424028393, "q_75": 34.199803994153626, "min": 34.16852936334908, "max": 34.210228871088475, "mean": 34.18937911721878, "std": 0.02084975386969745, "repeat": 2, "number": 2}]}}, "params": {"arch": "x86_64", "cpu": "Intel(R) Xeon(R) CPU E5-1660 v4 @ 3.20GHz", "machine": "NRAO workstation", "num_cpu": "16", "os": "Linux 3.10.0-1160.15.2.el7.x86_64", "ram": "32GB", "python": "3.6", "pip+casatools": "6.3.0", "pip+casatasks": "6.3.0"}, "requirements": {"pip+casatools": "6.3.0", "pip+casatasks": "6.3.0"}, "commit_hash": "d658f0ef19af6e68627befa83242d56c74db94f8", "date": 1622731196000, "env_name": "virtualenv-py3.6-pip+casatasks6.3.0.12-pip+casatools6.3.0.12", "python": "3.6", "profiles": {}, "started_at": {"casademo.tclean_memory_suite.peakmem_tclean_setweighting": 1630202462805, "casademo.calibration_suite.time_applycal_callib": 1630201723183, "casademo.calibration_suite.time_bandpass": 1630201798923, "casademo.calibration_suite.time_gaincal": 1630201873811, "casademo.flagdata_suite.time_flagdata_bandpassflag": 1630201998663, "casademo.flagdata_suite.time_flagdata_list": 1630202061106, "casademo.flagdata_suite.time_flagdata_list_summary": 1630202325243, "casademo.flagdata_suite.time_flagdata_summary": 1630202394350}, "ended_at": {"casademo.tclean_memory_suite.peakmem_tclean_setweighting": 1630202648175, "casademo.calibration_suite.time_applycal_callib": 1630201798923, "casademo.calibration_suite.time_bandpass": 1630201873810, "casademo.calibration_suite.time_gaincal": 1630201998659, "casademo.flagdata_suite.time_flagdata_bandpassflag": 1630202061106, "casademo.flagdata_suite.time_flagdata_list": 1630202325242, "casademo.flagdata_suite.time_flagdata_list_summary": 1630202394350, "casademo.flagdata_suite.time_flagdata_summary": 1630202462804}, "benchmark_version": {"casademo.calibration_suite.time_applycal_callib": "9ef394762fe7135f58c94c0e46a655fae93e7d107904ceff94d228f23b89a589", "casademo.calibration_suite.time_bandpass": "f706aa044f6bc64b915996b7bdd6bc5666cae0eb7c47ff9a70b5bced6c9fbd0c", "casademo.calibration_suite.time_gaincal": "56f8a9022caccdafe4240fb9a2766b2d5d56cc1c784bd724822d3b040f5b5309", "casademo.flagdata_suite.time_flagdata_bandpassflag": "f55e0ffa6be9d655555c5081a0e7bf2bc00b253273ba7c220de0bd2cfb3baf6c", "casademo.flagdata_suite.time_flagdata_list": "1a40b66ffb4a43d48af3407bae817ed4f7667fe778880859384f5f2e7c9c5d1f", "casademo.flagdata_suite.time_flagdata_list_summary": "3eb284062687484026a1defb4fceb705e83b244e37405f8794d431940ff44b08", "casademo.flagdata_suite.time_flagdata_summary": "9e569fb4e2a2f68e59c510bbf889632173be867104a4e5ba5a98d0eb110e82fb", "casademo.tclean_memory_suite.peakmem_tclean_setweighting": "b08240b9d9211ba7e2ce323aae697e4b25deb8a6db4c5e2e48519cedc4707769"}, "version": 1}
