{"results": {"casademo.tclean_memory_suite.peakmem_tclean_setweighting": 1865379840, "casademo.calibration_suite.time_applycal_callib": {"result": [48.20700021460652], "stats": [{"ci_99": [-70.30219478532672, 166.71619521453965], "q_25": 47.02190826460719, "q_75": 49.392092164605856, "min": 45.83681631460786, "max": 50.57718411460519, "mean": 48.20700021460652, "std": 2.370183899998665, "repeat": 2, "number": 2}]}, "casademo.calibration_suite.time_bandpass": {"result": [24.09115549060516], "stats": [{"ci_99": [2.4173119117040187, 45.76499906950629], "q_25": 23.87441705481615, "q_75": 24.307893926394172, "min": 23.657678619027138, "max": 24.524632362183183, "mean": 24.09115549060516, "std": 0.43347687157802284, "repeat": 2, "number": 2}]}, "casademo.calibration_suite.time_gaincal": {"result": [50.44553059106693], "stats": [{"ci_99": [47.624834212008864, 53.26622697012499], "q_25": 50.417323627276346, "q_75": 50.47373755485751, "min": 50.389116663485765, "max": 50.50194451864809, "mean": 50.44553059106693, "std": 0.05641392758116126, "repeat": 2, "number": 2}]}, "casademo.flagdata_suite.time_flagdata_bandpassflag": {"result": [31.516087458003312], "stats": [{"ci_99": [30.632217072416097, 32.39995784359053], "q_25": 31.50724875414744, "q_75": 31.524926161859185, "min": 31.498410050291568, "max": 31.533764865715057, "mean": 31.516087458003312, "std": 0.01767740771174431, "repeat": 2, "number": 2}]}, "casademo.flagdata_suite.time_flagdata_list": {"result": [135.0337374114897], "stats": [{"ci_99": [130.24941337970085, 139.81806144327857], "q_25": 134.98589417117182, "q_75": 135.0815806518076, "min": 134.93805093085393, "max": 135.1294238921255, "mean": 135.0337374114897, "std": 0.09568648063577712, "repeat": 2, "number": 2}]}, "casademo.flagdata_suite.time_flagdata_list_summary": {"result": [34.3014541703742], "stats": [{"ci_99": [13.904292955296114, 54.69861538545227], "q_25": 34.09748255822342, "q_75": 34.50542578252498, "min": 33.89351094607264, "max": 34.70939739467576, "mean": 34.3014541703742, "std": 0.4079432243015617, "repeat": 2, "number": 2}]}, "casademo.flagdata_suite.time_flagdata_summary": {"result": [33.612237224821], "stats": [{"ci_99": [-3.290005511138588, 70.51447996078056], "q_25": 33.243214797461405, "q_75": 33.9812596521806, "min": 32.87419237010181, "max": 34.35028207954019, "mean": 33.612237224821, "std": 0.7380448547191918, "repeat": 2, "number": 2}]}}, "params": {"arch": "x86_64", "cpu": "Intel(R) Xeon(R) CPU E5-1660 v4 @ 3.20GHz", "machine": "NRAO workstation", "num_cpu": "16", "os": "Linux 3.10.0-1160.15.2.el7.x86_64", "ram": "32GB", "python": "3.6", "pip+casatools": "6.2.0", "pip+casatasks": "6.2.0"}, "requirements": {"pip+casatools": "6.2.0", "pip+casatasks": "6.2.0"}, "commit_hash": "d75e1ff25232b2188a7b9532b10183c9388ff01e", "date": 1605076046000, "env_name": "virtualenv-py3.6-pip+casatasks6.2.0.49-pip+casatools6.2.0.49", "python": "3.6", "profiles": {}, "started_at": {"casademo.tclean_memory_suite.peakmem_tclean_setweighting": 1630161293603, "casademo.calibration_suite.time_applycal_callib": 1630160491367, "casademo.calibration_suite.time_bandpass": 1630160608758, "casademo.calibration_suite.time_gaincal": 1630160697128, "casademo.flagdata_suite.time_flagdata_bandpassflag": 1630160822391, "casademo.flagdata_suite.time_flagdata_list": 1630160885437, "casademo.flagdata_suite.time_flagdata_list_summary": 1630161155388, "casademo.flagdata_suite.time_flagdata_summary": 1630161224847}, "ended_at": {"casademo.tclean_memory_suite.peakmem_tclean_setweighting": 1630161606005, "casademo.calibration_suite.time_applycal_callib": 1630160608758, "casademo.calibration_suite.time_bandpass": 1630160697127, "casademo.calibration_suite.time_gaincal": 1630160822386, "casademo.flagdata_suite.time_flagdata_bandpassflag": 1630160885436, "casademo.flagdata_suite.time_flagdata_list": 1630161155388, "casademo.flagdata_suite.time_flagdata_list_summary": 1630161224847, "casademo.flagdata_suite.time_flagdata_summary": 1630161293603}, "benchmark_version": {"casademo.tclean_memory_suite.peakmem_tclean_setweighting": "3fb5214d1e8e5bf8170efbe8114cd88b0e1e51db87c955bc588eb95ba91e4f71", "casademo.calibration_suite.time_applycal_callib": "1f6437b2270507d06f2c91c35b12dce1187d02851c4b0d0c872bbcfda3e5c4f6", "casademo.calibration_suite.time_bandpass": "a69d32cd1360ece09039f1051989506a7673f5a708021e87c81e0936374d64ce", "casademo.calibration_suite.time_gaincal": "70a393fa53b72183c406b9cc585dca7828b9b8d585b8077a80e0946ee81ebeb0", "casademo.flagdata_suite.time_flagdata_bandpassflag": "6bc01de4a73ffea44f2190b51350292cc1e1256989be0f26cc4ec77341df934a", "casademo.flagdata_suite.time_flagdata_list": "f4d15370d3c2c0c746d0c9c28b87ee190865ebfa9e210cc5773201bea0df7bf9", "casademo.flagdata_suite.time_flagdata_list_summary": "58e4c1cc3e1c3c5f723c910c861bad52078405a7026f0321526fad1a15b04ee3", "casademo.flagdata_suite.time_flagdata_summary": "7d302987a4e4e75e43325fd83f2c968688e4b8a56a6476db46a4fcc0bc003e95"}, "version": 1}
