{"results": {"casademo.tclean_memory_suite.peakmem_tclean_setweighting": 1865424896, "casademo.calibration_suite.time_applycal_callib": {"result": [34.786567486356944], "stats": [{"ci_99": [-333.6166145061143, 403.1897494788278], "q_25": 31.10253566643223, "q_75": 38.470599306281656, "min": 27.41850384650752, "max": 42.15463112620637, "mean": 34.786567486356944, "std": 7.368063639849424, "repeat": 2, "number": 2}]}, "casademo.calibration_suite.time_bandpass": {"result": [27.911821682471782], "stats": [{"ci_99": [-92.59650770155713, 148.42015106650058], "q_25": 26.706738388631493, "q_75": 29.11690497631207, "min": 25.501655094791204, "max": 30.32198827015236, "mean": 27.911821682471782, "std": 2.4101665876805782, "repeat": 2, "number": 2}]}, "casademo.calibration_suite.time_gaincal": {"result": [49.57233855267987], "stats": [{"ci_99": [22.5257186149247, 76.618958490435], "q_25": 49.301872353302315, "q_75": 49.84280475205742, "min": 49.03140615392476, "max": 50.11327095143497, "mean": 49.57233855267987, "std": 0.5409323987551033, "repeat": 2, "number": 2}]}, "casademo.flagdata_suite.time_flagdata_bandpassflag": {"result": [32.13657141313888], "stats": [{"ci_99": [31.21727974503301, 33.05586308124475], "q_25": 32.12737849645782, "q_75": 32.14576432981994, "min": 32.118185579776764, "max": 32.154957246501, "mean": 32.13657141313888, "std": 0.01838583336211741, "repeat": 2, "number": 2}]}, "casademo.flagdata_suite.time_flagdata_list": {"result": [135.1360900879372], "stats": [{"ci_99": [133.25660531106405, 137.01557486481033], "q_25": 135.11729524016846, "q_75": 135.15488493570592, "min": 135.09850039239973, "max": 135.17367978347465, "mean": 135.1360900879372, "std": 0.03758969553746283, "repeat": 2, "number": 2}]}, "casademo.flagdata_suite.time_flagdata_list_summary": {"result": [34.89776549558155], "stats": [{"ci_99": [34.370941751869395, 35.42458923929371], "q_25": 34.89249725814443, "q_75": 34.903033733018674, "min": 34.88722902070731, "max": 34.908301970455796, "mean": 34.89776549558155, "std": 0.01053647487424314, "repeat": 2, "number": 2}]}, "casademo.flagdata_suite.time_flagdata_summary": {"result": [34.707827552221715], "stats": [{"ci_99": [33.388349146582186, 36.027305957861245], "q_25": 34.69463276816532, "q_75": 34.72102233627811, "min": 34.681437984108925, "max": 34.734217120334506, "mean": 34.707827552221715, "std": 0.026389568112790585, "repeat": 2, "number": 2}]}}, "params": {"arch": "x86_64", "cpu": "Intel(R) Xeon(R) CPU E5-1660 v4 @ 3.20GHz", "machine": "NRAO workstation", "num_cpu": "16", "os": "Linux 3.10.0-1160.15.2.el7.x86_64", "ram": "32GB", "python": "3.6", "pip+casatools": "6.2.0", "pip+casatasks": "6.2.0"}, "requirements": {"pip+casatools": "6.2.0", "pip+casatasks": "6.2.0"}, "commit_hash": "d8ed710000daf93408242c7f61ec85c069988644", "date": 1606278313000, "env_name": "virtualenv-py3.6-pip+casatasks6.2.0.54-pip+casatools6.2.0.54", "python": "3.6", "profiles": {}, "started_at": {"casademo.tclean_memory_suite.peakmem_tclean_setweighting": 1630383063895, "casademo.calibration_suite.time_applycal_callib": 1630382218413, "casademo.calibration_suite.time_bandpass": 1630382343715, "casademo.calibration_suite.time_gaincal": 1630382466521, "casademo.flagdata_suite.time_flagdata_bandpassflag": 1630382589779, "casademo.flagdata_suite.time_flagdata_list": 1630382654127, "casademo.flagdata_suite.time_flagdata_list_summary": 1630382924561, "casademo.flagdata_suite.time_flagdata_summary": 1630382994390}, "ended_at": {"casademo.tclean_memory_suite.peakmem_tclean_setweighting": 1630383376261, "casademo.calibration_suite.time_applycal_callib": 1630382343715, "casademo.calibration_suite.time_bandpass": 1630382466521, "casademo.calibration_suite.time_gaincal": 1630382589774, "casademo.flagdata_suite.time_flagdata_bandpassflag": 1630382654127, "casademo.flagdata_suite.time_flagdata_list": 1630382924561, "casademo.flagdata_suite.time_flagdata_list_summary": 1630382994389, "casademo.flagdata_suite.time_flagdata_summary": 1630383063895}, "benchmark_version": {"casademo.tclean_memory_suite.peakmem_tclean_setweighting": "3fb5214d1e8e5bf8170efbe8114cd88b0e1e51db87c955bc588eb95ba91e4f71", "casademo.calibration_suite.time_applycal_callib": "1f6437b2270507d06f2c91c35b12dce1187d02851c4b0d0c872bbcfda3e5c4f6", "casademo.calibration_suite.time_bandpass": "a69d32cd1360ece09039f1051989506a7673f5a708021e87c81e0936374d64ce", "casademo.calibration_suite.time_gaincal": "70a393fa53b72183c406b9cc585dca7828b9b8d585b8077a80e0946ee81ebeb0", "casademo.flagdata_suite.time_flagdata_bandpassflag": "6bc01de4a73ffea44f2190b51350292cc1e1256989be0f26cc4ec77341df934a", "casademo.flagdata_suite.time_flagdata_list": "f4d15370d3c2c0c746d0c9c28b87ee190865ebfa9e210cc5773201bea0df7bf9", "casademo.flagdata_suite.time_flagdata_list_summary": "58e4c1cc3e1c3c5f723c910c861bad52078405a7026f0321526fad1a15b04ee3", "casademo.flagdata_suite.time_flagdata_summary": "7d302987a4e4e75e43325fd83f2c968688e4b8a56a6476db46a4fcc0bc003e95"}, "version": 1}
