{"results": {"casademo.calibration_suite.time_applycal_callib": {"result": [38.839940834091976], "stats": [{"ci_99": [-625.1577212449629, 702.8376029131463], "q_25": 32.19996421330143, "q_75": 45.479917454882525, "min": 25.55998759251088, "max": 52.11989407567307, "mean": 38.839940834091976, "std": 13.279953241581097, "repeat": 2, "number": 2}]}, "casademo.calibration_suite.time_bandpass": {"result": [25.090283039025962], "stats": [{"ci_99": [24.906073324382305, 25.27449275366962], "q_25": 25.088440941879526, "q_75": 25.0921251361724, "min": 25.08659884473309, "max": 25.093967233318835, "mean": 25.090283039025962, "std": 0.003684194292873144, "repeat": 2, "number": 2}]}, "casademo.calibration_suite.time_gaincal": {"result": [50.8672127884347], "stats": [{"ci_99": [40.4900150175672, 61.24441055930219], "q_25": 50.763440810726024, "q_75": 50.970984766143374, "min": 50.65966883301735, "max": 51.07475674385205, "mean": 50.8672127884347, "std": 0.20754395541734993, "repeat": 2, "number": 2}]}, "casademo.flagdata_suite.time_flagdata_bandpassflag": {"result": [31.463745046174154], "stats": [{"ci_99": [29.478561303811148, 33.44892878853716], "q_25": 31.443893208750524, "q_75": 31.483596883597784, "min": 31.424041371326894, "max": 31.503448721021414, "mean": 31.463745046174154, "std": 0.03970367484726012, "repeat": 2, "number": 2}]}, "casademo.flagdata_suite.time_flagdata_list": {"result": [134.15543677960522], "stats": [{"ci_99": [128.0759885206353, 140.23488503857516], "q_25": 134.09464229701553, "q_75": 134.21623126219492, "min": 134.03384781442583, "max": 134.27702574478462, "mean": 134.15543677960522, "std": 0.12158896517939866, "repeat": 2, "number": 2}]}, "casademo.flagdata_suite.time_flagdata_list_summary": {"result": [34.17597097088583], "stats": [{"ci_99": [32.55330309714191, 35.79863884462975], "q_25": 34.15974429214839, "q_75": 34.19219764962327, "min": 34.14351761341095, "max": 34.20842432836071, "mean": 34.17597097088583, "std": 0.03245335747487843, "repeat": 2, "number": 2}]}, "casademo.flagdata_suite.time_flagdata_summary": {"result": [33.972336425678805], "stats": [{"ci_99": [28.669266721000895, 39.27540613035671], "q_25": 33.919305728632025, "q_75": 34.025367122725584, "min": 33.866275031585246, "max": 34.07839781977236, "mean": 33.972336425678805, "std": 0.10606139409355819, "repeat": 2, "number": 2}]}, "casademo.tclean_memory_suite.peakmem_tclean_setweighting": 1960464384}, "params": {"arch": "x86_64", "cpu": "Intel(R) Xeon(R) CPU E5-1660 v4 @ 3.20GHz", "machine": "NRAO workstation", "num_cpu": "16", "os": "Linux 3.10.0-1160.15.2.el7.x86_64", "ram": "32GB", "python": "3.6", "pip+casatools": "trunk", "pip+casatasks": "trunk"}, "requirements": {"pip+casatools": "trunk", "pip+casatasks": "trunk"}, "commit_hash": "dafe59116c2938c31e1d21c1e8b82cefdb9f66f7", "date": 1615230468000, "env_name": "virtualenv-py3.6-pip+casatasks-trunk-pip+casatools-trunk", "python": "3.6", "profiles": {}, "started_at": {"casademo.calibration_suite.time_applycal_callib": 1630098509799, "casademo.calibration_suite.time_bandpass": 1630098637166, "casademo.calibration_suite.time_gaincal": 1630098712202, "casademo.flagdata_suite.time_flagdata_bandpassflag": 1630098836614, "casademo.flagdata_suite.time_flagdata_list": 1630098899508, "casademo.flagdata_suite.time_flagdata_list_summary": 1630099168100, "casademo.flagdata_suite.time_flagdata_summary": 1630099236425, "casademo.tclean_memory_suite.peakmem_tclean_setweighting": 1630099304629}, "ended_at": {"casademo.calibration_suite.time_applycal_callib": 1630098637166, "casademo.calibration_suite.time_bandpass": 1630098712201, "casademo.calibration_suite.time_gaincal": 1630098836608, "casademo.flagdata_suite.time_flagdata_bandpassflag": 1630098899508, "casademo.flagdata_suite.time_flagdata_list": 1630099168100, "casademo.flagdata_suite.time_flagdata_list_summary": 1630099236424, "casademo.flagdata_suite.time_flagdata_summary": 1630099304628, "casademo.tclean_memory_suite.peakmem_tclean_setweighting": 1630099471595}, "benchmark_version": {"casademo.calibration_suite.time_applycal_callib": "9ef394762fe7135f58c94c0e46a655fae93e7d107904ceff94d228f23b89a589", "casademo.calibration_suite.time_bandpass": "f706aa044f6bc64b915996b7bdd6bc5666cae0eb7c47ff9a70b5bced6c9fbd0c", "casademo.calibration_suite.time_gaincal": "56f8a9022caccdafe4240fb9a2766b2d5d56cc1c784bd724822d3b040f5b5309", "casademo.flagdata_suite.time_flagdata_bandpassflag": "f55e0ffa6be9d655555c5081a0e7bf2bc00b253273ba7c220de0bd2cfb3baf6c", "casademo.flagdata_suite.time_flagdata_list": "1a40b66ffb4a43d48af3407bae817ed4f7667fe778880859384f5f2e7c9c5d1f", "casademo.flagdata_suite.time_flagdata_list_summary": "3eb284062687484026a1defb4fceb705e83b244e37405f8794d431940ff44b08", "casademo.flagdata_suite.time_flagdata_summary": "9e569fb4e2a2f68e59c510bbf889632173be867104a4e5ba5a98d0eb110e82fb", "casademo.tclean_memory_suite.peakmem_tclean_setweighting": "b08240b9d9211ba7e2ce323aae697e4b25deb8a6db4c5e2e48519cedc4707769"}, "version": 1}
