{"results": {"casademo.tclean_memory_suite.peakmem_tclean_setweighting": 1959317504, "casademo.calibration_suite.time_applycal_callib": {"result": [40.610611451091245], "stats": [{"ci_99": [-640.7074493116233, 721.9286722138053], "q_25": 33.7974308434641, "q_75": 47.42379205871839, "min": 26.984250235836953, "max": 54.23697266634554, "mean": 40.610611451091245, "std": 13.626361215254292, "repeat": 2, "number": 2}]}, "casademo.calibration_suite.time_bandpass": {"result": [25.218308437615633], "stats": [{"ci_99": [17.695329757407308, 32.74128711782395], "q_25": 25.14307865081355, "q_75": 25.293538224417716, "min": 25.067848864011467, "max": 25.3687680112198, "mean": 25.218308437615633, "std": 0.1504595736041665, "repeat": 2, "number": 2}]}, "casademo.calibration_suite.time_gaincal": {"result": [49.7873255147133], "stats": [{"ci_99": [42.99349526199512, 56.581155767431476], "q_25": 49.71938721218612, "q_75": 49.855263817240484, "min": 49.65144890965894, "max": 49.923202119767666, "mean": 49.7873255147133, "std": 0.1358766050543636, "repeat": 2, "number": 2}]}, "casademo.flagdata_suite.time_flagdata_bandpassflag": {"result": [9.297352007823065], "stats": [{"ci_99": [8.18625361728482, 10.40845039836131], "q_25": 9.286241023917682, "q_75": 9.308462991728447, "min": 9.2751300400123, "max": 9.31957397563383, "mean": 9.297352007823065, "std": 0.02222196781076491, "repeat": 2, "number": 2}]}, "casademo.flagdata_suite.time_flagdata_list": {"result": [111.30048009753227], "stats": [{"ci_99": [110.62359305750579, 111.97736713755876], "q_25": 111.29371122713201, "q_75": 111.30724896793254, "min": 111.28694235673174, "max": 111.3140178383328, "mean": 111.30048009753227, "std": 0.013537740800529718, "repeat": 2, "number": 2}]}, "casademo.flagdata_suite.time_flagdata_list_summary": {"result": [12.100378232775256], "stats": [{"ci_99": [11.789059017086402, 12.41169744846411], "q_25": 12.097265040618367, "q_75": 12.103491424932145, "min": 12.094151848461479, "max": 12.106604617089033, "mean": 12.100378232775256, "std": 0.006226384313777089, "repeat": 2, "number": 2}]}, "casademo.flagdata_suite.time_flagdata_summary": {"result": [11.749820635188371], "stats": [{"ci_99": [11.568019227590412, 11.93162204278633], "q_25": 11.748002621112391, "q_75": 11.75163864926435, "min": 11.746184607036412, "max": 11.75345666334033, "mean": 11.749820635188371, "std": 0.003636028151959181, "repeat": 2, "number": 2}]}}, "params": {"arch": "x86_64", "cpu": "Intel(R) Xeon(R) CPU E5-1660 v4 @ 3.20GHz", "machine": "NRAO workstation", "num_cpu": "16", "os": "Linux 3.10.0-1160.15.2.el7.x86_64", "ram": "32GB", "python": "3.6", "pip+casatools": "6.3.0", "pip+casatasks": "6.3.0"}, "requirements": {"pip+casatools": "6.3.0", "pip+casatasks": "6.3.0"}, "commit_hash": "db2cb69df41a44a330e94edaf0bd4d7a558f0920", "date": 1626269764000, "env_name": "virtualenv-py3.6-pip+casatasks6.3.0.26-pip+casatools6.3.0.26", "python": "3.6", "profiles": {}, "started_at": {"casademo.tclean_memory_suite.peakmem_tclean_setweighting": 1630186677383, "casademo.calibration_suite.time_applycal_callib": 1630186107358, "casademo.calibration_suite.time_bandpass": 1630186185095, "casademo.calibration_suite.time_gaincal": 1630186264414, "casademo.flagdata_suite.time_flagdata_bandpassflag": 1630186388272, "casademo.flagdata_suite.time_flagdata_list": 1630186406869, "casademo.flagdata_suite.time_flagdata_list_summary": 1630186629567, "casademo.flagdata_suite.time_flagdata_summary": 1630186653826}, "ended_at": {"casademo.tclean_memory_suite.peakmem_tclean_setweighting": 1630186851640, "casademo.calibration_suite.time_applycal_callib": 1630186185094, "casademo.calibration_suite.time_bandpass": 1630186264413, "casademo.calibration_suite.time_gaincal": 1630186388268, "casademo.flagdata_suite.time_flagdata_bandpassflag": 1630186406869, "casademo.flagdata_suite.time_flagdata_list": 1630186629566, "casademo.flagdata_suite.time_flagdata_list_summary": 1630186653826, "casademo.flagdata_suite.time_flagdata_summary": 1630186677383}, "benchmark_version": {"casademo.tclean_memory_suite.peakmem_tclean_setweighting": "3fb5214d1e8e5bf8170efbe8114cd88b0e1e51db87c955bc588eb95ba91e4f71", "casademo.calibration_suite.time_applycal_callib": "1f6437b2270507d06f2c91c35b12dce1187d02851c4b0d0c872bbcfda3e5c4f6", "casademo.calibration_suite.time_bandpass": "a69d32cd1360ece09039f1051989506a7673f5a708021e87c81e0936374d64ce", "casademo.calibration_suite.time_gaincal": "70a393fa53b72183c406b9cc585dca7828b9b8d585b8077a80e0946ee81ebeb0", "casademo.flagdata_suite.time_flagdata_bandpassflag": "6bc01de4a73ffea44f2190b51350292cc1e1256989be0f26cc4ec77341df934a", "casademo.flagdata_suite.time_flagdata_list": "f4d15370d3c2c0c746d0c9c28b87ee190865ebfa9e210cc5773201bea0df7bf9", "casademo.flagdata_suite.time_flagdata_list_summary": "58e4c1cc3e1c3c5f723c910c861bad52078405a7026f0321526fad1a15b04ee3", "casademo.flagdata_suite.time_flagdata_summary": "7d302987a4e4e75e43325fd83f2c968688e4b8a56a6476db46a4fcc0bc003e95"}, "version": 1}
