{"results": {"casademo.tclean_memory_suite.peakmem_tclean_setweighting": 1959399424, "casademo.calibration_suite.time_applycal_callib": {"result": [38.2706894997973], "stats": [{"ci_99": [-548.018511164235, 624.5598901638291], "q_25": 32.40779749315698, "q_75": 44.13358150643762, "min": 26.544905486516654, "max": 49.996473513077945, "mean": 38.2706894997973, "std": 11.725784013280645, "repeat": 2, "number": 2}]}, "casademo.calibration_suite.time_bandpass": {"result": [26.459565919125453], "stats": [{"ci_99": [-127.43779522390105, 180.3569270621518], "q_25": 24.920592307695188, "q_75": 27.998539530555718, "min": 23.381618696264923, "max": 29.537513141985983, "mean": 26.459565919125453, "std": 3.07794722286053, "repeat": 2, "number": 2}]}, "casademo.calibration_suite.time_gaincal": {"result": [50.29523606109433], "stats": [{"ci_99": [39.76144159142859, 60.82903053076006], "q_25": 50.18989811639767, "q_75": 50.400574005790986, "min": 50.084560171701014, "max": 50.50591195048764, "mean": 50.29523606109433, "std": 0.21067588939331472, "repeat": 2, "number": 2}]}, "casademo.flagdata_suite.time_flagdata_bandpassflag": {"result": [9.561557098990306], "stats": [{"ci_99": [7.969357676105574, 11.153756521875037], "q_25": 9.545635104761459, "q_75": 9.577479093219154, "min": 9.529713110532612, "max": 9.593401087448001, "mean": 9.561557098990306, "std": 0.03184398845769465, "repeat": 2, "number": 2}]}, "casademo.flagdata_suite.time_flagdata_list": {"result": [112.09887000359595], "stats": [{"ci_99": [111.68880534451455, 112.50893466267735], "q_25": 112.09476935700513, "q_75": 112.10297065018676, "min": 112.09066871041432, "max": 112.10707129677758, "mean": 112.09887000359595, "std": 0.008201293181627989, "repeat": 2, "number": 2}]}, "casademo.flagdata_suite.time_flagdata_list_summary": {"result": [12.454819521168247], "stats": [{"ci_99": [11.602050129091367, 13.307588913245127], "q_25": 12.446291827247478, "q_75": 12.463347215089016, "min": 12.43776413332671, "max": 12.471874909009784, "mean": 12.454819521168247, "std": 0.017055387841537595, "repeat": 2, "number": 2}]}, "casademo.flagdata_suite.time_flagdata_summary": {"result": [12.122365618590266], "stats": [{"ci_99": [11.721987342927605, 12.522743894252926], "q_25": 12.118361835833639, "q_75": 12.126369401346892, "min": 12.114358053077012, "max": 12.130373184103519, "mean": 12.122365618590266, "std": 0.008007565513253212, "repeat": 2, "number": 2}]}}, "params": {"arch": "x86_64", "cpu": "Intel(R) Xeon(R) CPU E5-1660 v4 @ 3.20GHz", "machine": "NRAO workstation", "num_cpu": "16", "os": "Linux 3.10.0-1160.15.2.el7.x86_64", "ram": "32GB", "python": "3.6", "pip+casatools": "6.3.0", "pip+casatasks": "6.3.0"}, "requirements": {"pip+casatools": "6.3.0", "pip+casatasks": "6.3.0"}, "commit_hash": "dd2f6bf29bcb07bf9db9a87d00486e095cc1d142", "date": 1626804885000, "env_name": "virtualenv-py3.6-pip+casatasks6.3.0.29-pip+casatools6.3.0.29", "python": "3.6", "profiles": {}, "started_at": {"casademo.tclean_memory_suite.peakmem_tclean_setweighting": 1630185047406, "casademo.calibration_suite.time_applycal_callib": 1630184437477, "casademo.calibration_suite.time_bandpass": 1630184514569, "casademo.calibration_suite.time_gaincal": 1630184630923, "casademo.flagdata_suite.time_flagdata_bandpassflag": 1630184754585, "casademo.flagdata_suite.time_flagdata_list": 1630184773833, "casademo.flagdata_suite.time_flagdata_list_summary": 1630184998085, "casademo.flagdata_suite.time_flagdata_summary": 1630185023096}, "ended_at": {"casademo.tclean_memory_suite.peakmem_tclean_setweighting": 1630185222181, "casademo.calibration_suite.time_applycal_callib": 1630184514569, "casademo.calibration_suite.time_bandpass": 1630184630923, "casademo.calibration_suite.time_gaincal": 1630184754580, "casademo.flagdata_suite.time_flagdata_bandpassflag": 1630184773833, "casademo.flagdata_suite.time_flagdata_list": 1630184998085, "casademo.flagdata_suite.time_flagdata_list_summary": 1630185023096, "casademo.flagdata_suite.time_flagdata_summary": 1630185047405}, "benchmark_version": {"casademo.tclean_memory_suite.peakmem_tclean_setweighting": "3fb5214d1e8e5bf8170efbe8114cd88b0e1e51db87c955bc588eb95ba91e4f71", "casademo.calibration_suite.time_applycal_callib": "1f6437b2270507d06f2c91c35b12dce1187d02851c4b0d0c872bbcfda3e5c4f6", "casademo.calibration_suite.time_bandpass": "a69d32cd1360ece09039f1051989506a7673f5a708021e87c81e0936374d64ce", "casademo.calibration_suite.time_gaincal": "70a393fa53b72183c406b9cc585dca7828b9b8d585b8077a80e0946ee81ebeb0", "casademo.flagdata_suite.time_flagdata_bandpassflag": "6bc01de4a73ffea44f2190b51350292cc1e1256989be0f26cc4ec77341df934a", "casademo.flagdata_suite.time_flagdata_list": "f4d15370d3c2c0c746d0c9c28b87ee190865ebfa9e210cc5773201bea0df7bf9", "casademo.flagdata_suite.time_flagdata_list_summary": "58e4c1cc3e1c3c5f723c910c861bad52078405a7026f0321526fad1a15b04ee3", "casademo.flagdata_suite.time_flagdata_summary": "7d302987a4e4e75e43325fd83f2c968688e4b8a56a6476db46a4fcc0bc003e95"}, "version": 1}
