{"results": {"casademo.tclean_memory_suite.peakmem_tclean_setweighting": 1959399424, "casademo.calibration_suite.time_applycal_callib": {"result": [38.2706894997973], "stats": [{"ci_99": [-548.018511164235, 624.5598901638291], "q_25": 32.40779749315698, "q_75": 44.13358150643762, "min": 26.544905486516654, "max": 49.996473513077945, "mean": 38.2706894997973, "std": 11.725784013280645, "repeat": 2, "number": 2}]}, "casademo.calibration_suite.time_bandpass": {"result": [26.459565919125453], "stats": [{"ci_99": [-127.43779522390105, 180.3569270621518], "q_25": 24.920592307695188, "q_75": 27.998539530555718, "min": 23.381618696264923, "max": 29.537513141985983, "mean": 26.459565919125453, "std": 3.07794722286053, "repeat": 2, "number": 2}]}, "casademo.calibration_suite.time_gaincal": {"result": [50.29523606109433], "stats": [{"ci_99": [39.76144159142859, 60.82903053076006], "q_25": 50.18989811639767, "q_75": 50.400574005790986, "min": 50.084560171701014, "max": 50.50591195048764, "mean": 50.29523606109433, "std": 0.21067588939331472, "repeat": 2, "number": 2}]}, "casademo.flagdata_suite.time_flagdata_bandpassflag": {"result": [9.561557098990306], "stats": [{"ci_99": [7.969357676105574, 11.153756521875037], "q_25": 9.545635104761459, "q_75": 9.577479093219154, "min": 9.529713110532612, "max": 9.593401087448001, "mean": 9.561557098990306, "std": 0.03184398845769465, "repeat": 2, "number": 2}]}, "casademo.flagdata_suite.time_flagdata_list": {"result": [112.09887000359595], "stats": [{"ci_99": [111.68880534451455, 112.50893466267735], "q_25": 112.09476935700513, "q_75": 112.10297065018676, "min": 112.09066871041432, "max": 112.10707129677758, "mean": 112.09887000359595, "std": 0.008201293181627989, "repeat": 2, "number": 2}]}, "casademo.flagdata_suite.time_flagdata_list_summary": {"result": [12.454819521168247], "stats": [{"ci_99": [11.602050129091367, 13.307588913245127], "q_25": 12.446291827247478, "q_75": 12.463347215089016, "min": 12.43776413332671, "max": 12.471874909009784, "mean": 12.454819521168247, "std": 0.017055387841537595, "repeat": 2, "number": 2}]}, "casademo.flagdata_suite.time_flagdata_summary": {"result": [12.122365618590266], "stats": [{"ci_99": [11.721987342927605, 12.522743894252926], "q_25": 12.118361835833639, "q_75": 12.126369401346892, "min": 12.114358053077012, "max": 12.130373184103519, "mean": 12.122365618590266, "std": 0.008007565513253212, "repeat": 2, "number": 2}]}}, "params": {"arch": "x86_64", "cpu": "Intel(R) Xeon(R) CPU E5-1660 v4 @ 3.20GHz", "machine": "NRAO workstation", "num_cpu": "16", "os": "Linux 3.10.0-1160.15.2.el7.x86_64", "ram": "32GB", "python": "3.6", "pip+casatools": "trunk", "pip+casatasks": "trunk"}, "requirements": {"pip+casatools": "trunk", "pip+casatasks": "trunk"}, "commit_hash": "dd2f6bf29bcb07bf9db9a87d00486e095cc1d142", "date": 1626804885000, "env_name": "virtualenv-py3.6-pip+casatasks-trunk-pip+casatools-trunk", "python": "3.6", "profiles": {}, "started_at": {"casademo.tclean_memory_suite.peakmem_tclean_setweighting": 1630185047406, "casademo.calibration_suite.time_applycal_callib": 1630184437477, "casademo.calibration_suite.time_bandpass": 1630184514569, "casademo.calibration_suite.time_gaincal": 1630184630923, "casademo.flagdata_suite.time_flagdata_bandpassflag": 1630184754585, "casademo.flagdata_suite.time_flagdata_list": 1630184773833, "casademo.flagdata_suite.time_flagdata_list_summary": 1630184998085, "casademo.flagdata_suite.time_flagdata_summary": 1630185023096}, "ended_at": {"casademo.tclean_memory_suite.peakmem_tclean_setweighting": 1630185222181, "casademo.calibration_suite.time_applycal_callib": 1630184514569, "casademo.calibration_suite.time_bandpass": 1630184630923, "casademo.calibration_suite.time_gaincal": 1630184754580, "casademo.flagdata_suite.time_flagdata_bandpassflag": 1630184773833, "casademo.flagdata_suite.time_flagdata_list": 1630184998085, "casademo.flagdata_suite.time_flagdata_list_summary": 1630185023096, "casademo.flagdata_suite.time_flagdata_summary": 1630185047405}, "benchmark_version": {"casademo.calibration_suite.time_applycal_callib": "9ef394762fe7135f58c94c0e46a655fae93e7d107904ceff94d228f23b89a589", "casademo.calibration_suite.time_bandpass": "f706aa044f6bc64b915996b7bdd6bc5666cae0eb7c47ff9a70b5bced6c9fbd0c", "casademo.calibration_suite.time_gaincal": "56f8a9022caccdafe4240fb9a2766b2d5d56cc1c784bd724822d3b040f5b5309", "casademo.flagdata_suite.time_flagdata_bandpassflag": "f55e0ffa6be9d655555c5081a0e7bf2bc00b253273ba7c220de0bd2cfb3baf6c", "casademo.flagdata_suite.time_flagdata_list": "1a40b66ffb4a43d48af3407bae817ed4f7667fe778880859384f5f2e7c9c5d1f", "casademo.flagdata_suite.time_flagdata_list_summary": "3eb284062687484026a1defb4fceb705e83b244e37405f8794d431940ff44b08", "casademo.flagdata_suite.time_flagdata_summary": "9e569fb4e2a2f68e59c510bbf889632173be867104a4e5ba5a98d0eb110e82fb", "casademo.tclean_memory_suite.peakmem_tclean_setweighting": "b08240b9d9211ba7e2ce323aae697e4b25deb8a6db4c5e2e48519cedc4707769"}, "version": 1}
