{"results": {"casademo.tclean_memory_suite.peakmem_tclean_setweighting": 2154668032, "casademo.calibration_suite.time_applycal_callib": {"result": [40.867604224942625], "stats": [{"ci_99": [-593.4629535973072, 675.1981620471919], "q_25": 34.524298646720126, "q_75": 47.21090980316512, "min": 28.180993068497628, "max": 53.55421538138762, "mean": 40.867604224942625, "std": 12.686611156444997, "repeat": 2, "number": 2}]}, "casademo.calibration_suite.time_bandpass": {"result": [25.171836795285344], "stats": [{"ci_99": [-31.112641325220466, 81.4563149157911], "q_25": 24.608992014080286, "q_75": 25.734681576490402, "min": 24.046147232875228, "max": 26.29752635769546, "mean": 25.171836795285344, "std": 1.1256895624101162, "repeat": 2, "number": 2}]}, "casademo.calibration_suite.time_gaincal": {"result": [51.014522223966196], "stats": [{"ci_99": [19.636297627119347, 82.39274682081302], "q_25": 50.70073997799773, "q_75": 51.328304469934665, "min": 50.38695773202926, "max": 51.64208671590313, "mean": 51.014522223966196, "std": 0.627564491936937, "repeat": 2, "number": 2}]}, "casademo.flagdata_suite.time_flagdata_bandpassflag": {"result": [31.235157208517194], "stats": [{"ci_99": [29.56083905790001, 32.909475359134376], "q_25": 31.218414027011022, "q_75": 31.251900390023366, "min": 31.20167084550485, "max": 31.268643571529537, "mean": 31.235157208517194, "std": 0.033486363012343645, "repeat": 2, "number": 2}]}, "casademo.flagdata_suite.time_flagdata_list": {"result": [133.5020089133177], "stats": [{"ci_99": [125.61822693864815, 141.38579088798724], "q_25": 133.423171093571, "q_75": 133.5808467330644, "min": 133.3443332738243, "max": 133.6596845528111, "mean": 133.5020089133177, "std": 0.15767563949339092, "repeat": 2, "number": 2}]}, "casademo.flagdata_suite.time_flagdata_list_summary": {"result": [33.72408267017454], "stats": [{"ci_99": [16.394172482192516, 51.05399285815655], "q_25": 33.55078356829472, "q_75": 33.89738177205436, "min": 33.3774844664149, "max": 34.07068087393418, "mean": 33.72408267017454, "std": 0.34659820375964046, "repeat": 2, "number": 2}]}, "casademo.flagdata_suite.time_flagdata_summary": {"result": [33.06018086243421], "stats": [{"ci_99": [-5.536172770895064, 71.65653449576345], "q_25": 32.674217326100916, "q_75": 33.4461443987675, "min": 32.28825378976762, "max": 33.832107935100794, "mean": 33.06018086243421, "std": 0.7719270726665854, "repeat": 2, "number": 2}]}}, "params": {"arch": "x86_64", "cpu": "Intel(R) Xeon(R) CPU E5-1660 v4 @ 3.20GHz", "machine": "NRAO workstation", "num_cpu": "16", "os": "Linux 3.10.0-1160.15.2.el7.x86_64", "ram": "32GB", "python": "3.6", "pip+casatools": "6.2.1", "pip+casatasks": "6.2.1"}, "requirements": {"pip+casatools": "6.2.1", "pip+casatasks": "6.2.1"}, "commit_hash": "dddbc346f5840f46d095b9a6bc39476b76758b7a", "date": 1622812432000, "env_name": "virtualenv-py3.6-pip+casatasks6.2.1.1-pip+casatools6.2.1.1", "python": "3.6", "profiles": {}, "started_at": {"casademo.tclean_memory_suite.peakmem_tclean_setweighting": 1629835294342, "casademo.calibration_suite.time_applycal_callib": 1629834547249, "casademo.calibration_suite.time_bandpass": 1629834627803, "casademo.calibration_suite.time_gaincal": 1629834705235, "casademo.flagdata_suite.time_flagdata_bandpassflag": 1629834829247, "casademo.flagdata_suite.time_flagdata_list": 1629834891690, "casademo.flagdata_suite.time_flagdata_list_summary": 1629835158433, "casademo.flagdata_suite.time_flagdata_summary": 1629835226638}, "ended_at": {"casademo.tclean_memory_suite.peakmem_tclean_setweighting": 1629835481080, "casademo.calibration_suite.time_applycal_callib": 1629834627802, "casademo.calibration_suite.time_bandpass": 1629834705234, "casademo.calibration_suite.time_gaincal": 1629834829239, "casademo.flagdata_suite.time_flagdata_bandpassflag": 1629834891690, "casademo.flagdata_suite.time_flagdata_list": 1629835158432, "casademo.flagdata_suite.time_flagdata_list_summary": 1629835226637, "casademo.flagdata_suite.time_flagdata_summary": 1629835294341}, "benchmark_version": {"casademo.tclean_memory_suite.peakmem_tclean_setweighting": "3fb5214d1e8e5bf8170efbe8114cd88b0e1e51db87c955bc588eb95ba91e4f71", "casademo.calibration_suite.time_applycal_callib": "1f6437b2270507d06f2c91c35b12dce1187d02851c4b0d0c872bbcfda3e5c4f6", "casademo.calibration_suite.time_bandpass": "a69d32cd1360ece09039f1051989506a7673f5a708021e87c81e0936374d64ce", "casademo.calibration_suite.time_gaincal": "70a393fa53b72183c406b9cc585dca7828b9b8d585b8077a80e0946ee81ebeb0", "casademo.flagdata_suite.time_flagdata_bandpassflag": "6bc01de4a73ffea44f2190b51350292cc1e1256989be0f26cc4ec77341df934a", "casademo.flagdata_suite.time_flagdata_list": "f4d15370d3c2c0c746d0c9c28b87ee190865ebfa9e210cc5773201bea0df7bf9", "casademo.flagdata_suite.time_flagdata_list_summary": "58e4c1cc3e1c3c5f723c910c861bad52078405a7026f0321526fad1a15b04ee3", "casademo.flagdata_suite.time_flagdata_summary": "7d302987a4e4e75e43325fd83f2c968688e4b8a56a6476db46a4fcc0bc003e95"}, "version": 1}
