{"results": {"casademo.calibration_suite.time_applycal_callib": {"result": [27.69298200472258], "stats": [{"ci_99": [-62.73832945409231, 118.1242934635374], "q_25": 26.78866889013443, "q_75": 28.59729511931073, "min": 25.884355775546283, "max": 29.501608233898878, "mean": 27.69298200472258, "std": 1.8086262291762978, "repeat": 2, "number": 2}]}, "casademo.calibration_suite.time_bandpass": {"result": [24.721164271002635], "stats": [{"ci_99": [-3.179236405296251, 52.62156494730149], "q_25": 24.442160264239646, "q_75": 25.000168277765624, "min": 24.163156257476658, "max": 25.279172284528613, "mean": 24.721164271002635, "std": 0.5580080135259777, "repeat": 2, "number": 2}]}, "casademo.calibration_suite.time_gaincal": {"result": [50.2048931568861], "stats": [{"ci_99": [48.38301735185087, 52.026768961921334], "q_25": 50.18667439883575, "q_75": 50.22311191493645, "min": 50.168455640785396, "max": 50.241330672986805, "mean": 50.2048931568861, "std": 0.03643751610070467, "repeat": 2, "number": 2}]}, "casademo.flagdata_suite.time_flagdata_bandpassflag": {"result": [31.17521563800983], "stats": [{"ci_99": [30.11214781110175, 32.23828346491791], "q_25": 31.16458495974075, "q_75": 31.185846316278912, "min": 31.15395428147167, "max": 31.196476994547993, "mean": 31.17521563800983, "std": 0.021261356538161635, "repeat": 2, "number": 2}]}, "casademo.flagdata_suite.time_flagdata_list": {"result": [132.20784425688908], "stats": [{"ci_99": [53.742895987350494, 210.6727925264276], "q_25": 131.4231947741937, "q_75": 132.99249373958446, "min": 130.6385452914983, "max": 133.77714322227985, "mean": 132.20784425688908, "std": 1.5692989653907716, "repeat": 2, "number": 2}]}, "casademo.flagdata_suite.time_flagdata_list_summary": {"result": [33.64326513069682], "stats": [{"ci_99": [32.85655277245678, 34.429977488936856], "q_25": 33.63539800711442, "q_75": 33.65113225427922, "min": 33.62753088353202, "max": 33.65899937786162, "mean": 33.64326513069682, "std": 0.015734247164800763, "repeat": 2, "number": 2}]}, "casademo.flagdata_suite.time_flagdata_summary": {"result": [32.6802880296018], "stats": [{"ci_99": [-7.656047409167513, 73.01662346837108], "q_25": 32.276924675214104, "q_75": 33.08365138398949, "min": 31.87356132082641, "max": 33.487014738377184, "mean": 32.6802880296018, "std": 0.8067267087753862, "repeat": 2, "number": 2}]}, "casademo.tclean_memory_suite.peakmem_tclean_setweighting": 1960480768}, "params": {"arch": "x86_64", "cpu": "Intel(R) Xeon(R) CPU E5-1660 v4 @ 3.20GHz", "machine": "NRAO workstation", "num_cpu": "16", "os": "Linux 3.10.0-1160.15.2.el7.x86_64", "ram": "32GB", "python": "3.6", "pip+casatools": "6.2.0", "pip+casatasks": "6.2.0"}, "requirements": {"pip+casatools": "6.2.0", "pip+casatasks": "6.2.0"}, "commit_hash": "dec3815a00d20722964a2d75584bc5d25fa7bdb9", "date": 1613736845000, "env_name": "virtualenv-py3.6-pip+casatasks6.2.0.92-pip+casatools6.2.0.92", "python": "3.6", "profiles": {}, "started_at": {"casademo.calibration_suite.time_applycal_callib": 1629853113119, "casademo.calibration_suite.time_bandpass": 1629853188608, "casademo.calibration_suite.time_gaincal": 1629853266834, "casademo.flagdata_suite.time_flagdata_bandpassflag": 1629853389738, "casademo.flagdata_suite.time_flagdata_list": 1629853452117, "casademo.flagdata_suite.time_flagdata_list_summary": 1629853713451, "casademo.flagdata_suite.time_flagdata_summary": 1629853780805, "casademo.tclean_memory_suite.peakmem_tclean_setweighting": 1629853847809}, "ended_at": {"casademo.calibration_suite.time_applycal_callib": 1629853188608, "casademo.calibration_suite.time_bandpass": 1629853266834, "casademo.calibration_suite.time_gaincal": 1629853389735, "casademo.flagdata_suite.time_flagdata_bandpassflag": 1629853452117, "casademo.flagdata_suite.time_flagdata_list": 1629853713450, "casademo.flagdata_suite.time_flagdata_list_summary": 1629853780805, "casademo.flagdata_suite.time_flagdata_summary": 1629853847808, "casademo.tclean_memory_suite.peakmem_tclean_setweighting": 1629854013768}, "benchmark_version": {"casademo.calibration_suite.time_applycal_callib": "1f6437b2270507d06f2c91c35b12dce1187d02851c4b0d0c872bbcfda3e5c4f6", "casademo.calibration_suite.time_bandpass": "a69d32cd1360ece09039f1051989506a7673f5a708021e87c81e0936374d64ce", "casademo.calibration_suite.time_gaincal": "70a393fa53b72183c406b9cc585dca7828b9b8d585b8077a80e0946ee81ebeb0", "casademo.flagdata_suite.time_flagdata_bandpassflag": "6bc01de4a73ffea44f2190b51350292cc1e1256989be0f26cc4ec77341df934a", "casademo.flagdata_suite.time_flagdata_list": "f4d15370d3c2c0c746d0c9c28b87ee190865ebfa9e210cc5773201bea0df7bf9", "casademo.flagdata_suite.time_flagdata_list_summary": "58e4c1cc3e1c3c5f723c910c861bad52078405a7026f0321526fad1a15b04ee3", "casademo.flagdata_suite.time_flagdata_summary": "7d302987a4e4e75e43325fd83f2c968688e4b8a56a6476db46a4fcc0bc003e95", "casademo.tclean_memory_suite.peakmem_tclean_setweighting": "3fb5214d1e8e5bf8170efbe8114cd88b0e1e51db87c955bc588eb95ba91e4f71"}, "version": 1}
