{"results": {"casademo.calibration_suite.time_applycal_callib": {"result": [29.375399134121835], "stats": [{"ci_99": [-101.65564865153283, 160.40644691977639], "q_25": 28.06508865626529, "q_75": 30.685709611978382, "min": 26.754778178408742, "max": 31.99602008983493, "mean": 29.375399134121835, "std": 2.6206209557130933, "repeat": 2, "number": 2}]}, "casademo.calibration_suite.time_bandpass": {"result": [32.505692740902305], "stats": [{"ci_99": [-356.02326722443104, 421.0346527062353], "q_25": 28.62040314124897, "q_75": 36.39098234055564, "min": 24.735113541595638, "max": 40.27627194020897, "mean": 32.505692740902305, "std": 7.770579199306667, "repeat": 2, "number": 2}]}, "casademo.calibration_suite.time_gaincal": {"result": [48.537370985839516], "stats": [{"ci_99": [15.568640809040517, 81.50610116263849], "q_25": 48.207683684071526, "q_75": 48.867058287607506, "min": 47.877996382303536, "max": 49.196745589375496, "mean": 48.537370985839516, "std": 0.65937460353598, "repeat": 2, "number": 2}]}, "casademo.flagdata_suite.time_flagdata_bandpassflag": {"result": [9.081132198218256], "stats": [{"ci_99": [4.653622466605157, 13.508641929831352], "q_25": 9.036857100902125, "q_75": 9.125407295534387, "min": 8.992582003585994, "max": 9.169682392850518, "mean": 9.081132198218256, "std": 0.08855019463226199, "repeat": 2, "number": 2}]}, "casademo.flagdata_suite.time_flagdata_list": {"result": [111.73468390386552], "stats": [{"ci_99": [108.67289374489337, 114.79647406283766], "q_25": 111.7040660022758, "q_75": 111.76530180545524, "min": 111.67344810068607, "max": 111.79591970704496, "mean": 111.73468390386552, "std": 0.06123580317944288, "repeat": 2, "number": 2}]}, "casademo.flagdata_suite.time_flagdata_list_summary": {"result": [11.798895011655986], "stats": [{"ci_99": [11.446096097119153, 12.15169392619282], "q_25": 11.795367022510618, "q_75": 11.802423000801355, "min": 11.79183903336525, "max": 11.805950989946723, "mean": 11.798895011655986, "std": 0.007055978290736675, "repeat": 2, "number": 2}]}, "casademo.flagdata_suite.time_flagdata_summary": {"result": [11.566031985916197], "stats": [{"ci_99": [11.163601168431342, 11.968462803401053], "q_25": 11.562007677741349, "q_75": 11.570056294091046, "min": 11.5579833695665, "max": 11.574080602265894, "mean": 11.566031985916197, "std": 0.008048616349697113, "repeat": 2, "number": 2}]}, "casademo.tclean_memory_suite.peakmem_tclean_setweighting": 1961050112, "casademo.tclean_memory_suite.track_tclean_file_descriptors_cubemode_mosaic_briggs": 128}, "params": {"arch": "x86_64", "cpu": "Intel(R) Xeon(R) CPU E5-1660 v4 @ 3.20GHz", "machine": "NRAO workstation", "num_cpu": "16", "os": "Linux 3.10.0-1160.15.2.el7.x86_64", "ram": "32GB", "python": "3.6", "pip+casatasks": "trunk"}, "requirements": {"pip+casatasks": "trunk"}, "commit_hash": "df593485e744e0c3050a048f615cc4b7e5934646", "date": 1632395710000, "env_name": "virtualenv-py3.6-pip+casatasks-trunk", "python": "3.6", "profiles": {}, "started_at": {"casademo.calibration_suite.time_applycal_callib": 1637173584185, "casademo.calibration_suite.time_bandpass": 1637173662332, "casademo.calibration_suite.time_gaincal": 1637173739341, "casademo.flagdata_suite.time_flagdata_bandpassflag": 1637173862849, "casademo.flagdata_suite.time_flagdata_list": 1637173880892, "casademo.flagdata_suite.time_flagdata_list_summary": 1637174104293, "casademo.flagdata_suite.time_flagdata_summary": 1637174127940, "casademo.tclean_memory_suite.peakmem_tclean_setweighting": 1637174151147, "casademo.tclean_memory_suite.track_tclean_file_descriptors_cubemode_mosaic_briggs": 1637174324142}, "ended_at": {"casademo.calibration_suite.time_applycal_callib": 1637173662331, "casademo.calibration_suite.time_bandpass": 1637173739341, "casademo.calibration_suite.time_gaincal": 1637173862845, "casademo.flagdata_suite.time_flagdata_bandpassflag": 1637173880891, "casademo.flagdata_suite.time_flagdata_list": 1637174104293, "casademo.flagdata_suite.time_flagdata_list_summary": 1637174127940, "casademo.flagdata_suite.time_flagdata_summary": 1637174151146, "casademo.tclean_memory_suite.peakmem_tclean_setweighting": 1637174324141, "casademo.tclean_memory_suite.track_tclean_file_descriptors_cubemode_mosaic_briggs": 1637174494124}, "benchmark_version": {"casademo.calibration_suite.time_applycal_callib": "9ef394762fe7135f58c94c0e46a655fae93e7d107904ceff94d228f23b89a589", "casademo.calibration_suite.time_bandpass": "f706aa044f6bc64b915996b7bdd6bc5666cae0eb7c47ff9a70b5bced6c9fbd0c", "casademo.calibration_suite.time_gaincal": "56f8a9022caccdafe4240fb9a2766b2d5d56cc1c784bd724822d3b040f5b5309", "casademo.flagdata_suite.time_flagdata_bandpassflag": "f55e0ffa6be9d655555c5081a0e7bf2bc00b253273ba7c220de0bd2cfb3baf6c", "casademo.flagdata_suite.time_flagdata_list": "1a40b66ffb4a43d48af3407bae817ed4f7667fe778880859384f5f2e7c9c5d1f", "casademo.flagdata_suite.time_flagdata_list_summary": "3eb284062687484026a1defb4fceb705e83b244e37405f8794d431940ff44b08", "casademo.flagdata_suite.time_flagdata_summary": "9e569fb4e2a2f68e59c510bbf889632173be867104a4e5ba5a98d0eb110e82fb", "casademo.tclean_memory_suite.peakmem_tclean_setweighting": "c89589301c2c884b40375d00ec2f343d5ebdc195afbfc70ae2f149be692e8187", "casademo.tclean_memory_suite.track_tclean_file_descriptors_cubemode_mosaic_briggs": "e3aeb6edf33f78d2db6d58dfc61576924a9768f7a205164fcd839666bde1ae63"}, "version": 1}
