{"results": {"casademo.tclean_memory_suite.peakmem_tclean_setweighting": 2154668032, "casademo.calibration_suite.time_applycal_callib": {"result": [48.479923106962815], "stats": [{"ci_99": [-47.84520231024362, 144.80504852416917], "q_25": 47.51667185279075, "q_75": 49.44317436113488, "min": 46.553420598618686, "max": 50.406425615306944, "mean": 48.479923106962815, "std": 1.9265025083441287, "repeat": 2, "number": 2}]}, "casademo.calibration_suite.time_gaincal": {"result": [50.01129381498322], "stats": [{"ci_99": [39.89498942764476, 60.12759820232167], "q_25": 49.910130771109834, "q_75": 50.1124568588566, "min": 49.80896772723645, "max": 50.21361990272999, "mean": 50.01129381498322, "std": 0.2023260877467692, "repeat": 2, "number": 2}]}, "casademo.flagdata_suite.time_flagdata_bandpassflag": {"result": [31.331706451252103], "stats": [{"ci_99": [30.237439283169806, 32.4259736193344], "q_25": 31.32076377957128, "q_75": 31.342649122932926, "min": 31.309821107890457, "max": 31.35359179461375, "mean": 31.331706451252103, "std": 0.021885343361645937, "repeat": 2, "number": 2}]}, "casademo.flagdata_suite.time_flagdata_list": {"result": [133.65181382209994], "stats": [{"ci_99": [98.34360807831399, 168.96001956588586], "q_25": 133.29873176466208, "q_75": 134.0048958795378, "min": 132.94564970722422, "max": 134.35797793697566, "mean": 133.65181382209994, "std": 0.706164114875719, "repeat": 2, "number": 2}]}, "casademo.flagdata_suite.time_flagdata_list_summary": {"result": [33.63710538879968], "stats": [{"ci_99": [12.893215130781755, 54.380995646817595], "q_25": 33.4296664862195, "q_75": 33.84454429137986, "min": 33.222227583639324, "max": 34.05198319396004, "mean": 33.63710538879968, "std": 0.41487780516035855, "repeat": 2, "number": 2}]}, "casademo.flagdata_suite.time_flagdata_summary": {"result": [32.9010171208065], "stats": [{"ci_99": [-4.340075843734667, 70.14211008534764], "q_25": 32.52860619116109, "q_75": 33.27342805045191, "min": 32.15619526151568, "max": 33.645838980097324, "mean": 32.9010171208065, "std": 0.7448218592908233, "repeat": 2, "number": 2}]}, "casademo.calibration_suite.time_bandpass": {"result": [47.89621535385959], "stats": [{"ci_99": [-22.75825964822434, 118.55069035594346], "q_25": 47.18967060383875, "q_75": 48.60276010388043, "min": 46.48312585381791, "max": 49.30930485390127, "mean": 47.89621535385959, "std": 1.4130895000416785, "repeat": 2, "number": 2}]}}, "params": {"arch": "x86_64", "cpu": "Intel(R) Xeon(R) CPU E5-1660 v4 @ 3.20GHz", "machine": "NRAO workstation", "num_cpu": "16", "os": "Linux 3.10.0-1160.15.2.el7.x86_64", "ram": "32GB", "python": "3.6", "pip+casatools": "6.3.0", "pip+casatasks": "6.3.0"}, "requirements": {"pip+casatools": "6.3.0", "pip+casatasks": "6.3.0"}, "commit_hash": "e0a9897223bc2a3efe23364275a306e82fa260fe", "date": 1620147636000, "env_name": "virtualenv-py3.6-pip+casatasks6.3.0.2-pip+casatools6.3.0.2", "python": "3.6", "profiles": {}, "started_at": {"casademo.tclean_memory_suite.peakmem_tclean_setweighting": 1630075748369, "casademo.calibration_suite.time_applycal_callib": 1630074910387, "casademo.calibration_suite.time_gaincal": 1630075160294, "casademo.flagdata_suite.time_flagdata_bandpassflag": 1630075284103, "casademo.flagdata_suite.time_flagdata_list": 1630075346869, "casademo.flagdata_suite.time_flagdata_list_summary": 1630075612841, "casademo.flagdata_suite.time_flagdata_summary": 1630075681016, "casademo.calibration_suite.time_bandpass": 1630075037645}, "ended_at": {"casademo.tclean_memory_suite.peakmem_tclean_setweighting": 1630075933802, "casademo.calibration_suite.time_applycal_callib": 1630075037644, "casademo.calibration_suite.time_gaincal": 1630075284096, "casademo.flagdata_suite.time_flagdata_bandpassflag": 1630075346868, "casademo.flagdata_suite.time_flagdata_list": 1630075612841, "casademo.flagdata_suite.time_flagdata_list_summary": 1630075681016, "casademo.flagdata_suite.time_flagdata_summary": 1630075748368, "casademo.calibration_suite.time_bandpass": 1630075160293}, "benchmark_version": {"casademo.tclean_memory_suite.peakmem_tclean_setweighting": "3fb5214d1e8e5bf8170efbe8114cd88b0e1e51db87c955bc588eb95ba91e4f71", "casademo.calibration_suite.time_applycal_callib": "1f6437b2270507d06f2c91c35b12dce1187d02851c4b0d0c872bbcfda3e5c4f6", "casademo.calibration_suite.time_gaincal": "70a393fa53b72183c406b9cc585dca7828b9b8d585b8077a80e0946ee81ebeb0", "casademo.flagdata_suite.time_flagdata_bandpassflag": "6bc01de4a73ffea44f2190b51350292cc1e1256989be0f26cc4ec77341df934a", "casademo.flagdata_suite.time_flagdata_list": "f4d15370d3c2c0c746d0c9c28b87ee190865ebfa9e210cc5773201bea0df7bf9", "casademo.flagdata_suite.time_flagdata_list_summary": "58e4c1cc3e1c3c5f723c910c861bad52078405a7026f0321526fad1a15b04ee3", "casademo.flagdata_suite.time_flagdata_summary": "7d302987a4e4e75e43325fd83f2c968688e4b8a56a6476db46a4fcc0bc003e95", "casademo.calibration_suite.time_bandpass": "a69d32cd1360ece09039f1051989506a7673f5a708021e87c81e0936374d64ce"}, "version": 1}
