{"results": {"casademo.tclean_memory_suite.peakmem_tclean_setweighting": 1978224640, "casademo.calibration_suite.time_applycal_callib": {"result": [40.27776792412624], "stats": [{"ci_99": [-603.5211484436877, 684.0766842919396], "q_25": 33.8397787604481, "q_75": 46.71575708780438, "min": 27.40178959676996, "max": 53.15374625148252, "mean": 40.27776792412624, "std": 12.875978327356279, "repeat": 2, "number": 2}]}, "casademo.calibration_suite.time_bandpass": {"result": [25.665198841365054], "stats": [{"ci_99": [8.19611738412641, 43.134280298603684], "q_25": 25.490508026792668, "q_75": 25.83988965593744, "min": 25.31581721222028, "max": 26.014580470509827, "mean": 25.665198841365054, "std": 0.3493816291447729, "repeat": 2, "number": 2}]}, "casademo.calibration_suite.time_gaincal": {"result": [50.2649160339497], "stats": [{"ci_99": [39.40678008412942, 61.123051983769976], "q_25": 50.1563346744515, "q_75": 50.373497393447906, "min": 50.0477533149533, "max": 50.48207875294611, "mean": 50.2649160339497, "std": 0.2171627189964056, "repeat": 2, "number": 2}]}, "casademo.flagdata_suite.time_flagdata_bandpassflag": {"result": [6.437235339777544], "stats": [{"ci_99": [5.594234310789034, 7.280236368766054], "q_25": 6.428805329487659, "q_75": 6.445665350067429, "min": 6.420375319197774, "max": 6.454095360357314, "mean": 6.437235339777544, "std": 0.016860020579770207, "repeat": 2, "number": 2}]}, "casademo.flagdata_suite.time_flagdata_list": {"result": [115.04428879497573], "stats": [{"ci_99": [58.13333652121946, 171.95524106873194], "q_25": 114.47517927223817, "q_75": 115.61339831771329, "min": 113.9060697495006, "max": 116.18250784045085, "mean": 115.04428879497573, "std": 1.1382190454751253, "repeat": 2, "number": 2}]}, "casademo.flagdata_suite.time_flagdata_list_summary": {"result": [8.653834742261097], "stats": [{"ci_99": [8.310758986743167, 8.996910497779027], "q_25": 8.650403984705918, "q_75": 8.657265499816276, "min": 8.646973227150738, "max": 8.660696257371455, "mean": 8.653834742261097, "std": 0.006861515110358596, "repeat": 2, "number": 2}]}, "casademo.flagdata_suite.time_flagdata_summary": {"result": [8.397652956657112], "stats": [{"ci_99": [8.160912178456783, 8.63439373485744], "q_25": 8.395285548875108, "q_75": 8.400020364439115, "min": 8.392918141093105, "max": 8.402387772221118, "mean": 8.397652956657112, "std": 0.004734815564006567, "repeat": 2, "number": 2}]}}, "params": {"arch": "x86_64", "cpu": "Intel(R) Xeon(R) CPU E5-1660 v4 @ 3.20GHz", "machine": "NRAO workstation", "num_cpu": "16", "os": "Linux 3.10.0-1160.15.2.el7.x86_64", "ram": "32GB", "python": "3.6", "pip+casatools": "trunk", "pip+casatasks": "trunk"}, "requirements": {"pip+casatools": "trunk", "pip+casatasks": "trunk"}, "commit_hash": "e40d0b393fec6bfdb9c119a121db74dabc37d374", "date": 1595352214000, "env_name": "virtualenv-py3.6-pip+casatasks-trunk-pip+casatools-trunk", "python": "3.6", "profiles": {}, "started_at": {"casademo.tclean_memory_suite.peakmem_tclean_setweighting": 1629922421613, "casademo.calibration_suite.time_applycal_callib": 1629921849519, "casademo.calibration_suite.time_bandpass": 1629921927264, "casademo.calibration_suite.time_gaincal": 1629922018721, "casademo.flagdata_suite.time_flagdata_bandpassflag": 1629922141977, "casademo.flagdata_suite.time_flagdata_list": 1629922154961, "casademo.flagdata_suite.time_flagdata_list_summary": 1629922387377, "casademo.flagdata_suite.time_flagdata_summary": 1629922404770}, "ended_at": {"casademo.tclean_memory_suite.peakmem_tclean_setweighting": 1629922719697, "casademo.calibration_suite.time_applycal_callib": 1629921927264, "casademo.calibration_suite.time_bandpass": 1629922018720, "casademo.calibration_suite.time_gaincal": 1629922141971, "casademo.flagdata_suite.time_flagdata_bandpassflag": 1629922154961, "casademo.flagdata_suite.time_flagdata_list": 1629922387376, "casademo.flagdata_suite.time_flagdata_list_summary": 1629922404770, "casademo.flagdata_suite.time_flagdata_summary": 1629922421612}, "benchmark_version": {"casademo.calibration_suite.time_applycal_callib": "9ef394762fe7135f58c94c0e46a655fae93e7d107904ceff94d228f23b89a589", "casademo.calibration_suite.time_bandpass": "f706aa044f6bc64b915996b7bdd6bc5666cae0eb7c47ff9a70b5bced6c9fbd0c", "casademo.calibration_suite.time_gaincal": "56f8a9022caccdafe4240fb9a2766b2d5d56cc1c784bd724822d3b040f5b5309", "casademo.flagdata_suite.time_flagdata_bandpassflag": "f55e0ffa6be9d655555c5081a0e7bf2bc00b253273ba7c220de0bd2cfb3baf6c", "casademo.flagdata_suite.time_flagdata_list": "1a40b66ffb4a43d48af3407bae817ed4f7667fe778880859384f5f2e7c9c5d1f", "casademo.flagdata_suite.time_flagdata_list_summary": "3eb284062687484026a1defb4fceb705e83b244e37405f8794d431940ff44b08", "casademo.flagdata_suite.time_flagdata_summary": "9e569fb4e2a2f68e59c510bbf889632173be867104a4e5ba5a98d0eb110e82fb", "casademo.tclean_memory_suite.peakmem_tclean_setweighting": "b08240b9d9211ba7e2ce323aae697e4b25deb8a6db4c5e2e48519cedc4707769"}, "version": 1}
