{"results": {"casademo.calibration_suite.time_applycal_callib": {"result": [26.279744741739705], "stats": [{"ci_99": [-9.450558022828773, 62.010047506308155], "q_25": 25.92244171409402, "q_75": 26.63704776938539, "min": 25.565138686448336, "max": 26.994350797031075, "mean": 26.279744741739705, "std": 0.7146060552913696, "repeat": 2, "number": 2}]}, "casademo.calibration_suite.time_bandpass": {"result": [24.89419611194171], "stats": [{"ci_99": [1.3827999148052186, 48.40559230907818], "q_25": 24.659082149970345, "q_75": 25.129310073913075, "min": 24.42396818799898, "max": 25.36442403588444, "mean": 24.89419611194171, "std": 0.47022792394272983, "repeat": 2, "number": 2}]}, "casademo.calibration_suite.time_gaincal": {"result": [50.03157628234476], "stats": [{"ci_99": [44.62121916003525, 55.44193340465426], "q_25": 49.97747271112166, "q_75": 50.085679853567854, "min": 49.92336913989857, "max": 50.13978342479095, "mean": 50.03157628234476, "std": 0.10820714244619012, "repeat": 2, "number": 2}]}, "casademo.flagdata_suite.time_flagdata_bandpassflag": {"result": [31.331567762885243], "stats": [{"ci_99": [27.709626679774374, 34.95350884599611], "q_25": 31.295348352054134, "q_75": 31.36778717371635, "min": 31.259128941223025, "max": 31.40400658454746, "mean": 31.331567762885243, "std": 0.07243882166221738, "repeat": 2, "number": 2}]}, "casademo.flagdata_suite.time_flagdata_list": {"result": [132.9266538429074], "stats": [{"ci_99": [130.84972624713555, 135.00358143867925], "q_25": 132.90588456694968, "q_75": 132.94742311886512, "min": 132.88511529099196, "max": 132.96819239482284, "mean": 132.9266538429074, "std": 0.04153855191543698, "repeat": 2, "number": 2}]}, "casademo.flagdata_suite.time_flagdata_list_summary": {"result": [33.6238525910303], "stats": [{"ci_99": [13.321398348547518, 53.92630683351307], "q_25": 33.42082804860547, "q_75": 33.82687713345513, "min": 33.217803506180644, "max": 34.029901675879955, "mean": 33.6238525910303, "std": 0.40604908484965563, "repeat": 2, "number": 2}]}, "casademo.flagdata_suite.time_flagdata_summary": {"result": [32.943493412807584], "stats": [{"ci_99": [-4.486290196888149, 70.37327702250329], "q_25": 32.56919557671063, "q_75": 33.31779124890454, "min": 32.19489774061367, "max": 33.6920890850015, "mean": 32.943493412807584, "std": 0.7485956721939147, "repeat": 2, "number": 2}]}, "casademo.tclean_memory_suite.peakmem_tclean_setweighting": 2252218368}, "params": {"arch": "x86_64", "cpu": "Intel(R) Xeon(R) CPU E5-1660 v4 @ 3.20GHz", "machine": "NRAO workstation", "num_cpu": "16", "os": "Linux 3.10.0-1160.15.2.el7.x86_64", "ram": "32GB", "python": "3.6", "pip+casatools": "trunk", "pip+casatasks": "trunk"}, "requirements": {"pip+casatools": "trunk", "pip+casatasks": "trunk"}, "commit_hash": "e5173b50303afbc4f910be56c0ef8870f20705dc", "date": 1617911526000, "env_name": "virtualenv-py3.6-pip+casatasks-trunk-pip+casatools-trunk", "python": "3.6", "profiles": {}, "started_at": {"casademo.calibration_suite.time_applycal_callib": 1630236723373, "casademo.calibration_suite.time_bandpass": 1630236805979, "casademo.calibration_suite.time_gaincal": 1630236883875, "casademo.flagdata_suite.time_flagdata_bandpassflag": 1630237008439, "casademo.flagdata_suite.time_flagdata_list": 1630237071004, "casademo.flagdata_suite.time_flagdata_list_summary": 1630237336845, "casademo.flagdata_suite.time_flagdata_summary": 1630237403347, "casademo.tclean_memory_suite.peakmem_tclean_setweighting": 1630237467796}, "ended_at": {"casademo.calibration_suite.time_applycal_callib": 1630236805978, "casademo.calibration_suite.time_bandpass": 1630236883875, "casademo.calibration_suite.time_gaincal": 1630237008434, "casademo.flagdata_suite.time_flagdata_bandpassflag": 1630237071003, "casademo.flagdata_suite.time_flagdata_list": 1630237336844, "casademo.flagdata_suite.time_flagdata_list_summary": 1630237403347, "casademo.flagdata_suite.time_flagdata_summary": 1630237467795, "casademo.tclean_memory_suite.peakmem_tclean_setweighting": 1630237648672}, "benchmark_version": {"casademo.calibration_suite.time_applycal_callib": "9ef394762fe7135f58c94c0e46a655fae93e7d107904ceff94d228f23b89a589", "casademo.calibration_suite.time_bandpass": "f706aa044f6bc64b915996b7bdd6bc5666cae0eb7c47ff9a70b5bced6c9fbd0c", "casademo.calibration_suite.time_gaincal": "56f8a9022caccdafe4240fb9a2766b2d5d56cc1c784bd724822d3b040f5b5309", "casademo.flagdata_suite.time_flagdata_bandpassflag": "f55e0ffa6be9d655555c5081a0e7bf2bc00b253273ba7c220de0bd2cfb3baf6c", "casademo.flagdata_suite.time_flagdata_list": "1a40b66ffb4a43d48af3407bae817ed4f7667fe778880859384f5f2e7c9c5d1f", "casademo.flagdata_suite.time_flagdata_list_summary": "3eb284062687484026a1defb4fceb705e83b244e37405f8794d431940ff44b08", "casademo.flagdata_suite.time_flagdata_summary": "9e569fb4e2a2f68e59c510bbf889632173be867104a4e5ba5a98d0eb110e82fb", "casademo.tclean_memory_suite.peakmem_tclean_setweighting": "b08240b9d9211ba7e2ce323aae697e4b25deb8a6db4c5e2e48519cedc4707769"}, "version": 1}
