{"results": {"casademo.tclean_memory_suite.peakmem_tclean_setweighting": 1978204160, "casademo.calibration_suite.time_applycal_callib": {"result": [25.953785330988467], "stats": [{"ci_99": [-41.693145571276546, 93.60071623325342], "q_25": 25.277316021965817, "q_75": 26.630254640011117, "min": 24.600846712943166, "max": 27.306723949033767, "mean": 25.953785330988467, "std": 1.3529386180453002, "repeat": 2, "number": 2}]}, "casademo.calibration_suite.time_bandpass": {"result": [28.831096523674205], "stats": [{"ci_99": [-188.7780227868352, 246.44021583418342], "q_25": 26.65500533056911, "q_75": 31.0071877167793, "min": 24.478914137464017, "max": 33.18327890988439, "mean": 28.831096523674205, "std": 4.352182386210188, "repeat": 2, "number": 2}]}, "casademo.calibration_suite.time_gaincal": {"result": [49.898729868233204], "stats": [{"ci_99": [49.34433982614428, 50.45311991032213], "q_25": 49.893185967812315, "q_75": 49.90427376865409, "min": 49.887642067391425, "max": 49.90981766907498, "mean": 49.898729868233204, "std": 0.011087800841778517, "repeat": 2, "number": 2}]}, "casademo.flagdata_suite.time_flagdata_bandpassflag": {"result": [6.449666972737759], "stats": [{"ci_99": [5.72022768156603, 7.179106263909488], "q_25": 6.442372579826042, "q_75": 6.456961365649477, "min": 6.435078186914325, "max": 6.464255758561194, "mean": 6.449666972737759, "std": 0.014588785823434591, "repeat": 2, "number": 2}]}, "casademo.flagdata_suite.time_flagdata_list": {"result": [116.5961601389572], "stats": [{"ci_99": [116.48789165448397, 116.70442862343043], "q_25": 116.59507745411247, "q_75": 116.59724282380193, "min": 116.59399476926774, "max": 116.59832550864667, "mean": 116.5961601389572, "std": 0.002165369689464569, "repeat": 2, "number": 2}]}, "casademo.flagdata_suite.time_flagdata_list_summary": {"result": [8.594477939652279], "stats": [{"ci_99": [5.8713908835779876, 11.317564995726569], "q_25": 8.567247069091536, "q_75": 8.621708810213022, "min": 8.540016198530793, "max": 8.648939680773765, "mean": 8.594477939652279, "std": 0.05446174112148583, "repeat": 2, "number": 2}]}, "casademo.flagdata_suite.time_flagdata_summary": {"result": [8.31613328657113], "stats": [{"ci_99": [7.250183551805094, 9.382083021337166], "q_25": 8.30547378922347, "q_75": 8.32679278391879, "min": 8.29481429187581, "max": 8.33745228126645, "mean": 8.31613328657113, "std": 0.021318994695320725, "repeat": 2, "number": 2}]}}, "params": {"arch": "x86_64", "cpu": "Intel(R) Xeon(R) CPU E5-1660 v4 @ 3.20GHz", "machine": "NRAO workstation", "num_cpu": "16", "os": "Linux 3.10.0-1160.15.2.el7.x86_64", "ram": "32GB", "python": "3.6", "pip+casatools": "6.1.1", "pip+casatasks": "6.1.1"}, "requirements": {"pip+casatools": "6.1.1", "pip+casatasks": "6.1.1"}, "commit_hash": "e605fc21706005b4c5dbf80cfb83da74e37a4ccb", "date": 1614785690000, "env_name": "virtualenv-py3.6-pip+casatasks6.1.1.15-pip+casatools6.1.1.15", "python": "3.6", "profiles": {}, "started_at": {"casademo.tclean_memory_suite.peakmem_tclean_setweighting": 1630525051688, "casademo.calibration_suite.time_applycal_callib": 1630524499273, "casademo.calibration_suite.time_bandpass": 1630524572857, "casademo.calibration_suite.time_gaincal": 1630524648348, "casademo.flagdata_suite.time_flagdata_bandpassflag": 1630524771610, "casademo.flagdata_suite.time_flagdata_list": 1630524784544, "casademo.flagdata_suite.time_flagdata_list_summary": 1630525017810, "casademo.flagdata_suite.time_flagdata_summary": 1630525034946}, "ended_at": {"casademo.tclean_memory_suite.peakmem_tclean_setweighting": 1630525351160, "casademo.calibration_suite.time_applycal_callib": 1630524572857, "casademo.calibration_suite.time_bandpass": 1630524648347, "casademo.calibration_suite.time_gaincal": 1630524771603, "casademo.flagdata_suite.time_flagdata_bandpassflag": 1630524784544, "casademo.flagdata_suite.time_flagdata_list": 1630525017810, "casademo.flagdata_suite.time_flagdata_list_summary": 1630525034945, "casademo.flagdata_suite.time_flagdata_summary": 1630525051687}, "benchmark_version": {"casademo.tclean_memory_suite.peakmem_tclean_setweighting": "b08240b9d9211ba7e2ce323aae697e4b25deb8a6db4c5e2e48519cedc4707769", "casademo.calibration_suite.time_applycal_callib": "9ef394762fe7135f58c94c0e46a655fae93e7d107904ceff94d228f23b89a589", "casademo.calibration_suite.time_bandpass": "f706aa044f6bc64b915996b7bdd6bc5666cae0eb7c47ff9a70b5bced6c9fbd0c", "casademo.calibration_suite.time_gaincal": "56f8a9022caccdafe4240fb9a2766b2d5d56cc1c784bd724822d3b040f5b5309", "casademo.flagdata_suite.time_flagdata_bandpassflag": "f55e0ffa6be9d655555c5081a0e7bf2bc00b253273ba7c220de0bd2cfb3baf6c", "casademo.flagdata_suite.time_flagdata_list": "1a40b66ffb4a43d48af3407bae817ed4f7667fe778880859384f5f2e7c9c5d1f", "casademo.flagdata_suite.time_flagdata_list_summary": "3eb284062687484026a1defb4fceb705e83b244e37405f8794d431940ff44b08", "casademo.flagdata_suite.time_flagdata_summary": "9e569fb4e2a2f68e59c510bbf889632173be867104a4e5ba5a98d0eb110e82fb"}, "version": 1}
