{"results": {"casademo.tclean_memory_suite.peakmem_tclean_setweighting": 2032779264, "casademo.calibration_suite.time_applycal_callib": {"result": [25.925905679818243], "stats": [{"ci_99": [5.986353665124625, 45.865457694511846], "q_25": 25.726510159671307, "q_75": 26.12530119996518, "min": 25.52711463952437, "max": 26.324696720112115, "mean": 25.925905679818243, "std": 0.39879104029387236, "repeat": 2, "number": 2}]}, "casademo.calibration_suite.time_bandpass": {"result": [24.36458902619779], "stats": [{"ci_99": [3.6558301066979766, 45.07334794569759], "q_25": 24.157501437002793, "q_75": 24.57167661539279, "min": 23.950413847807795, "max": 24.778764204587787, "mean": 24.36458902619779, "std": 0.4141751783899963, "repeat": 2, "number": 2}]}, "casademo.calibration_suite.time_gaincal": {"result": [50.55710202851333], "stats": [{"ci_99": [3.2853913127910346, 97.82881274423558], "q_25": 50.084384921356104, "q_75": 51.02981913567055, "min": 49.61166781419888, "max": 51.50253624282777, "mean": 50.55710202851333, "std": 0.9454342143144459, "repeat": 2, "number": 2}]}, "casademo.flagdata_suite.time_flagdata_bandpassflag": {"result": [31.050113128265366], "stats": [{"ci_99": [28.2769427804742, 33.82328347605653], "q_25": 31.022381424787454, "q_75": 31.077844831743278, "min": 30.994649721309543, "max": 31.10557653522119, "mean": 31.050113128265366, "std": 0.0554634069558233, "repeat": 2, "number": 2}]}, "casademo.flagdata_suite.time_flagdata_list": {"result": [133.86819302290678], "stats": [{"ci_99": [124.40048146713525, 143.3359045786783], "q_25": 133.77351590734906, "q_75": 133.9628701384645, "min": 133.67883879179135, "max": 134.0575472540222, "mean": 133.86819302290678, "std": 0.1893542311154306, "repeat": 2, "number": 2}]}, "casademo.flagdata_suite.time_flagdata_list_summary": {"result": [33.53893797076307], "stats": [{"ci_99": [13.263240637490526, 53.814635304035605], "q_25": 33.33618099743035, "q_75": 33.7416949440958, "min": 33.13342402409762, "max": 33.94445191742852, "mean": 33.53893797076307, "std": 0.40551394666545093, "repeat": 2, "number": 2}]}, "casademo.flagdata_suite.time_flagdata_summary": {"result": [32.86784206330776], "stats": [{"ci_99": [-4.936817462556064, 70.67250158917156], "q_25": 32.489795468049124, "q_75": 33.2458886585664, "min": 32.111748872790486, "max": 33.62393525382504, "mean": 32.86784206330776, "std": 0.7560931905172765, "repeat": 2, "number": 2}]}}, "params": {"arch": "x86_64", "cpu": "Intel(R) Xeon(R) CPU E5-1660 v4 @ 3.20GHz", "machine": "NRAO workstation", "num_cpu": "16", "os": "Linux 3.10.0-1160.15.2.el7.x86_64", "ram": "32GB", "python": "3.6", "pip+casatools": "6.2.0", "pip+casatasks": "6.2.0"}, "requirements": {"pip+casatools": "6.2.0", "pip+casatasks": "6.2.0"}, "commit_hash": "e670a9c8e3f0e37a08a40b7212d9327d83577986", "date": 1607364982000, "env_name": "virtualenv-py3.6-pip+casatasks6.2.0.57-pip+casatools6.2.0.57", "python": "3.6", "profiles": {}, "started_at": {"casademo.tclean_memory_suite.peakmem_tclean_setweighting": 1630014747435, "casademo.calibration_suite.time_applycal_callib": 1630014006396, "casademo.calibration_suite.time_bandpass": 1630014081434, "casademo.calibration_suite.time_gaincal": 1630014157074, "casademo.flagdata_suite.time_flagdata_bandpassflag": 1630014281935, "casademo.flagdata_suite.time_flagdata_list": 1630014343977, "casademo.flagdata_suite.time_flagdata_list_summary": 1630014612176, "casademo.flagdata_suite.time_flagdata_summary": 1630014680132}, "ended_at": {"casademo.tclean_memory_suite.peakmem_tclean_setweighting": 1630015338347, "casademo.calibration_suite.time_applycal_callib": 1630014081434, "casademo.calibration_suite.time_bandpass": 1630014157074, "casademo.calibration_suite.time_gaincal": 1630014281930, "casademo.flagdata_suite.time_flagdata_bandpassflag": 1630014343977, "casademo.flagdata_suite.time_flagdata_list": 1630014612176, "casademo.flagdata_suite.time_flagdata_list_summary": 1630014680131, "casademo.flagdata_suite.time_flagdata_summary": 1630014747435}, "benchmark_version": {"casademo.tclean_memory_suite.peakmem_tclean_setweighting": "3fb5214d1e8e5bf8170efbe8114cd88b0e1e51db87c955bc588eb95ba91e4f71", "casademo.calibration_suite.time_applycal_callib": "1f6437b2270507d06f2c91c35b12dce1187d02851c4b0d0c872bbcfda3e5c4f6", "casademo.calibration_suite.time_bandpass": "a69d32cd1360ece09039f1051989506a7673f5a708021e87c81e0936374d64ce", "casademo.calibration_suite.time_gaincal": "70a393fa53b72183c406b9cc585dca7828b9b8d585b8077a80e0946ee81ebeb0", "casademo.flagdata_suite.time_flagdata_bandpassflag": "6bc01de4a73ffea44f2190b51350292cc1e1256989be0f26cc4ec77341df934a", "casademo.flagdata_suite.time_flagdata_list": "f4d15370d3c2c0c746d0c9c28b87ee190865ebfa9e210cc5773201bea0df7bf9", "casademo.flagdata_suite.time_flagdata_list_summary": "58e4c1cc3e1c3c5f723c910c861bad52078405a7026f0321526fad1a15b04ee3", "casademo.flagdata_suite.time_flagdata_summary": "7d302987a4e4e75e43325fd83f2c968688e4b8a56a6476db46a4fcc0bc003e95"}, "version": 1}
