{"results": {"casademo.tclean_memory_suite.peakmem_tclean_setweighting": 2032779264, "casademo.calibration_suite.time_applycal_callib": {"result": [25.925905679818243], "stats": [{"ci_99": [5.986353665124625, 45.865457694511846], "q_25": 25.726510159671307, "q_75": 26.12530119996518, "min": 25.52711463952437, "max": 26.324696720112115, "mean": 25.925905679818243, "std": 0.39879104029387236, "repeat": 2, "number": 2}]}, "casademo.calibration_suite.time_bandpass": {"result": [24.36458902619779], "stats": [{"ci_99": [3.6558301066979766, 45.07334794569759], "q_25": 24.157501437002793, "q_75": 24.57167661539279, "min": 23.950413847807795, "max": 24.778764204587787, "mean": 24.36458902619779, "std": 0.4141751783899963, "repeat": 2, "number": 2}]}, "casademo.calibration_suite.time_gaincal": {"result": [50.55710202851333], "stats": [{"ci_99": [3.2853913127910346, 97.82881274423558], "q_25": 50.084384921356104, "q_75": 51.02981913567055, "min": 49.61166781419888, "max": 51.50253624282777, "mean": 50.55710202851333, "std": 0.9454342143144459, "repeat": 2, "number": 2}]}, "casademo.flagdata_suite.time_flagdata_bandpassflag": {"result": [31.050113128265366], "stats": [{"ci_99": [28.2769427804742, 33.82328347605653], "q_25": 31.022381424787454, "q_75": 31.077844831743278, "min": 30.994649721309543, "max": 31.10557653522119, "mean": 31.050113128265366, "std": 0.0554634069558233, "repeat": 2, "number": 2}]}, "casademo.flagdata_suite.time_flagdata_list": {"result": [133.86819302290678], "stats": [{"ci_99": [124.40048146713525, 143.3359045786783], "q_25": 133.77351590734906, "q_75": 133.9628701384645, "min": 133.67883879179135, "max": 134.0575472540222, "mean": 133.86819302290678, "std": 0.1893542311154306, "repeat": 2, "number": 2}]}, "casademo.flagdata_suite.time_flagdata_list_summary": {"result": [33.53893797076307], "stats": [{"ci_99": [13.263240637490526, 53.814635304035605], "q_25": 33.33618099743035, "q_75": 33.7416949440958, "min": 33.13342402409762, "max": 33.94445191742852, "mean": 33.53893797076307, "std": 0.40551394666545093, "repeat": 2, "number": 2}]}, "casademo.flagdata_suite.time_flagdata_summary": {"result": [32.86784206330776], "stats": [{"ci_99": [-4.936817462556064, 70.67250158917156], "q_25": 32.489795468049124, "q_75": 33.2458886585664, "min": 32.111748872790486, "max": 33.62393525382504, "mean": 32.86784206330776, "std": 0.7560931905172765, "repeat": 2, "number": 2}]}}, "params": {"arch": "x86_64", "cpu": "Intel(R) Xeon(R) CPU E5-1660 v4 @ 3.20GHz", "machine": "NRAO workstation", "num_cpu": "16", "os": "Linux 3.10.0-1160.15.2.el7.x86_64", "ram": "32GB", "python": "3.6", "pip+casatools": "trunk", "pip+casatasks": "trunk"}, "requirements": {"pip+casatools": "trunk", "pip+casatasks": "trunk"}, "commit_hash": "e670a9c8e3f0e37a08a40b7212d9327d83577986", "date": 1607364982000, "env_name": "virtualenv-py3.6-pip+casatasks-trunk-pip+casatools-trunk", "python": "3.6", "profiles": {}, "started_at": {"casademo.tclean_memory_suite.peakmem_tclean_setweighting": 1630014747435, "casademo.calibration_suite.time_applycal_callib": 1630014006396, "casademo.calibration_suite.time_bandpass": 1630014081434, "casademo.calibration_suite.time_gaincal": 1630014157074, "casademo.flagdata_suite.time_flagdata_bandpassflag": 1630014281935, "casademo.flagdata_suite.time_flagdata_list": 1630014343977, "casademo.flagdata_suite.time_flagdata_list_summary": 1630014612176, "casademo.flagdata_suite.time_flagdata_summary": 1630014680132}, "ended_at": {"casademo.tclean_memory_suite.peakmem_tclean_setweighting": 1630015338347, "casademo.calibration_suite.time_applycal_callib": 1630014081434, "casademo.calibration_suite.time_bandpass": 1630014157074, "casademo.calibration_suite.time_gaincal": 1630014281930, "casademo.flagdata_suite.time_flagdata_bandpassflag": 1630014343977, "casademo.flagdata_suite.time_flagdata_list": 1630014612176, "casademo.flagdata_suite.time_flagdata_list_summary": 1630014680131, "casademo.flagdata_suite.time_flagdata_summary": 1630014747435}, "benchmark_version": {"casademo.calibration_suite.time_applycal_callib": "9ef394762fe7135f58c94c0e46a655fae93e7d107904ceff94d228f23b89a589", "casademo.calibration_suite.time_bandpass": "f706aa044f6bc64b915996b7bdd6bc5666cae0eb7c47ff9a70b5bced6c9fbd0c", "casademo.calibration_suite.time_gaincal": "56f8a9022caccdafe4240fb9a2766b2d5d56cc1c784bd724822d3b040f5b5309", "casademo.flagdata_suite.time_flagdata_bandpassflag": "f55e0ffa6be9d655555c5081a0e7bf2bc00b253273ba7c220de0bd2cfb3baf6c", "casademo.flagdata_suite.time_flagdata_list": "1a40b66ffb4a43d48af3407bae817ed4f7667fe778880859384f5f2e7c9c5d1f", "casademo.flagdata_suite.time_flagdata_list_summary": "3eb284062687484026a1defb4fceb705e83b244e37405f8794d431940ff44b08", "casademo.flagdata_suite.time_flagdata_summary": "9e569fb4e2a2f68e59c510bbf889632173be867104a4e5ba5a98d0eb110e82fb", "casademo.tclean_memory_suite.peakmem_tclean_setweighting": "b08240b9d9211ba7e2ce323aae697e4b25deb8a6db4c5e2e48519cedc4707769"}, "version": 1}
