{"results": {"casademo.calibration_suite.time_applycal_callib": {"result": [26.024082793388516], "stats": [{"ci_99": [-5.950836486648768, 57.99900207342577], "q_25": 25.704333600588143, "q_75": 26.34383198618889, "min": 25.38458440778777, "max": 26.66358117898926, "mean": 26.024082793388516, "std": 0.6394983856007457, "repeat": 2, "number": 2}]}, "casademo.calibration_suite.time_bandpass": {"result": [37.45595277682878], "stats": [{"ci_99": [-605.3827834625263, 680.2946890161833], "q_25": 31.02756541443523, "q_75": 43.88434013922233, "min": 24.59917805204168, "max": 50.31272750161588, "mean": 37.45595277682878, "std": 12.856774724787101, "repeat": 2, "number": 2}]}, "casademo.calibration_suite.time_gaincal": {"result": [50.66271611652337], "stats": [{"ci_99": [48.22202790458687, 53.103404328459874], "q_25": 50.638309234404005, "q_75": 50.687122998642735, "min": 50.61390235228464, "max": 50.7115298807621, "mean": 50.66271611652337, "std": 0.04881376423873007, "repeat": 2, "number": 2}]}, "casademo.flagdata_suite.time_flagdata_bandpassflag": {"result": [31.83185974112712], "stats": [{"ci_99": [29.137358653591946, 34.52636082866229], "q_25": 31.804914730251767, "q_75": 31.85880475200247, "min": 31.777969719376415, "max": 31.885749762877822, "mean": 31.83185974112712, "std": 0.053890021750703454, "repeat": 2, "number": 2}]}, "casademo.flagdata_suite.time_flagdata_list": {"result": [134.122253137175], "stats": [{"ci_99": [131.61173804895952, 136.63276822539046], "q_25": 134.09714798629284, "q_75": 134.14735828805715, "min": 134.07204283541068, "max": 134.1724634389393, "mean": 134.122253137175, "std": 0.050210301764309406, "repeat": 2, "number": 2}]}, "casademo.flagdata_suite.time_flagdata_list_summary": {"result": [34.07562779891305], "stats": [{"ci_99": [14.857875960180536, 53.29337963764554], "q_25": 33.88345028052572, "q_75": 34.26780531730037, "min": 33.6912727621384, "max": 34.4599828356877, "mean": 34.07562779891305, "std": 0.3843550367746502, "repeat": 2, "number": 2}]}, "casademo.flagdata_suite.time_flagdata_summary": {"result": [34.243027810938656], "stats": [{"ci_99": [25.81108910124749, 42.674966520629816], "q_25": 34.158708423841745, "q_75": 34.32734719803557, "min": 34.07438903674483, "max": 34.41166658513248, "mean": 34.243027810938656, "std": 0.16863877419382334, "repeat": 2, "number": 2}]}, "casademo.tclean_memory_suite.peakmem_tclean_setweighting": 2154463232}, "params": {"arch": "x86_64", "cpu": "Intel(R) Xeon(R) CPU E5-1660 v4 @ 3.20GHz", "machine": "NRAO workstation", "num_cpu": "16", "os": "Linux 3.10.0-1160.15.2.el7.x86_64", "ram": "32GB", "python": "3.6", "pip+casatools": "trunk", "pip+casatasks": "trunk"}, "requirements": {"pip+casatools": "trunk", "pip+casatasks": "trunk"}, "commit_hash": "e768aa512119183d8e890aff3f3ae9f100169c79", "date": 1619555090000, "env_name": "virtualenv-py3.6-pip+casatasks-trunk-pip+casatools-trunk", "python": "3.6", "profiles": {}, "started_at": {"casademo.calibration_suite.time_applycal_callib": 1629934817761, "casademo.calibration_suite.time_bandpass": 1629934891847, "casademo.calibration_suite.time_gaincal": 1629935015754, "casademo.flagdata_suite.time_flagdata_bandpassflag": 1629935140217, "casademo.flagdata_suite.time_flagdata_list": 1629935203813, "casademo.flagdata_suite.time_flagdata_list_summary": 1629935472204, "casademo.flagdata_suite.time_flagdata_summary": 1629935539658, "casademo.tclean_memory_suite.peakmem_tclean_setweighting": 1629935608516}, "ended_at": {"casademo.calibration_suite.time_applycal_callib": 1629934891847, "casademo.calibration_suite.time_bandpass": 1629935015753, "casademo.calibration_suite.time_gaincal": 1629935140209, "casademo.flagdata_suite.time_flagdata_bandpassflag": 1629935203813, "casademo.flagdata_suite.time_flagdata_list": 1629935472203, "casademo.flagdata_suite.time_flagdata_list_summary": 1629935539657, "casademo.flagdata_suite.time_flagdata_summary": 1629935608516, "casademo.tclean_memory_suite.peakmem_tclean_setweighting": 1629935802658}, "benchmark_version": {"casademo.calibration_suite.time_applycal_callib": "9ef394762fe7135f58c94c0e46a655fae93e7d107904ceff94d228f23b89a589", "casademo.calibration_suite.time_bandpass": "f706aa044f6bc64b915996b7bdd6bc5666cae0eb7c47ff9a70b5bced6c9fbd0c", "casademo.calibration_suite.time_gaincal": "56f8a9022caccdafe4240fb9a2766b2d5d56cc1c784bd724822d3b040f5b5309", "casademo.flagdata_suite.time_flagdata_bandpassflag": "f55e0ffa6be9d655555c5081a0e7bf2bc00b253273ba7c220de0bd2cfb3baf6c", "casademo.flagdata_suite.time_flagdata_list": "1a40b66ffb4a43d48af3407bae817ed4f7667fe778880859384f5f2e7c9c5d1f", "casademo.flagdata_suite.time_flagdata_list_summary": "3eb284062687484026a1defb4fceb705e83b244e37405f8794d431940ff44b08", "casademo.flagdata_suite.time_flagdata_summary": "9e569fb4e2a2f68e59c510bbf889632173be867104a4e5ba5a98d0eb110e82fb", "casademo.tclean_memory_suite.peakmem_tclean_setweighting": "b08240b9d9211ba7e2ce323aae697e4b25deb8a6db4c5e2e48519cedc4707769"}, "version": 1}
