{"results": {"casademo.calibration_suite.time_applycal_callib": {"result": [37.86631227633916], "stats": [{"ci_99": [-436.3864125458058, 512.1190370984837], "q_25": 33.12378502811771, "q_75": 42.60883952456061, "min": 28.38125777989626, "max": 47.35136677278206, "mean": 37.86631227633916, "std": 9.485054496442899, "repeat": 2, "number": 2}]}, "casademo.calibration_suite.time_bandpass": {"result": [24.773203781573102], "stats": [{"ci_99": [17.455075217643753, 32.091332345502444], "q_25": 24.70002249593381, "q_75": 24.846385067212395, "min": 24.626841210294515, "max": 24.91956635285169, "mean": 24.773203781573102, "std": 0.14636257127858698, "repeat": 2, "number": 2}]}, "casademo.calibration_suite.time_gaincal": {"result": [50.39064259594306], "stats": [{"ci_99": [41.11420511594042, 59.6670800759457], "q_25": 50.29787822114304, "q_75": 50.48340697074309, "min": 50.20511384634301, "max": 50.576171345543116, "mean": 50.39064259594306, "std": 0.18552874960005283, "repeat": 2, "number": 2}]}, "casademo.flagdata_suite.time_flagdata_bandpassflag": {"result": [5.582601508125663], "stats": [{"ci_99": [3.566305340267718, 7.598897675983606], "q_25": 5.562438546447083, "q_75": 5.602764469804242, "min": 5.542275584768504, "max": 5.622927431482822, "mean": 5.582601508125663, "std": 0.0403259233571589, "repeat": 2, "number": 2}]}, "casademo.flagdata_suite.time_flagdata_list": {"result": [107.49696137732826], "stats": [{"ci_99": [104.69681000919081, 110.29711274546571], "q_25": 107.46895986364689, "q_75": 107.52496289100964, "min": 107.44095834996551, "max": 107.55296440469101, "mean": 107.49696137732826, "std": 0.05600302736274898, "repeat": 2, "number": 2}]}, "casademo.flagdata_suite.time_flagdata_list_summary": {"result": [7.8770013195462525], "stats": [{"ci_99": [6.213871240150183, 9.54013139894232], "q_25": 7.860370018752292, "q_75": 7.893632620340213, "min": 7.843738717958331, "max": 7.910263921134174, "mean": 7.8770013195462525, "std": 0.03326260158792138, "repeat": 2, "number": 2}]}, "casademo.flagdata_suite.time_flagdata_summary": {"result": [7.496818813262507], "stats": [{"ci_99": [-0.004235474159941077, 14.997873100684949], "q_25": 7.421808270388283, "q_75": 7.571829356136732, "min": 7.346797727514058, "max": 7.646839899010956, "mean": 7.496818813262507, "std": 0.15002108574844897, "repeat": 2, "number": 2}]}, "casademo.tclean_memory_suite.peakmem_tclean_setweighting": 1864994816}, "params": {"arch": "x86_64", "cpu": "Intel(R) Xeon(R) CPU E5-1660 v4 @ 3.20GHz", "machine": "NRAO workstation", "num_cpu": "16", "os": "Linux 3.10.0-1160.15.2.el7.x86_64", "ram": "32GB", "python": "3.6", "pip+casatools": "trunk", "pip+casatasks": "trunk"}, "requirements": {"pip+casatools": "trunk", "pip+casatasks": "trunk"}, "commit_hash": "e7f09171efc994027e67e18e919e4ea63002c9cd", "date": 1602682058000, "env_name": "virtualenv-py3.6-pip+casatasks-trunk-pip+casatools-trunk", "python": "3.6", "profiles": {}, "started_at": {"casademo.calibration_suite.time_applycal_callib": 1630425326214, "casademo.calibration_suite.time_bandpass": 1630425407013, "casademo.calibration_suite.time_gaincal": 1630425481600, "casademo.flagdata_suite.time_flagdata_bandpassflag": 1630425605462, "casademo.flagdata_suite.time_flagdata_list": 1630425616593, "casademo.flagdata_suite.time_flagdata_list_summary": 1630425831523, "casademo.flagdata_suite.time_flagdata_summary": 1630425847264, "casademo.tclean_memory_suite.peakmem_tclean_setweighting": 1630425862002}, "ended_at": {"casademo.calibration_suite.time_applycal_callib": 1630425407012, "casademo.calibration_suite.time_bandpass": 1630425481600, "casademo.calibration_suite.time_gaincal": 1630425605458, "casademo.flagdata_suite.time_flagdata_bandpassflag": 1630425616592, "casademo.flagdata_suite.time_flagdata_list": 1630425831523, "casademo.flagdata_suite.time_flagdata_list_summary": 1630425847263, "casademo.flagdata_suite.time_flagdata_summary": 1630425862001, "casademo.tclean_memory_suite.peakmem_tclean_setweighting": 1630426157723}, "benchmark_version": {"casademo.calibration_suite.time_applycal_callib": "9ef394762fe7135f58c94c0e46a655fae93e7d107904ceff94d228f23b89a589", "casademo.calibration_suite.time_bandpass": "f706aa044f6bc64b915996b7bdd6bc5666cae0eb7c47ff9a70b5bced6c9fbd0c", "casademo.calibration_suite.time_gaincal": "56f8a9022caccdafe4240fb9a2766b2d5d56cc1c784bd724822d3b040f5b5309", "casademo.flagdata_suite.time_flagdata_bandpassflag": "f55e0ffa6be9d655555c5081a0e7bf2bc00b253273ba7c220de0bd2cfb3baf6c", "casademo.flagdata_suite.time_flagdata_list": "1a40b66ffb4a43d48af3407bae817ed4f7667fe778880859384f5f2e7c9c5d1f", "casademo.flagdata_suite.time_flagdata_list_summary": "3eb284062687484026a1defb4fceb705e83b244e37405f8794d431940ff44b08", "casademo.flagdata_suite.time_flagdata_summary": "9e569fb4e2a2f68e59c510bbf889632173be867104a4e5ba5a98d0eb110e82fb", "casademo.tclean_memory_suite.peakmem_tclean_setweighting": "b08240b9d9211ba7e2ce323aae697e4b25deb8a6db4c5e2e48519cedc4707769"}, "version": 1}
