{"results": {"casademo.calibration_suite.time_applycal_callib": {"result": [52.217497256817296], "stats": [{"ci_99": [-29.74552690354176, 134.1805214171763], "q_25": 51.397867015213706, "q_75": 53.03712749842089, "min": 50.578236773610115, "max": 53.85675774002448, "mean": 52.217497256817296, "std": 1.639260483207181, "repeat": 2, "number": 2}]}, "casademo.calibration_suite.time_bandpass": {"result": [24.997050209436566], "stats": [{"ci_99": [7.484861148055643, 42.509239270817474], "q_25": 24.821928318822756, "q_75": 25.172172100050375, "min": 24.646806428208947, "max": 25.347293990664184, "mean": 24.997050209436566, "std": 0.35024378122761846, "repeat": 2, "number": 2}]}, "casademo.calibration_suite.time_gaincal": {"result": [50.73687831941061], "stats": [{"ci_99": [14.431179112987593, 87.0425775258336], "q_25": 50.37382132734638, "q_75": 51.09993531147484, "min": 50.01076433528215, "max": 51.46299230353907, "mean": 50.73687831941061, "std": 0.7261139841284603, "repeat": 2, "number": 2}]}, "casademo.flagdata_suite.time_flagdata_bandpassflag": {"result": [31.545948415994644], "stats": [{"ci_99": [28.32548408024013, 34.76641275174916], "q_25": 31.5137437726371, "q_75": 31.57815305935219, "min": 31.481539129279554, "max": 31.610357702709734, "mean": 31.545948415994644, "std": 0.06440928671509027, "repeat": 2, "number": 2}]}, "casademo.flagdata_suite.time_flagdata_list": {"result": [133.5065583391115], "stats": [{"ci_99": [131.97721940651536, 135.03589727170765], "q_25": 133.49126494978555, "q_75": 133.52185172843747, "min": 133.47597156045958, "max": 133.53714511776343, "mean": 133.5065583391115, "std": 0.03058677865192294, "repeat": 2, "number": 2}]}, "casademo.flagdata_suite.time_flagdata_list_summary": {"result": [33.83562389551662], "stats": [{"ci_99": [14.807977765100077, 52.86327002593315], "q_25": 33.645347434212454, "q_75": 34.025900356820785, "min": 33.45507097290829, "max": 34.21617681812495, "mean": 33.83562389551662, "std": 0.38055292260833085, "repeat": 2, "number": 2}]}, "casademo.flagdata_suite.time_flagdata_summary": {"result": [33.951701171463355], "stats": [{"ci_99": [33.659134135814384, 34.24426820711233], "q_25": 33.948775501106866, "q_75": 33.954626841819845, "min": 33.945849830750376, "max": 33.957552512176335, "mean": 33.951701171463355, "std": 0.005851340712979436, "repeat": 2, "number": 2}]}, "casademo.tclean_memory_suite.peakmem_tclean_setweighting": 2253238272}, "params": {"arch": "x86_64", "cpu": "Intel(R) Xeon(R) CPU E5-1660 v4 @ 3.20GHz", "machine": "NRAO workstation", "num_cpu": "16", "os": "Linux 3.10.0-1160.15.2.el7.x86_64", "ram": "32GB", "python": "3.6", "pip+casatools": "6.2.0", "pip+casatasks": "6.2.0"}, "requirements": {"pip+casatools": "6.2.0", "pip+casatasks": "6.2.0"}, "commit_hash": "e873bb935d8baa46bb7e0156f22d557dccec4f2d", "date": 1617116900000, "env_name": "virtualenv-py3.6-pip+casatasks6.2.0.112-pip+casatools6.2.0.112", "python": "3.6", "profiles": {}, "started_at": {"casademo.calibration_suite.time_applycal_callib": 1629981872122, "casademo.calibration_suite.time_bandpass": 1629982000138, "casademo.calibration_suite.time_gaincal": 1629982078032, "casademo.flagdata_suite.time_flagdata_bandpassflag": 1629982203192, "casademo.flagdata_suite.time_flagdata_list": 1629982266487, "casademo.flagdata_suite.time_flagdata_list_summary": 1629982533615, "casademo.flagdata_suite.time_flagdata_summary": 1629982600563, "casademo.tclean_memory_suite.peakmem_tclean_setweighting": 1629982668515}, "ended_at": {"casademo.calibration_suite.time_applycal_callib": 1629982000138, "casademo.calibration_suite.time_bandpass": 1629982078032, "casademo.calibration_suite.time_gaincal": 1629982203188, "casademo.flagdata_suite.time_flagdata_bandpassflag": 1629982266487, "casademo.flagdata_suite.time_flagdata_list": 1629982533614, "casademo.flagdata_suite.time_flagdata_list_summary": 1629982600563, "casademo.flagdata_suite.time_flagdata_summary": 1629982668515, "casademo.tclean_memory_suite.peakmem_tclean_setweighting": 1629982852385}, "benchmark_version": {"casademo.calibration_suite.time_applycal_callib": "1f6437b2270507d06f2c91c35b12dce1187d02851c4b0d0c872bbcfda3e5c4f6", "casademo.calibration_suite.time_bandpass": "a69d32cd1360ece09039f1051989506a7673f5a708021e87c81e0936374d64ce", "casademo.calibration_suite.time_gaincal": "70a393fa53b72183c406b9cc585dca7828b9b8d585b8077a80e0946ee81ebeb0", "casademo.flagdata_suite.time_flagdata_bandpassflag": "6bc01de4a73ffea44f2190b51350292cc1e1256989be0f26cc4ec77341df934a", "casademo.flagdata_suite.time_flagdata_list": "f4d15370d3c2c0c746d0c9c28b87ee190865ebfa9e210cc5773201bea0df7bf9", "casademo.flagdata_suite.time_flagdata_list_summary": "58e4c1cc3e1c3c5f723c910c861bad52078405a7026f0321526fad1a15b04ee3", "casademo.flagdata_suite.time_flagdata_summary": "7d302987a4e4e75e43325fd83f2c968688e4b8a56a6476db46a4fcc0bc003e95", "casademo.tclean_memory_suite.peakmem_tclean_setweighting": "3fb5214d1e8e5bf8170efbe8114cd88b0e1e51db87c955bc588eb95ba91e4f71"}, "version": 1}
