{"results": {"casademo.calibration_suite.time_applycal_callib": {"result": [52.217497256817296], "stats": [{"ci_99": [-29.74552690354176, 134.1805214171763], "q_25": 51.397867015213706, "q_75": 53.03712749842089, "min": 50.578236773610115, "max": 53.85675774002448, "mean": 52.217497256817296, "std": 1.639260483207181, "repeat": 2, "number": 2}]}, "casademo.calibration_suite.time_bandpass": {"result": [24.997050209436566], "stats": [{"ci_99": [7.484861148055643, 42.509239270817474], "q_25": 24.821928318822756, "q_75": 25.172172100050375, "min": 24.646806428208947, "max": 25.347293990664184, "mean": 24.997050209436566, "std": 0.35024378122761846, "repeat": 2, "number": 2}]}, "casademo.calibration_suite.time_gaincal": {"result": [50.73687831941061], "stats": [{"ci_99": [14.431179112987593, 87.0425775258336], "q_25": 50.37382132734638, "q_75": 51.09993531147484, "min": 50.01076433528215, "max": 51.46299230353907, "mean": 50.73687831941061, "std": 0.7261139841284603, "repeat": 2, "number": 2}]}, "casademo.flagdata_suite.time_flagdata_bandpassflag": {"result": [31.545948415994644], "stats": [{"ci_99": [28.32548408024013, 34.76641275174916], "q_25": 31.5137437726371, "q_75": 31.57815305935219, "min": 31.481539129279554, "max": 31.610357702709734, "mean": 31.545948415994644, "std": 0.06440928671509027, "repeat": 2, "number": 2}]}, "casademo.flagdata_suite.time_flagdata_list": {"result": [133.5065583391115], "stats": [{"ci_99": [131.97721940651536, 135.03589727170765], "q_25": 133.49126494978555, "q_75": 133.52185172843747, "min": 133.47597156045958, "max": 133.53714511776343, "mean": 133.5065583391115, "std": 0.03058677865192294, "repeat": 2, "number": 2}]}, "casademo.flagdata_suite.time_flagdata_list_summary": {"result": [33.83562389551662], "stats": [{"ci_99": [14.807977765100077, 52.86327002593315], "q_25": 33.645347434212454, "q_75": 34.025900356820785, "min": 33.45507097290829, "max": 34.21617681812495, "mean": 33.83562389551662, "std": 0.38055292260833085, "repeat": 2, "number": 2}]}, "casademo.flagdata_suite.time_flagdata_summary": {"result": [33.951701171463355], "stats": [{"ci_99": [33.659134135814384, 34.24426820711233], "q_25": 33.948775501106866, "q_75": 33.954626841819845, "min": 33.945849830750376, "max": 33.957552512176335, "mean": 33.951701171463355, "std": 0.005851340712979436, "repeat": 2, "number": 2}]}, "casademo.tclean_memory_suite.peakmem_tclean_setweighting": 2253238272}, "params": {"arch": "x86_64", "cpu": "Intel(R) Xeon(R) CPU E5-1660 v4 @ 3.20GHz", "machine": "NRAO workstation", "num_cpu": "16", "os": "Linux 3.10.0-1160.15.2.el7.x86_64", "ram": "32GB", "python": "3.6", "pip+casatools": "trunk", "pip+casatasks": "trunk"}, "requirements": {"pip+casatools": "trunk", "pip+casatasks": "trunk"}, "commit_hash": "e873bb935d8baa46bb7e0156f22d557dccec4f2d", "date": 1617116900000, "env_name": "virtualenv-py3.6-pip+casatasks-trunk-pip+casatools-trunk", "python": "3.6", "profiles": {}, "started_at": {"casademo.calibration_suite.time_applycal_callib": 1629981872122, "casademo.calibration_suite.time_bandpass": 1629982000138, "casademo.calibration_suite.time_gaincal": 1629982078032, "casademo.flagdata_suite.time_flagdata_bandpassflag": 1629982203192, "casademo.flagdata_suite.time_flagdata_list": 1629982266487, "casademo.flagdata_suite.time_flagdata_list_summary": 1629982533615, "casademo.flagdata_suite.time_flagdata_summary": 1629982600563, "casademo.tclean_memory_suite.peakmem_tclean_setweighting": 1629982668515}, "ended_at": {"casademo.calibration_suite.time_applycal_callib": 1629982000138, "casademo.calibration_suite.time_bandpass": 1629982078032, "casademo.calibration_suite.time_gaincal": 1629982203188, "casademo.flagdata_suite.time_flagdata_bandpassflag": 1629982266487, "casademo.flagdata_suite.time_flagdata_list": 1629982533614, "casademo.flagdata_suite.time_flagdata_list_summary": 1629982600563, "casademo.flagdata_suite.time_flagdata_summary": 1629982668515, "casademo.tclean_memory_suite.peakmem_tclean_setweighting": 1629982852385}, "benchmark_version": {"casademo.calibration_suite.time_applycal_callib": "9ef394762fe7135f58c94c0e46a655fae93e7d107904ceff94d228f23b89a589", "casademo.calibration_suite.time_bandpass": "f706aa044f6bc64b915996b7bdd6bc5666cae0eb7c47ff9a70b5bced6c9fbd0c", "casademo.calibration_suite.time_gaincal": "56f8a9022caccdafe4240fb9a2766b2d5d56cc1c784bd724822d3b040f5b5309", "casademo.flagdata_suite.time_flagdata_bandpassflag": "f55e0ffa6be9d655555c5081a0e7bf2bc00b253273ba7c220de0bd2cfb3baf6c", "casademo.flagdata_suite.time_flagdata_list": "1a40b66ffb4a43d48af3407bae817ed4f7667fe778880859384f5f2e7c9c5d1f", "casademo.flagdata_suite.time_flagdata_list_summary": "3eb284062687484026a1defb4fceb705e83b244e37405f8794d431940ff44b08", "casademo.flagdata_suite.time_flagdata_summary": "9e569fb4e2a2f68e59c510bbf889632173be867104a4e5ba5a98d0eb110e82fb", "casademo.tclean_memory_suite.peakmem_tclean_setweighting": "b08240b9d9211ba7e2ce323aae697e4b25deb8a6db4c5e2e48519cedc4707769"}, "version": 1}
