{"results": {"casademo.calibration_suite.time_applycal_callib": {"result": [26.165694831404835], "stats": [{"ci_99": [-2.985309698153287, 55.31669936096293], "q_25": 25.874184786109254, "q_75": 26.457204876700416, "min": 25.582674740813673, "max": 26.748714921995997, "mean": 26.165694831404835, "std": 0.5830200905911624, "repeat": 2, "number": 2}]}, "casademo.calibration_suite.time_bandpass": {"result": [24.999330549500883], "stats": [{"ci_99": [-15.96936561819166, 65.9680267171934], "q_25": 24.589643587823957, "q_75": 25.409017511177808, "min": 24.179956626147032, "max": 25.818704472854733, "mean": 24.999330549500883, "std": 0.8193739233538508, "repeat": 2, "number": 2}]}, "casademo.calibration_suite.time_gaincal": {"result": [51.407091250875965], "stats": [{"ci_99": [23.524601095123217, 79.28958140662868], "q_25": 51.12826634931844, "q_75": 51.68591615243349, "min": 50.84944144776091, "max": 51.96474105399102, "mean": 51.407091250875965, "std": 0.557649803115055, "repeat": 2, "number": 2}]}, "casademo.flagdata_suite.time_flagdata_bandpassflag": {"result": [5.755647286307067], "stats": [{"ci_99": [5.753482636529952, 5.757811936084181], "q_25": 5.7556256398092955, "q_75": 5.755668932804838, "min": 5.755603993311524, "max": 5.755690579302609, "mean": 5.755647286307067, "std": 4.3292995542287827e-05, "repeat": 2, "number": 2}]}, "casademo.flagdata_suite.time_flagdata_list": {"result": [103.82812261814252], "stats": [{"ci_99": [97.79838185058907, 109.85786338569596], "q_25": 103.76782521046698, "q_75": 103.88842002581805, "min": 103.70752780279145, "max": 103.94871743349358, "mean": 103.82812261814252, "std": 0.12059481535106897, "repeat": 2, "number": 2}]}, "casademo.flagdata_suite.time_flagdata_list_summary": {"result": [7.788256897125393], "stats": [{"ci_99": [6.106657270807773, 9.469856523443012], "q_25": 7.771440900862217, "q_75": 7.805072893388569, "min": 7.754624904599041, "max": 7.821888889651746, "mean": 7.788256897125393, "std": 0.033631992526352406, "repeat": 2, "number": 2}]}, "casademo.flagdata_suite.time_flagdata_summary": {"result": [7.48678073566407], "stats": [{"ci_99": [7.084368917159736, 7.889192554168403], "q_25": 7.482756617479026, "q_75": 7.490804853849113, "min": 7.478732499293983, "max": 7.494828972034156, "mean": 7.48678073566407, "std": 0.00804823637008667, "repeat": 2, "number": 2}]}, "casademo.tclean_memory_suite.peakmem_tclean_setweighting": 1861713920}, "params": {"arch": "x86_64", "cpu": "Intel(R) Xeon(R) CPU E5-1660 v4 @ 3.20GHz", "machine": "NRAO workstation", "num_cpu": "16", "os": "Linux 3.10.0-1160.15.2.el7.x86_64", "ram": "32GB", "python": "3.6", "pip+casatools": "6.2.0", "pip+casatasks": "6.2.0"}, "requirements": {"pip+casatools": "6.2.0", "pip+casatasks": "6.2.0"}, "commit_hash": "efddedb9011e264772dba2fb5512ea96bda85998", "date": 1599594609000, "env_name": "virtualenv-py3.6-pip+casatasks6.2.0.23-pip+casatools6.2.0.23", "python": "3.6", "profiles": {}, "started_at": {"casademo.calibration_suite.time_applycal_callib": 1629941060167, "casademo.calibration_suite.time_bandpass": 1629941134005, "casademo.calibration_suite.time_gaincal": 1629941209945, "casademo.flagdata_suite.time_flagdata_bandpassflag": 1629941333306, "casademo.flagdata_suite.time_flagdata_list": 1629941344887, "casademo.flagdata_suite.time_flagdata_list_summary": 1629941552351, "casademo.flagdata_suite.time_flagdata_summary": 1629941568041, "casademo.tclean_memory_suite.peakmem_tclean_setweighting": 1629941583030}, "ended_at": {"casademo.calibration_suite.time_applycal_callib": 1629941134004, "casademo.calibration_suite.time_bandpass": 1629941209944, "casademo.calibration_suite.time_gaincal": 1629941333298, "casademo.flagdata_suite.time_flagdata_bandpassflag": 1629941344886, "casademo.flagdata_suite.time_flagdata_list": 1629941552351, "casademo.flagdata_suite.time_flagdata_list_summary": 1629941568041, "casademo.flagdata_suite.time_flagdata_summary": 1629941583030, "casademo.tclean_memory_suite.peakmem_tclean_setweighting": 1629941863228}, "benchmark_version": {"casademo.calibration_suite.time_applycal_callib": "1f6437b2270507d06f2c91c35b12dce1187d02851c4b0d0c872bbcfda3e5c4f6", "casademo.calibration_suite.time_bandpass": "a69d32cd1360ece09039f1051989506a7673f5a708021e87c81e0936374d64ce", "casademo.calibration_suite.time_gaincal": "70a393fa53b72183c406b9cc585dca7828b9b8d585b8077a80e0946ee81ebeb0", "casademo.flagdata_suite.time_flagdata_bandpassflag": "6bc01de4a73ffea44f2190b51350292cc1e1256989be0f26cc4ec77341df934a", "casademo.flagdata_suite.time_flagdata_list": "f4d15370d3c2c0c746d0c9c28b87ee190865ebfa9e210cc5773201bea0df7bf9", "casademo.flagdata_suite.time_flagdata_list_summary": "58e4c1cc3e1c3c5f723c910c861bad52078405a7026f0321526fad1a15b04ee3", "casademo.flagdata_suite.time_flagdata_summary": "7d302987a4e4e75e43325fd83f2c968688e4b8a56a6476db46a4fcc0bc003e95", "casademo.tclean_memory_suite.peakmem_tclean_setweighting": "3fb5214d1e8e5bf8170efbe8114cd88b0e1e51db87c955bc588eb95ba91e4f71"}, "version": 1}
