{"results": {"casademo.calibration_suite.time_applycal_callib": {"result": [34.175622961018234], "stats": [{"ci_99": [-431.65536491712555, 500.0066108391616], "q_25": 29.517313082236797, "q_75": 38.83393283979967, "min": 24.85900320345536, "max": 43.49224271858111, "mean": 34.175622961018234, "std": 9.316619757562876, "repeat": 2, "number": 2}]}, "casademo.calibration_suite.time_bandpass": {"result": [24.955008852062747], "stats": [{"ci_99": [-26.106759826419875, 76.01677753054533], "q_25": 24.44439116527792, "q_75": 25.465626538847573, "min": 23.933773478493094, "max": 25.9762442256324, "mean": 24.955008852062747, "std": 1.0212353735696524, "repeat": 2, "number": 2}]}, "casademo.calibration_suite.time_gaincal": {"result": [50.81274991086684], "stats": [{"ci_99": [35.22464582626708, 66.40085399546659], "q_25": 50.656868870020844, "q_75": 50.96863095171284, "min": 50.500987829174846, "max": 51.12451199255884, "mean": 50.81274991086684, "std": 0.31176208169199526, "repeat": 2, "number": 2}]}, "casademo.flagdata_suite.time_flagdata_bandpassflag": {"result": [5.583645991282538], "stats": [{"ci_99": [5.338008509716019, 5.829283472849056], "q_25": 5.581189616466872, "q_75": 5.586102366098203, "min": 5.578733241651207, "max": 5.588558740913868, "mean": 5.583645991282538, "std": 0.004912749631330371, "repeat": 2, "number": 2}]}, "casademo.flagdata_suite.time_flagdata_list": {"result": [106.04957117093727], "stats": [{"ci_99": [104.29922510730103, 107.79991723457351], "q_25": 106.03206771030091, "q_75": 106.06707463157363, "min": 106.01456424966455, "max": 106.08457809221, "mean": 106.04957117093727, "std": 0.03500692127272487, "repeat": 2, "number": 2}]}, "casademo.flagdata_suite.time_flagdata_list_summary": {"result": [7.8063976601697505], "stats": [{"ci_99": [6.278441695030779, 9.33435362530872], "q_25": 7.791118100518361, "q_75": 7.82167721982114, "min": 7.775838540866971, "max": 7.83695677947253, "mean": 7.8063976601697505, "std": 0.030559119302779436, "repeat": 2, "number": 2}]}, "casademo.flagdata_suite.time_flagdata_summary": {"result": [7.486773677868769], "stats": [{"ci_99": [7.115392491454259, 7.858154864283279], "q_25": 7.4830598660046235, "q_75": 7.490487489732914, "min": 7.479346054140478, "max": 7.494201301597059, "mean": 7.486773677868769, "std": 0.0074276237282902, "repeat": 2, "number": 2}]}, "casademo.tclean_memory_suite.peakmem_tclean_setweighting": 1864839168}, "params": {"arch": "x86_64", "cpu": "Intel(R) Xeon(R) CPU E5-1660 v4 @ 3.20GHz", "machine": "NRAO workstation", "num_cpu": "16", "os": "Linux 3.10.0-1160.15.2.el7.x86_64", "ram": "32GB", "python": "3.6", "pip+casatools": "trunk", "pip+casatasks": "trunk"}, "requirements": {"pip+casatools": "trunk", "pip+casatasks": "trunk"}, "commit_hash": "f07d93bed0e338ae032c3bbb781af6b856585f0c", "date": 1603295032000, "env_name": "virtualenv-py3.6-pip+casatasks-trunk-pip+casatools-trunk", "python": "3.6", "profiles": {}, "started_at": {"casademo.calibration_suite.time_applycal_callib": 1630027193064, "casademo.calibration_suite.time_bandpass": 1630027267400, "casademo.calibration_suite.time_gaincal": 1630027343690, "casademo.flagdata_suite.time_flagdata_bandpassflag": 1630027467145, "casademo.flagdata_suite.time_flagdata_list": 1630027478376, "casademo.flagdata_suite.time_flagdata_list_summary": 1630027690599, "casademo.flagdata_suite.time_flagdata_summary": 1630027706188, "casademo.tclean_memory_suite.peakmem_tclean_setweighting": 1630027721177}, "ended_at": {"casademo.calibration_suite.time_applycal_callib": 1630027267400, "casademo.calibration_suite.time_bandpass": 1630027343689, "casademo.calibration_suite.time_gaincal": 1630027467141, "casademo.flagdata_suite.time_flagdata_bandpassflag": 1630027478375, "casademo.flagdata_suite.time_flagdata_list": 1630027690598, "casademo.flagdata_suite.time_flagdata_list_summary": 1630027706188, "casademo.flagdata_suite.time_flagdata_summary": 1630027721176, "casademo.tclean_memory_suite.peakmem_tclean_setweighting": 1630028021364}, "benchmark_version": {"casademo.calibration_suite.time_applycal_callib": "9ef394762fe7135f58c94c0e46a655fae93e7d107904ceff94d228f23b89a589", "casademo.calibration_suite.time_bandpass": "f706aa044f6bc64b915996b7bdd6bc5666cae0eb7c47ff9a70b5bced6c9fbd0c", "casademo.calibration_suite.time_gaincal": "56f8a9022caccdafe4240fb9a2766b2d5d56cc1c784bd724822d3b040f5b5309", "casademo.flagdata_suite.time_flagdata_bandpassflag": "f55e0ffa6be9d655555c5081a0e7bf2bc00b253273ba7c220de0bd2cfb3baf6c", "casademo.flagdata_suite.time_flagdata_list": "1a40b66ffb4a43d48af3407bae817ed4f7667fe778880859384f5f2e7c9c5d1f", "casademo.flagdata_suite.time_flagdata_list_summary": "3eb284062687484026a1defb4fceb705e83b244e37405f8794d431940ff44b08", "casademo.flagdata_suite.time_flagdata_summary": "9e569fb4e2a2f68e59c510bbf889632173be867104a4e5ba5a98d0eb110e82fb", "casademo.tclean_memory_suite.peakmem_tclean_setweighting": "b08240b9d9211ba7e2ce323aae697e4b25deb8a6db4c5e2e48519cedc4707769"}, "version": 1}
