{"results": {"casademo.calibration_suite.time_applycal_callib": {"result": [38.22940716193989], "stats": [{"ci_99": [-557.5905275051482, 634.0493418290275], "q_25": 32.27120781526901, "q_75": 44.18760650861077, "min": 26.313008468598127, "max": 50.14580585528165, "mean": 38.22940716193989, "std": 11.916398693341762, "repeat": 2, "number": 2}]}, "casademo.calibration_suite.time_bandpass": null, "casademo.calibration_suite.time_gaincal": {"result": [50.138421026524156], "stats": [{"ci_99": [45.243138326797634, 55.03370372625067], "q_25": 50.08946819952689, "q_75": 50.18737385352142, "min": 50.040515372529626, "max": 50.23632668051869, "mean": 50.138421026524156, "std": 0.09790565399453044, "repeat": 2, "number": 2}]}, "casademo.flagdata_suite.time_flagdata_bandpassflag": {"result": [9.21747400937602], "stats": [{"ci_99": [7.24650456616655, 11.188443452585487], "q_25": 9.197764314943925, "q_75": 9.237183703808114, "min": 9.17805462051183, "max": 9.256893398240209, "mean": 9.21747400937602, "std": 0.039419388864189386, "repeat": 2, "number": 2}]}, "casademo.flagdata_suite.time_flagdata_list": {"result": [111.92627176223323], "stats": [{"ci_99": [104.84519383916631, 119.00734968530014], "q_25": 111.85546098300256, "q_75": 111.9970825414639, "min": 111.78465020377189, "max": 112.06789332069457, "mean": 111.92627176223323, "std": 0.14162155846133828, "repeat": 2, "number": 2}]}, "casademo.flagdata_suite.time_flagdata_list_summary": {"result": [11.920626274775714], "stats": [{"ci_99": [6.159514351282269, 17.68173819826915], "q_25": 11.86301515554078, "q_75": 11.978237394010648, "min": 11.805404036305845, "max": 12.035848513245583, "mean": 11.920626274775714, "std": 0.1152222384698689, "repeat": 2, "number": 2}]}, "casademo.flagdata_suite.time_flagdata_summary": {"result": [11.56706792395562], "stats": [{"ci_99": [-1.126593573950231, 24.26072942186146], "q_25": 11.44013130897656, "q_75": 11.694004538934678, "min": 11.313194693997502, "max": 11.820941153913736, "mean": 11.56706792395562, "std": 0.253873229958117, "repeat": 2, "number": 2}]}, "casademo.tclean_memory_suite.peakmem_tclean_setweighting": 1961041920, "casademo.tclean_memory_suite.track_tclean_file_descriptors_cubemode_mosaic_briggs": 128}, "params": {"arch": "x86_64", "cpu": "Intel(R) Xeon(R) CPU E5-1660 v4 @ 3.20GHz", "machine": "NRAO workstation", "num_cpu": "16", "os": "Linux 3.10.0-1160.15.2.el7.x86_64", "ram": "32GB", "python": "3.6", "pip+casatasks": "trunk"}, "requirements": {"pip+casatasks": "trunk"}, "commit_hash": "f0ca33e60bb9e599fbc230bbec90ac9dfe651528", "date": 1633608286000, "env_name": "virtualenv-py3.6-pip+casatasks-trunk", "python": "3.6", "profiles": {}, "started_at": {"casademo.calibration_suite.time_applycal_callib": 1637180705796, "casademo.calibration_suite.time_bandpass": 1637180250258, "casademo.calibration_suite.time_gaincal": 1637180781888, "casademo.flagdata_suite.time_flagdata_bandpassflag": 1637180906498, "casademo.flagdata_suite.time_flagdata_list": 1637180924894, "casademo.flagdata_suite.time_flagdata_list_summary": 1637181148545, "casademo.flagdata_suite.time_flagdata_summary": 1637181172203, "casademo.tclean_memory_suite.peakmem_tclean_setweighting": 1637181194858, "casademo.tclean_memory_suite.track_tclean_file_descriptors_cubemode_mosaic_briggs": 1637181372051}, "ended_at": {"casademo.calibration_suite.time_applycal_callib": 1637180781887, "casademo.calibration_suite.time_bandpass": 1637180290614, "casademo.calibration_suite.time_gaincal": 1637180906498, "casademo.flagdata_suite.time_flagdata_bandpassflag": 1637180924894, "casademo.flagdata_suite.time_flagdata_list": 1637181148544, "casademo.flagdata_suite.time_flagdata_list_summary": 1637181172202, "casademo.flagdata_suite.time_flagdata_summary": 1637181194858, "casademo.tclean_memory_suite.peakmem_tclean_setweighting": 1637181372051, "casademo.tclean_memory_suite.track_tclean_file_descriptors_cubemode_mosaic_briggs": 1637181546243}, "benchmark_version": {"casademo.calibration_suite.time_applycal_callib": "9ef394762fe7135f58c94c0e46a655fae93e7d107904ceff94d228f23b89a589", "casademo.calibration_suite.time_bandpass": "f706aa044f6bc64b915996b7bdd6bc5666cae0eb7c47ff9a70b5bced6c9fbd0c", "casademo.calibration_suite.time_gaincal": "56f8a9022caccdafe4240fb9a2766b2d5d56cc1c784bd724822d3b040f5b5309", "casademo.flagdata_suite.time_flagdata_bandpassflag": "f55e0ffa6be9d655555c5081a0e7bf2bc00b253273ba7c220de0bd2cfb3baf6c", "casademo.flagdata_suite.time_flagdata_list": "1a40b66ffb4a43d48af3407bae817ed4f7667fe778880859384f5f2e7c9c5d1f", "casademo.flagdata_suite.time_flagdata_list_summary": "3eb284062687484026a1defb4fceb705e83b244e37405f8794d431940ff44b08", "casademo.flagdata_suite.time_flagdata_summary": "9e569fb4e2a2f68e59c510bbf889632173be867104a4e5ba5a98d0eb110e82fb", "casademo.tclean_memory_suite.peakmem_tclean_setweighting": "c89589301c2c884b40375d00ec2f343d5ebdc195afbfc70ae2f149be692e8187", "casademo.tclean_memory_suite.track_tclean_file_descriptors_cubemode_mosaic_briggs": "e3aeb6edf33f78d2db6d58dfc61576924a9768f7a205164fcd839666bde1ae63"}, "version": 1}
