{"results": {"casademo.calibration_suite.time_applycal_callib": {"result": [43.49685784988105], "stats": [{"ci_99": [-381.6819429062307, 468.67565860599245], "q_25": 39.245069842319936, "q_75": 47.74864585744217, "min": 34.99328183475882, "max": 52.00043386500329, "mean": 43.49685784988105, "std": 8.503576015122235, "repeat": 2, "number": 2}]}, "casademo.calibration_suite.time_bandpass": null, "casademo.calibration_suite.time_gaincal": {"result": [50.66643240861595], "stats": [{"ci_99": [44.87120476551354, 56.46166005171835], "q_25": 50.60848013218492, "q_75": 50.72438468504697, "min": 50.5505278557539, "max": 50.782336961477995, "mean": 50.66643240861595, "std": 0.11590455286204815, "repeat": 2, "number": 2}]}, "casademo.flagdata_suite.time_flagdata_bandpassflag": {"result": [9.048395849298686], "stats": [{"ci_99": [7.723852422554046, 10.372939276043324], "q_25": 9.03515041503124, "q_75": 9.061641283566132, "min": 9.021904980763793, "max": 9.074886717833579, "mean": 9.048395849298686, "std": 0.026490868534892797, "repeat": 2, "number": 2}]}, "casademo.flagdata_suite.time_flagdata_list": {"result": [112.49796935962513], "stats": [{"ci_99": [109.79193676402792, 115.20400195522234], "q_25": 112.47090903366916, "q_75": 112.5250296855811, "min": 112.44384870771319, "max": 112.55209001153708, "mean": 112.49796935962513, "std": 0.05412065191194415, "repeat": 2, "number": 2}]}, "casademo.flagdata_suite.time_flagdata_list_summary": {"result": [11.82173660537228], "stats": [{"ci_99": [4.950176273006946, 18.693296937737607], "q_25": 11.753021002048627, "q_75": 11.890452208695933, "min": 11.684305398724973, "max": 11.959167812019587, "mean": 11.82173660537228, "std": 0.13743120664730668, "repeat": 2, "number": 2}]}, "casademo.flagdata_suite.time_flagdata_summary": {"result": [11.350515817292035], "stats": [{"ci_99": [-1.8513454524800181, 24.552377087064077], "q_25": 11.218497204594314, "q_75": 11.482534429989755, "min": 11.086478591896594, "max": 11.614553042687476, "mean": 11.350515817292035, "std": 0.26403722539544106, "repeat": 2, "number": 2}]}, "casademo.tclean_memory_suite.peakmem_tclean_setweighting": 1961025536, "casademo.tclean_memory_suite.track_tclean_file_descriptors_cubemode_mosaic_briggs": 128}, "params": {"arch": "x86_64", "cpu": "Intel(R) Xeon(R) CPU E5-1660 v4 @ 3.20GHz", "machine": "NRAO workstation", "num_cpu": "16", "os": "Linux 3.10.0-1160.15.2.el7.x86_64", "ram": "32GB", "python": "3.6", "pip+casatasks": "trunk"}, "requirements": {"pip+casatasks": "trunk"}, "commit_hash": "f1203977978efe28659ea846c8de75691fe81250", "date": 1636406892000, "env_name": "virtualenv-py3.6-pip+casatasks-trunk", "python": "3.6", "profiles": {}, "started_at": {"casademo.calibration_suite.time_applycal_callib": 1637259917216, "casademo.calibration_suite.time_bandpass": 1637260854315, "casademo.calibration_suite.time_gaincal": 1637260020999, "casademo.flagdata_suite.time_flagdata_bandpassflag": 1637260145558, "casademo.flagdata_suite.time_flagdata_list": 1637260163754, "casademo.flagdata_suite.time_flagdata_list_summary": 1637260388908, "casademo.flagdata_suite.time_flagdata_summary": 1637260412365, "casademo.tclean_memory_suite.peakmem_tclean_setweighting": 1637260434570, "casademo.tclean_memory_suite.track_tclean_file_descriptors_cubemode_mosaic_briggs": 1637260610643}, "ended_at": {"casademo.calibration_suite.time_applycal_callib": 1637260020998, "casademo.calibration_suite.time_bandpass": 1637260892123, "casademo.calibration_suite.time_gaincal": 1637260145558, "casademo.flagdata_suite.time_flagdata_bandpassflag": 1637260163753, "casademo.flagdata_suite.time_flagdata_list": 1637260388907, "casademo.flagdata_suite.time_flagdata_list_summary": 1637260412365, "casademo.flagdata_suite.time_flagdata_summary": 1637260434569, "casademo.tclean_memory_suite.peakmem_tclean_setweighting": 1637260610643, "casademo.tclean_memory_suite.track_tclean_file_descriptors_cubemode_mosaic_briggs": 1637260784434}, "benchmark_version": {"casademo.calibration_suite.time_applycal_callib": "9ef394762fe7135f58c94c0e46a655fae93e7d107904ceff94d228f23b89a589", "casademo.calibration_suite.time_bandpass": "f706aa044f6bc64b915996b7bdd6bc5666cae0eb7c47ff9a70b5bced6c9fbd0c", "casademo.calibration_suite.time_gaincal": "56f8a9022caccdafe4240fb9a2766b2d5d56cc1c784bd724822d3b040f5b5309", "casademo.flagdata_suite.time_flagdata_bandpassflag": "f55e0ffa6be9d655555c5081a0e7bf2bc00b253273ba7c220de0bd2cfb3baf6c", "casademo.flagdata_suite.time_flagdata_list": "1a40b66ffb4a43d48af3407bae817ed4f7667fe778880859384f5f2e7c9c5d1f", "casademo.flagdata_suite.time_flagdata_list_summary": "3eb284062687484026a1defb4fceb705e83b244e37405f8794d431940ff44b08", "casademo.flagdata_suite.time_flagdata_summary": "9e569fb4e2a2f68e59c510bbf889632173be867104a4e5ba5a98d0eb110e82fb", "casademo.tclean_memory_suite.peakmem_tclean_setweighting": "c89589301c2c884b40375d00ec2f343d5ebdc195afbfc70ae2f149be692e8187", "casademo.tclean_memory_suite.track_tclean_file_descriptors_cubemode_mosaic_briggs": "e3aeb6edf33f78d2db6d58dfc61576924a9768f7a205164fcd839666bde1ae63"}, "version": 1}
