{"results": {"casademo.tclean_memory_suite.peakmem_tclean_setweighting": 1959460864, "casademo.calibration_suite.time_applycal_callib": {"result": [31.065864682896063], "stats": [{"ci_99": [-199.3887653609272, 261.5204947267191], "q_25": 28.76131838245783, "q_75": 33.370410983334295, "min": 26.456772082019597, "max": 35.67495728377253, "mean": 31.065864682896063, "std": 4.609092600876465, "repeat": 2, "number": 2}]}, "casademo.calibration_suite.time_bandpass": {"result": [28.414726325077936], "stats": [{"ci_99": [-103.9589994258713, 160.78845207602706], "q_25": 27.090989067568444, "q_75": 29.73846358258743, "min": 25.76725181005895, "max": 31.06220084009692, "mean": 28.414726325077936, "std": 2.6474745150189847, "repeat": 2, "number": 2}]}, "casademo.calibration_suite.time_gaincal": {"result": [51.10942526999861], "stats": [{"ci_99": [31.190647336654365, 71.02820320334284], "q_25": 50.91023749066517, "q_75": 51.30861304933205, "min": 50.711049711331725, "max": 51.507800828665495, "mean": 51.10942526999861, "std": 0.3983755586668849, "repeat": 2, "number": 2}]}, "casademo.flagdata_suite.time_flagdata_bandpassflag": {"result": [9.157147172605619], "stats": [{"ci_99": [8.427634714404121, 9.886659630807117], "q_25": 9.149852048023604, "q_75": 9.164442297187634, "min": 9.142556923441589, "max": 9.171737421769649, "mean": 9.157147172605619, "std": 0.014590249164029956, "repeat": 2, "number": 2}]}, "casademo.flagdata_suite.time_flagdata_list": {"result": [112.14748426387087], "stats": [{"ci_99": [111.43247542018071, 112.86249310756102], "q_25": 112.14033417543396, "q_75": 112.15463435230777, "min": 112.13318408699706, "max": 112.16178444074467, "mean": 112.14748426387087, "std": 0.014300176873803139, "repeat": 2, "number": 2}]}, "casademo.flagdata_suite.time_flagdata_list_summary": {"result": [11.962208164623007], "stats": [{"ci_99": [9.287233162904158, 14.637183166341854], "q_25": 11.935458414605819, "q_75": 11.988957914640196, "min": 11.90870866458863, "max": 12.015707664657384, "mean": 11.962208164623007, "std": 0.05349950003437698, "repeat": 2, "number": 2}]}, "casademo.flagdata_suite.time_flagdata_summary": {"result": [11.656866597943008], "stats": [{"ci_99": [11.079032023437321, 12.234701172448695], "q_25": 11.651088252197951, "q_75": 11.662644943688065, "min": 11.645309906452894, "max": 11.668423289433122, "mean": 11.656866597943008, "std": 0.011556691490113735, "repeat": 2, "number": 2}]}}, "params": {"arch": "x86_64", "cpu": "Intel(R) Xeon(R) CPU E5-1660 v4 @ 3.20GHz", "machine": "NRAO workstation", "num_cpu": "16", "os": "Linux 3.10.0-1160.15.2.el7.x86_64", "ram": "32GB", "python": "3.6", "pip+casatools": "6.3.0", "pip+casatasks": "6.3.0"}, "requirements": {"pip+casatools": "6.3.0", "pip+casatasks": "6.3.0"}, "commit_hash": "f1a082f31aea695e9efc368e32a06bc7e86cdabe", "date": 1628701808000, "env_name": "virtualenv-py3.6-pip+casatasks6.3.0.39-pip+casatools6.3.0.39", "python": "3.6", "profiles": {}, "started_at": {"casademo.tclean_memory_suite.peakmem_tclean_setweighting": 1630008194654, "casademo.calibration_suite.time_applycal_callib": 1630007581146, "casademo.calibration_suite.time_bandpass": 1630007657389, "casademo.calibration_suite.time_gaincal": 1630007779088, "casademo.flagdata_suite.time_flagdata_bandpassflag": 1630007904694, "casademo.flagdata_suite.time_flagdata_list": 1630007923040, "casademo.flagdata_suite.time_flagdata_list_summary": 1630008147439, "casademo.flagdata_suite.time_flagdata_summary": 1630008171298}, "ended_at": {"casademo.tclean_memory_suite.peakmem_tclean_setweighting": 1630008367138, "casademo.calibration_suite.time_applycal_callib": 1630007657388, "casademo.calibration_suite.time_bandpass": 1630007779087, "casademo.calibration_suite.time_gaincal": 1630007904686, "casademo.flagdata_suite.time_flagdata_bandpassflag": 1630007923039, "casademo.flagdata_suite.time_flagdata_list": 1630008147439, "casademo.flagdata_suite.time_flagdata_list_summary": 1630008171297, "casademo.flagdata_suite.time_flagdata_summary": 1630008194654}, "benchmark_version": {"casademo.tclean_memory_suite.peakmem_tclean_setweighting": "3fb5214d1e8e5bf8170efbe8114cd88b0e1e51db87c955bc588eb95ba91e4f71", "casademo.calibration_suite.time_applycal_callib": "1f6437b2270507d06f2c91c35b12dce1187d02851c4b0d0c872bbcfda3e5c4f6", "casademo.calibration_suite.time_bandpass": "a69d32cd1360ece09039f1051989506a7673f5a708021e87c81e0936374d64ce", "casademo.calibration_suite.time_gaincal": "70a393fa53b72183c406b9cc585dca7828b9b8d585b8077a80e0946ee81ebeb0", "casademo.flagdata_suite.time_flagdata_bandpassflag": "6bc01de4a73ffea44f2190b51350292cc1e1256989be0f26cc4ec77341df934a", "casademo.flagdata_suite.time_flagdata_list": "f4d15370d3c2c0c746d0c9c28b87ee190865ebfa9e210cc5773201bea0df7bf9", "casademo.flagdata_suite.time_flagdata_list_summary": "58e4c1cc3e1c3c5f723c910c861bad52078405a7026f0321526fad1a15b04ee3", "casademo.flagdata_suite.time_flagdata_summary": "7d302987a4e4e75e43325fd83f2c968688e4b8a56a6476db46a4fcc0bc003e95"}, "version": 1}
