{"results": {"casademo.calibration_suite.time_applycal_callib": {"result": [26.09503029473126], "stats": [{"ci_99": [-4.341275919228792, 56.53133650869128], "q_25": 25.79066723259166, "q_75": 26.39939335687086, "min": 25.48630417045206, "max": 26.70375641901046, "mean": 26.09503029473126, "std": 0.608726124279201, "repeat": 2, "number": 2}]}, "casademo.calibration_suite.time_bandpass": null, "casademo.calibration_suite.time_gaincal": {"result": [50.53744113165885], "stats": [{"ci_99": [9.88594803120941, 91.18893423210827], "q_25": 50.13092620065436, "q_75": 50.94395606266335, "min": 49.72441126964986, "max": 51.35047099366784, "mean": 50.53744113165885, "std": 0.8130298620089889, "repeat": 2, "number": 2}]}, "casademo.flagdata_suite.time_flagdata_bandpassflag": {"result": [9.179895071312785], "stats": [{"ci_99": [8.298703914508224, 10.061086228117347], "q_25": 9.17108315974474, "q_75": 9.18870698288083, "min": 9.162271248176694, "max": 9.197518894448876, "mean": 9.179895071312785, "std": 0.017623823136091232, "repeat": 2, "number": 2}]}, "casademo.flagdata_suite.time_flagdata_list": {"result": [112.7367249513045], "stats": [{"ci_99": [107.03747135680169, 118.4359785458073], "q_25": 112.67973241535947, "q_75": 112.79371748724952, "min": 112.62273987941444, "max": 112.85071002319455, "mean": 112.7367249513045, "std": 0.11398507189005613, "repeat": 2, "number": 2}]}, "casademo.flagdata_suite.time_flagdata_list_summary": {"result": [11.847555752377957], "stats": [{"ci_99": [9.780116424430162, 13.91499508032575], "q_25": 11.82688135909848, "q_75": 11.868230145657435, "min": 11.806206965819001, "max": 11.888904538936913, "mean": 11.847555752377957, "std": 0.04134878655895591, "repeat": 2, "number": 2}]}, "casademo.flagdata_suite.time_flagdata_summary": {"result": [11.323752888944], "stats": [{"ci_99": [9.970392851624638, 12.67711292626336], "q_25": 11.310219288570806, "q_75": 11.337286489317194, "min": 11.296685688197613, "max": 11.350820089690387, "mean": 11.323752888944, "std": 0.027067200746387243, "repeat": 2, "number": 2}]}, "casademo.tclean_memory_suite.peakmem_tclean_setweighting": 1961037824, "casademo.tclean_memory_suite.track_tclean_file_descriptors_cubemode_mosaic_briggs": 128}, "params": {"arch": "x86_64", "cpu": "Intel(R) Xeon(R) CPU E5-1660 v4 @ 3.20GHz", "machine": "NRAO workstation", "num_cpu": "16", "os": "Linux 3.10.0-1160.15.2.el7.x86_64", "ram": "32GB", "python": "3.6", "pip+casatasks": "trunk"}, "requirements": {"pip+casatasks": "trunk"}, "commit_hash": "f5fe8333ae78bc778177c6df62a5cae65effedd1", "date": 1634582777000, "env_name": "virtualenv-py3.6-pip+casatasks-trunk", "python": "3.6", "profiles": {}, "started_at": {"casademo.calibration_suite.time_applycal_callib": 1637253941667, "casademo.calibration_suite.time_bandpass": 1637253459928, "casademo.calibration_suite.time_gaincal": 1637254019106, "casademo.flagdata_suite.time_flagdata_bandpassflag": 1637254143962, "casademo.flagdata_suite.time_flagdata_list": 1637254162408, "casademo.flagdata_suite.time_flagdata_list_summary": 1637254387712, "casademo.flagdata_suite.time_flagdata_summary": 1637254411370, "casademo.tclean_memory_suite.peakmem_tclean_setweighting": 1637254434126, "casademo.tclean_memory_suite.track_tclean_file_descriptors_cubemode_mosaic_briggs": 1637254607867}, "ended_at": {"casademo.calibration_suite.time_applycal_callib": 1637254019105, "casademo.calibration_suite.time_bandpass": 1637253525386, "casademo.calibration_suite.time_gaincal": 1637254143962, "casademo.flagdata_suite.time_flagdata_bandpassflag": 1637254162408, "casademo.flagdata_suite.time_flagdata_list": 1637254387711, "casademo.flagdata_suite.time_flagdata_list_summary": 1637254411369, "casademo.flagdata_suite.time_flagdata_summary": 1637254434125, "casademo.tclean_memory_suite.peakmem_tclean_setweighting": 1637254607867, "casademo.tclean_memory_suite.track_tclean_file_descriptors_cubemode_mosaic_briggs": 1637254779953}, "benchmark_version": {"casademo.calibration_suite.time_applycal_callib": "9ef394762fe7135f58c94c0e46a655fae93e7d107904ceff94d228f23b89a589", "casademo.calibration_suite.time_bandpass": "f706aa044f6bc64b915996b7bdd6bc5666cae0eb7c47ff9a70b5bced6c9fbd0c", "casademo.calibration_suite.time_gaincal": "56f8a9022caccdafe4240fb9a2766b2d5d56cc1c784bd724822d3b040f5b5309", "casademo.flagdata_suite.time_flagdata_bandpassflag": "f55e0ffa6be9d655555c5081a0e7bf2bc00b253273ba7c220de0bd2cfb3baf6c", "casademo.flagdata_suite.time_flagdata_list": "1a40b66ffb4a43d48af3407bae817ed4f7667fe778880859384f5f2e7c9c5d1f", "casademo.flagdata_suite.time_flagdata_list_summary": "3eb284062687484026a1defb4fceb705e83b244e37405f8794d431940ff44b08", "casademo.flagdata_suite.time_flagdata_summary": "9e569fb4e2a2f68e59c510bbf889632173be867104a4e5ba5a98d0eb110e82fb", "casademo.tclean_memory_suite.peakmem_tclean_setweighting": "c89589301c2c884b40375d00ec2f343d5ebdc195afbfc70ae2f149be692e8187", "casademo.tclean_memory_suite.track_tclean_file_descriptors_cubemode_mosaic_briggs": "e3aeb6edf33f78d2db6d58dfc61576924a9768f7a205164fcd839666bde1ae63"}, "version": 1}
