{"results": {"casademo.calibration_suite.time_applycal_callib": {"result": [27.29816168360412], "stats": [{"ci_99": [6.408198008313775, 48.18812535889445], "q_25": 27.089262046851218, "q_75": 27.507061320357025, "min": 26.880362410098314, "max": 27.715960957109928, "mean": 27.29816168360412, "std": 0.4177992735058069, "repeat": 2, "number": 2}]}, "casademo.calibration_suite.time_bandpass": {"result": [25.212239956483245], "stats": [{"ci_99": [2.5360932974144816, 47.888386615551994], "q_25": 24.985478489892557, "q_75": 25.439001423073933, "min": 24.75871702330187, "max": 25.66576288966462, "mean": 25.212239956483245, "std": 0.45352293318137527, "repeat": 2, "number": 2}]}, "casademo.calibration_suite.time_gaincal": {"result": [50.61567226983607], "stats": [{"ci_99": [23.613575721159577, 77.61776881851253], "q_25": 50.3456513043493, "q_75": 50.88569323532283, "min": 50.07563033886254, "max": 51.1557142008096, "mean": 50.61567226983607, "std": 0.5400419309735298, "repeat": 2, "number": 2}]}, "casademo.flagdata_suite.time_flagdata_bandpassflag": {"result": [5.564508537994698], "stats": [{"ci_99": [3.190479157259688, 7.938537918729706], "q_25": 5.540768244187348, "q_75": 5.588248831802048, "min": 5.5170279503799975, "max": 5.611989125609398, "mean": 5.564508537994698, "std": 0.0474805876147002, "repeat": 2, "number": 2}]}, "casademo.flagdata_suite.time_flagdata_list": {"result": [105.83087653061375], "stats": [{"ci_99": [103.93781128944829, 107.72394177177921], "q_25": 105.8119458782021, "q_75": 105.8498071830254, "min": 105.79301522579044, "max": 105.86873783543706, "mean": 105.83087653061375, "std": 0.03786130482330918, "repeat": 2, "number": 2}]}, "casademo.flagdata_suite.time_flagdata_list_summary": {"result": [7.831814911216497], "stats": [{"ci_99": [6.727971232496202, 8.935658589936793], "q_25": 7.8207764744292945, "q_75": 7.8428533480037, "min": 7.8097380376420915, "max": 7.853891784790903, "mean": 7.831814911216497, "std": 0.02207687357440591, "repeat": 2, "number": 2}]}, "casademo.flagdata_suite.time_flagdata_summary": {"result": [7.511894905241206], "stats": [{"ci_99": [6.873679789481685, 8.150110021000728], "q_25": 7.505512754083611, "q_75": 7.5182770563988015, "min": 7.499130602926016, "max": 7.524659207556397, "mean": 7.511894905241206, "std": 0.012764302315190434, "repeat": 2, "number": 2}]}, "casademo.tclean_memory_suite.peakmem_tclean_setweighting": 1864859648}, "params": {"arch": "x86_64", "cpu": "Intel(R) Xeon(R) CPU E5-1660 v4 @ 3.20GHz", "machine": "NRAO workstation", "num_cpu": "16", "os": "Linux 3.10.0-1160.15.2.el7.x86_64", "ram": "32GB", "python": "3.6", "pip+casatools": "6.2.0", "pip+casatasks": "6.2.0"}, "requirements": {"pip+casatools": "6.2.0", "pip+casatasks": "6.2.0"}, "commit_hash": "f8321727a117193c0fce39fcc2808cff4372f3b5", "date": 1601470824000, "env_name": "virtualenv-py3.6-pip+casatasks6.2.0.34-pip+casatools6.2.0.34", "python": "3.6", "profiles": {}, "started_at": {"casademo.calibration_suite.time_applycal_callib": 1629920243313, "casademo.calibration_suite.time_bandpass": 1629920320498, "casademo.calibration_suite.time_gaincal": 1629920398540, "casademo.flagdata_suite.time_flagdata_bandpassflag": 1629920523852, "casademo.flagdata_suite.time_flagdata_list": 1629920534932, "casademo.flagdata_suite.time_flagdata_list_summary": 1629920746752, "casademo.flagdata_suite.time_flagdata_summary": 1629920762442, "casademo.tclean_memory_suite.peakmem_tclean_setweighting": 1629920777481}, "ended_at": {"casademo.calibration_suite.time_applycal_callib": 1629920320498, "casademo.calibration_suite.time_bandpass": 1629920398540, "casademo.calibration_suite.time_gaincal": 1629920523848, "casademo.flagdata_suite.time_flagdata_bandpassflag": 1629920534931, "casademo.flagdata_suite.time_flagdata_list": 1629920746751, "casademo.flagdata_suite.time_flagdata_list_summary": 1629920762442, "casademo.flagdata_suite.time_flagdata_summary": 1629920777480, "casademo.tclean_memory_suite.peakmem_tclean_setweighting": 1629921073211}, "benchmark_version": {"casademo.calibration_suite.time_applycal_callib": "9ef394762fe7135f58c94c0e46a655fae93e7d107904ceff94d228f23b89a589", "casademo.calibration_suite.time_bandpass": "f706aa044f6bc64b915996b7bdd6bc5666cae0eb7c47ff9a70b5bced6c9fbd0c", "casademo.calibration_suite.time_gaincal": "56f8a9022caccdafe4240fb9a2766b2d5d56cc1c784bd724822d3b040f5b5309", "casademo.flagdata_suite.time_flagdata_bandpassflag": "f55e0ffa6be9d655555c5081a0e7bf2bc00b253273ba7c220de0bd2cfb3baf6c", "casademo.flagdata_suite.time_flagdata_list": "1a40b66ffb4a43d48af3407bae817ed4f7667fe778880859384f5f2e7c9c5d1f", "casademo.flagdata_suite.time_flagdata_list_summary": "3eb284062687484026a1defb4fceb705e83b244e37405f8794d431940ff44b08", "casademo.flagdata_suite.time_flagdata_summary": "9e569fb4e2a2f68e59c510bbf889632173be867104a4e5ba5a98d0eb110e82fb", "casademo.tclean_memory_suite.peakmem_tclean_setweighting": "b08240b9d9211ba7e2ce323aae697e4b25deb8a6db4c5e2e48519cedc4707769"}, "version": 1}
