{"results": {"casademo.calibration_suite.time_applycal_callib": {"result": [27.29816168360412], "stats": [{"ci_99": [6.408198008313775, 48.18812535889445], "q_25": 27.089262046851218, "q_75": 27.507061320357025, "min": 26.880362410098314, "max": 27.715960957109928, "mean": 27.29816168360412, "std": 0.4177992735058069, "repeat": 2, "number": 2}]}, "casademo.calibration_suite.time_bandpass": {"result": [25.212239956483245], "stats": [{"ci_99": [2.5360932974144816, 47.888386615551994], "q_25": 24.985478489892557, "q_75": 25.439001423073933, "min": 24.75871702330187, "max": 25.66576288966462, "mean": 25.212239956483245, "std": 0.45352293318137527, "repeat": 2, "number": 2}]}, "casademo.calibration_suite.time_gaincal": {"result": [50.61567226983607], "stats": [{"ci_99": [23.613575721159577, 77.61776881851253], "q_25": 50.3456513043493, "q_75": 50.88569323532283, "min": 50.07563033886254, "max": 51.1557142008096, "mean": 50.61567226983607, "std": 0.5400419309735298, "repeat": 2, "number": 2}]}, "casademo.flagdata_suite.time_flagdata_bandpassflag": {"result": [5.564508537994698], "stats": [{"ci_99": [3.190479157259688, 7.938537918729706], "q_25": 5.540768244187348, "q_75": 5.588248831802048, "min": 5.5170279503799975, "max": 5.611989125609398, "mean": 5.564508537994698, "std": 0.0474805876147002, "repeat": 2, "number": 2}]}, "casademo.flagdata_suite.time_flagdata_list": {"result": [105.83087653061375], "stats": [{"ci_99": [103.93781128944829, 107.72394177177921], "q_25": 105.8119458782021, "q_75": 105.8498071830254, "min": 105.79301522579044, "max": 105.86873783543706, "mean": 105.83087653061375, "std": 0.03786130482330918, "repeat": 2, "number": 2}]}, "casademo.flagdata_suite.time_flagdata_list_summary": {"result": [7.831814911216497], "stats": [{"ci_99": [6.727971232496202, 8.935658589936793], "q_25": 7.8207764744292945, "q_75": 7.8428533480037, "min": 7.8097380376420915, "max": 7.853891784790903, "mean": 7.831814911216497, "std": 0.02207687357440591, "repeat": 2, "number": 2}]}, "casademo.flagdata_suite.time_flagdata_summary": {"result": [7.511894905241206], "stats": [{"ci_99": [6.873679789481685, 8.150110021000728], "q_25": 7.505512754083611, "q_75": 7.5182770563988015, "min": 7.499130602926016, "max": 7.524659207556397, "mean": 7.511894905241206, "std": 0.012764302315190434, "repeat": 2, "number": 2}]}, "casademo.tclean_memory_suite.peakmem_tclean_setweighting": 1864859648}, "params": {"arch": "x86_64", "cpu": "Intel(R) Xeon(R) CPU E5-1660 v4 @ 3.20GHz", "machine": "NRAO workstation", "num_cpu": "16", "os": "Linux 3.10.0-1160.15.2.el7.x86_64", "ram": "32GB", "python": "3.6", "pip+casatools": "6.2.0", "pip+casatasks": "6.2.0"}, "requirements": {"pip+casatools": "6.2.0", "pip+casatasks": "6.2.0"}, "commit_hash": "f8321727a117193c0fce39fcc2808cff4372f3b5", "date": 1601470824000, "env_name": "virtualenv-py3.6-pip+casatasks6.2.0.34-pip+casatools6.2.0.34", "python": "3.6", "profiles": {}, "started_at": {"casademo.calibration_suite.time_applycal_callib": 1629920243313, "casademo.calibration_suite.time_bandpass": 1629920320498, "casademo.calibration_suite.time_gaincal": 1629920398540, "casademo.flagdata_suite.time_flagdata_bandpassflag": 1629920523852, "casademo.flagdata_suite.time_flagdata_list": 1629920534932, "casademo.flagdata_suite.time_flagdata_list_summary": 1629920746752, "casademo.flagdata_suite.time_flagdata_summary": 1629920762442, "casademo.tclean_memory_suite.peakmem_tclean_setweighting": 1629920777481}, "ended_at": {"casademo.calibration_suite.time_applycal_callib": 1629920320498, "casademo.calibration_suite.time_bandpass": 1629920398540, "casademo.calibration_suite.time_gaincal": 1629920523848, "casademo.flagdata_suite.time_flagdata_bandpassflag": 1629920534931, "casademo.flagdata_suite.time_flagdata_list": 1629920746751, "casademo.flagdata_suite.time_flagdata_list_summary": 1629920762442, "casademo.flagdata_suite.time_flagdata_summary": 1629920777480, "casademo.tclean_memory_suite.peakmem_tclean_setweighting": 1629921073211}, "benchmark_version": {"casademo.calibration_suite.time_applycal_callib": "1f6437b2270507d06f2c91c35b12dce1187d02851c4b0d0c872bbcfda3e5c4f6", "casademo.calibration_suite.time_bandpass": "a69d32cd1360ece09039f1051989506a7673f5a708021e87c81e0936374d64ce", "casademo.calibration_suite.time_gaincal": "70a393fa53b72183c406b9cc585dca7828b9b8d585b8077a80e0946ee81ebeb0", "casademo.flagdata_suite.time_flagdata_bandpassflag": "6bc01de4a73ffea44f2190b51350292cc1e1256989be0f26cc4ec77341df934a", "casademo.flagdata_suite.time_flagdata_list": "f4d15370d3c2c0c746d0c9c28b87ee190865ebfa9e210cc5773201bea0df7bf9", "casademo.flagdata_suite.time_flagdata_list_summary": "58e4c1cc3e1c3c5f723c910c861bad52078405a7026f0321526fad1a15b04ee3", "casademo.flagdata_suite.time_flagdata_summary": "7d302987a4e4e75e43325fd83f2c968688e4b8a56a6476db46a4fcc0bc003e95", "casademo.tclean_memory_suite.peakmem_tclean_setweighting": "3fb5214d1e8e5bf8170efbe8114cd88b0e1e51db87c955bc588eb95ba91e4f71"}, "version": 1}
