{"results": {"casademo.calibration_suite.time_applycal_callib": {"result": [27.20243027037941], "stats": [{"ci_99": [-21.120898231631145, 75.52575877238992], "q_25": 26.719196985359304, "q_75": 27.685663555399515, "min": 26.235963700339198, "max": 28.16889684041962, "mean": 27.20243027037941, "std": 0.9664665700402111, "repeat": 2, "number": 2}]}, "casademo.calibration_suite.time_bandpass": {"result": [25.675595965702087], "stats": [{"ci_99": [14.629175392445177, 36.72201653895899], "q_25": 25.565131759969518, "q_75": 25.786060171434656, "min": 25.45466755423695, "max": 25.896524377167225, "mean": 25.675595965702087, "std": 0.2209284114651382, "repeat": 2, "number": 2}]}, "casademo.calibration_suite.time_gaincal": {"result": [51.16654457827099], "stats": [{"ci_99": [16.250183913623914, 86.08290524291803], "q_25": 50.817380971624516, "q_75": 51.51570818491746, "min": 50.468217364978045, "max": 51.86487179156393, "mean": 51.16654457827099, "std": 0.6983272132929415, "repeat": 2, "number": 2}]}, "casademo.flagdata_suite.time_flagdata_bandpassflag": {"result": [30.688872636528686], "stats": [{"ci_99": [29.550723073771223, 31.827022199286148], "q_25": 30.67749114090111, "q_75": 30.70025413215626, "min": 30.666109645273536, "max": 30.711635627783835, "mean": 30.688872636528686, "std": 0.022762991255149245, "repeat": 2, "number": 2}]}, "casademo.flagdata_suite.time_flagdata_list": {"result": [132.37608716310933], "stats": [{"ci_99": [130.5787569466047, 134.17341737961397], "q_25": 132.3581138609443, "q_75": 132.39406046527438, "min": 132.34014055877924, "max": 132.41203376743942, "mean": 132.37608716310933, "std": 0.03594660433009267, "repeat": 2, "number": 2}]}, "casademo.flagdata_suite.time_flagdata_list_summary": {"result": [33.198983050882816], "stats": [{"ci_99": [17.145475666970015, 49.252490434795604], "q_25": 33.03844797704369, "q_75": 33.359518124721944, "min": 32.87791290320456, "max": 33.52005319856107, "mean": 33.198983050882816, "std": 0.32107014767825603, "repeat": 2, "number": 2}]}, "casademo.flagdata_suite.time_flagdata_summary": {"result": [33.804127807496116], "stats": [{"ci_99": [6.098423514747992, 61.50983210024421], "q_25": 33.527070764568634, "q_75": 34.0811848504236, "min": 33.25001372164115, "max": 34.35824189335108, "mean": 33.804127807496116, "std": 0.5541140858549625, "repeat": 2, "number": 2}]}, "casademo.tclean_memory_suite.peakmem_tclean_setweighting": 2032914432}, "params": {"arch": "x86_64", "cpu": "Intel(R) Xeon(R) CPU E5-1660 v4 @ 3.20GHz", "machine": "NRAO workstation", "num_cpu": "16", "os": "Linux 3.10.0-1160.15.2.el7.x86_64", "ram": "32GB", "python": "3.6", "pip+casatools": "6.2.0", "pip+casatasks": "6.2.0"}, "requirements": {"pip+casatools": "6.2.0", "pip+casatasks": "6.2.0"}, "commit_hash": "f894233925c069aba78da62ecaff10983212aacd", "date": 1610652114000, "env_name": "virtualenv-py3.6-pip+casatasks6.2.0.71-pip+casatools6.2.0.71", "python": "3.6", "profiles": {}, "started_at": {"casademo.calibration_suite.time_applycal_callib": 1629854925104, "casademo.calibration_suite.time_bandpass": 1629855004555, "casademo.calibration_suite.time_gaincal": 1629855082293, "casademo.flagdata_suite.time_flagdata_bandpassflag": 1629855205149, "casademo.flagdata_suite.time_flagdata_list": 1629855266640, "casademo.flagdata_suite.time_flagdata_list_summary": 1629855531531, "casademo.flagdata_suite.time_flagdata_summary": 1629855598635, "casademo.tclean_memory_suite.peakmem_tclean_setweighting": 1629855665188}, "ended_at": {"casademo.calibration_suite.time_applycal_callib": 1629855004554, "casademo.calibration_suite.time_bandpass": 1629855082292, "casademo.calibration_suite.time_gaincal": 1629855205146, "casademo.flagdata_suite.time_flagdata_bandpassflag": 1629855266640, "casademo.flagdata_suite.time_flagdata_list": 1629855531531, "casademo.flagdata_suite.time_flagdata_list_summary": 1629855598634, "casademo.flagdata_suite.time_flagdata_summary": 1629855665187, "casademo.tclean_memory_suite.peakmem_tclean_setweighting": 1629856259199}, "benchmark_version": {"casademo.calibration_suite.time_applycal_callib": "9ef394762fe7135f58c94c0e46a655fae93e7d107904ceff94d228f23b89a589", "casademo.calibration_suite.time_bandpass": "f706aa044f6bc64b915996b7bdd6bc5666cae0eb7c47ff9a70b5bced6c9fbd0c", "casademo.calibration_suite.time_gaincal": "56f8a9022caccdafe4240fb9a2766b2d5d56cc1c784bd724822d3b040f5b5309", "casademo.flagdata_suite.time_flagdata_bandpassflag": "f55e0ffa6be9d655555c5081a0e7bf2bc00b253273ba7c220de0bd2cfb3baf6c", "casademo.flagdata_suite.time_flagdata_list": "1a40b66ffb4a43d48af3407bae817ed4f7667fe778880859384f5f2e7c9c5d1f", "casademo.flagdata_suite.time_flagdata_list_summary": "3eb284062687484026a1defb4fceb705e83b244e37405f8794d431940ff44b08", "casademo.flagdata_suite.time_flagdata_summary": "9e569fb4e2a2f68e59c510bbf889632173be867104a4e5ba5a98d0eb110e82fb", "casademo.tclean_memory_suite.peakmem_tclean_setweighting": "b08240b9d9211ba7e2ce323aae697e4b25deb8a6db4c5e2e48519cedc4707769"}, "version": 1}
