{"results": {"casademo.calibration_suite.time_applycal_callib": {"result": [27.20243027037941], "stats": [{"ci_99": [-21.120898231631145, 75.52575877238992], "q_25": 26.719196985359304, "q_75": 27.685663555399515, "min": 26.235963700339198, "max": 28.16889684041962, "mean": 27.20243027037941, "std": 0.9664665700402111, "repeat": 2, "number": 2}]}, "casademo.calibration_suite.time_bandpass": {"result": [25.675595965702087], "stats": [{"ci_99": [14.629175392445177, 36.72201653895899], "q_25": 25.565131759969518, "q_75": 25.786060171434656, "min": 25.45466755423695, "max": 25.896524377167225, "mean": 25.675595965702087, "std": 0.2209284114651382, "repeat": 2, "number": 2}]}, "casademo.calibration_suite.time_gaincal": {"result": [51.16654457827099], "stats": [{"ci_99": [16.250183913623914, 86.08290524291803], "q_25": 50.817380971624516, "q_75": 51.51570818491746, "min": 50.468217364978045, "max": 51.86487179156393, "mean": 51.16654457827099, "std": 0.6983272132929415, "repeat": 2, "number": 2}]}, "casademo.flagdata_suite.time_flagdata_bandpassflag": {"result": [30.688872636528686], "stats": [{"ci_99": [29.550723073771223, 31.827022199286148], "q_25": 30.67749114090111, "q_75": 30.70025413215626, "min": 30.666109645273536, "max": 30.711635627783835, "mean": 30.688872636528686, "std": 0.022762991255149245, "repeat": 2, "number": 2}]}, "casademo.flagdata_suite.time_flagdata_list": {"result": [132.37608716310933], "stats": [{"ci_99": [130.5787569466047, 134.17341737961397], "q_25": 132.3581138609443, "q_75": 132.39406046527438, "min": 132.34014055877924, "max": 132.41203376743942, "mean": 132.37608716310933, "std": 0.03594660433009267, "repeat": 2, "number": 2}]}, "casademo.flagdata_suite.time_flagdata_list_summary": {"result": [33.198983050882816], "stats": [{"ci_99": [17.145475666970015, 49.252490434795604], "q_25": 33.03844797704369, "q_75": 33.359518124721944, "min": 32.87791290320456, "max": 33.52005319856107, "mean": 33.198983050882816, "std": 0.32107014767825603, "repeat": 2, "number": 2}]}, "casademo.flagdata_suite.time_flagdata_summary": {"result": [33.804127807496116], "stats": [{"ci_99": [6.098423514747992, 61.50983210024421], "q_25": 33.527070764568634, "q_75": 34.0811848504236, "min": 33.25001372164115, "max": 34.35824189335108, "mean": 33.804127807496116, "std": 0.5541140858549625, "repeat": 2, "number": 2}]}, "casademo.tclean_memory_suite.peakmem_tclean_setweighting": 2032914432}, "params": {"arch": "x86_64", "cpu": "Intel(R) Xeon(R) CPU E5-1660 v4 @ 3.20GHz", "machine": "NRAO workstation", "num_cpu": "16", "os": "Linux 3.10.0-1160.15.2.el7.x86_64", "ram": "32GB", "python": "3.6", "pip+casatools": "6.2.0", "pip+casatasks": "6.2.0"}, "requirements": {"pip+casatools": "6.2.0", "pip+casatasks": "6.2.0"}, "commit_hash": "f894233925c069aba78da62ecaff10983212aacd", "date": 1610652114000, "env_name": "virtualenv-py3.6-pip+casatasks6.2.0.71-pip+casatools6.2.0.71", "python": "3.6", "profiles": {}, "started_at": {"casademo.calibration_suite.time_applycal_callib": 1629854925104, "casademo.calibration_suite.time_bandpass": 1629855004555, "casademo.calibration_suite.time_gaincal": 1629855082293, "casademo.flagdata_suite.time_flagdata_bandpassflag": 1629855205149, "casademo.flagdata_suite.time_flagdata_list": 1629855266640, "casademo.flagdata_suite.time_flagdata_list_summary": 1629855531531, "casademo.flagdata_suite.time_flagdata_summary": 1629855598635, "casademo.tclean_memory_suite.peakmem_tclean_setweighting": 1629855665188}, "ended_at": {"casademo.calibration_suite.time_applycal_callib": 1629855004554, "casademo.calibration_suite.time_bandpass": 1629855082292, "casademo.calibration_suite.time_gaincal": 1629855205146, "casademo.flagdata_suite.time_flagdata_bandpassflag": 1629855266640, "casademo.flagdata_suite.time_flagdata_list": 1629855531531, "casademo.flagdata_suite.time_flagdata_list_summary": 1629855598634, "casademo.flagdata_suite.time_flagdata_summary": 1629855665187, "casademo.tclean_memory_suite.peakmem_tclean_setweighting": 1629856259199}, "benchmark_version": {"casademo.calibration_suite.time_applycal_callib": "1f6437b2270507d06f2c91c35b12dce1187d02851c4b0d0c872bbcfda3e5c4f6", "casademo.calibration_suite.time_bandpass": "a69d32cd1360ece09039f1051989506a7673f5a708021e87c81e0936374d64ce", "casademo.calibration_suite.time_gaincal": "70a393fa53b72183c406b9cc585dca7828b9b8d585b8077a80e0946ee81ebeb0", "casademo.flagdata_suite.time_flagdata_bandpassflag": "6bc01de4a73ffea44f2190b51350292cc1e1256989be0f26cc4ec77341df934a", "casademo.flagdata_suite.time_flagdata_list": "f4d15370d3c2c0c746d0c9c28b87ee190865ebfa9e210cc5773201bea0df7bf9", "casademo.flagdata_suite.time_flagdata_list_summary": "58e4c1cc3e1c3c5f723c910c861bad52078405a7026f0321526fad1a15b04ee3", "casademo.flagdata_suite.time_flagdata_summary": "7d302987a4e4e75e43325fd83f2c968688e4b8a56a6476db46a4fcc0bc003e95", "casademo.tclean_memory_suite.peakmem_tclean_setweighting": "3fb5214d1e8e5bf8170efbe8114cd88b0e1e51db87c955bc588eb95ba91e4f71"}, "version": 1}
