{"results": {"casademo.tclean_memory_suite.peakmem_tclean_setweighting": 1959383040, "casademo.calibration_suite.time_applycal_callib": {"result": [26.32668597716838], "stats": [{"ci_99": [-11.488397958688438, 64.14176991302517], "q_25": 25.948535137809813, "q_75": 26.70483681652695, "min": 25.570384298451245, "max": 27.082987655885518, "mean": 26.32668597716838, "std": 0.7563016787171364, "repeat": 2, "number": 2}]}, "casademo.calibration_suite.time_bandpass": {"result": [32.14431496267207], "stats": [{"ci_99": [-347.5950916141737, 411.8837215395175], "q_25": 28.34692089690361, "q_75": 35.94170902844053, "min": 24.549526831135154, "max": 39.739103094208986, "mean": 32.14431496267207, "std": 7.594788131536916, "repeat": 2, "number": 2}]}, "casademo.calibration_suite.time_gaincal": {"result": [49.98204940534197], "stats": [{"ci_99": [22.738328327657655, 77.22577048302625], "q_25": 49.709612194565125, "q_75": 50.25448661611881, "min": 49.43717498378828, "max": 50.526923826895654, "mean": 49.98204940534197, "std": 0.5448744215536863, "repeat": 2, "number": 2}]}, "casademo.flagdata_suite.time_flagdata_bandpassflag": {"result": [9.135856247274205], "stats": [{"ci_99": [8.212758589768782, 10.058953904779628], "q_25": 9.12662527069915, "q_75": 9.14508722384926, "min": 9.117394294124097, "max": 9.154318200424314, "mean": 9.135856247274205, "std": 0.018461953150108457, "repeat": 2, "number": 2}]}, "casademo.flagdata_suite.time_flagdata_list": {"result": [112.60421817842871], "stats": [{"ci_99": [107.6966143604368, 117.51182199642062], "q_25": 112.55514214024879, "q_75": 112.65329421660863, "min": 112.50606610206887, "max": 112.70237025478855, "mean": 112.60421817842871, "std": 0.09815207635983825, "repeat": 2, "number": 2}]}, "casademo.flagdata_suite.time_flagdata_list_summary": {"result": [11.761013081064448], "stats": [{"ci_99": [9.807536914246157, 13.714489247882737], "q_25": 11.741478319396265, "q_75": 11.78054784273263, "min": 11.721943557728082, "max": 11.800082604400814, "mean": 11.761013081064448, "std": 0.03906952333636582, "repeat": 2, "number": 2}]}, "casademo.flagdata_suite.time_flagdata_summary": {"result": [11.454978088382632], "stats": [{"ci_99": [11.240001829806715, 11.669954346958548], "q_25": 11.452828325796872, "q_75": 11.45712785096839, "min": 11.450678563211113, "max": 11.45927761355415, "mean": 11.454978088382632, "std": 0.004299525171518326, "repeat": 2, "number": 2}]}, "casademo.tclean_memory_suite.track_tclean_file_descriptors_cubemode_mosaic_briggs": 128}, "params": {"arch": "x86_64", "cpu": "Intel(R) Xeon(R) CPU E5-1660 v4 @ 3.20GHz", "machine": "NRAO workstation", "num_cpu": "16", "os": "Linux 3.10.0-1160.15.2.el7.x86_64", "ram": "32GB", "python": "3.6", "pip+casatools": "trunk", "pip+casatasks": "trunk"}, "requirements": {"pip+casatools": "trunk", "pip+casatasks": "trunk"}, "commit_hash": "f8ff1d6a95a336f64873ed453e0c58248b2fd402", "date": 1625089589000, "env_name": "virtualenv-py3.6-pip+casatasks-trunk-pip+casatools-trunk", "python": "3.6", "profiles": {}, "started_at": {"casademo.tclean_memory_suite.peakmem_tclean_setweighting": 1630012818745, "casademo.calibration_suite.time_applycal_callib": 1630012202861, "casademo.calibration_suite.time_bandpass": 1630012280858, "casademo.calibration_suite.time_gaincal": 1630012404867, "casademo.flagdata_suite.time_flagdata_bandpassflag": 1630012528729, "casademo.flagdata_suite.time_flagdata_list": 1630012547076, "casademo.flagdata_suite.time_flagdata_list_summary": 1630012772129, "casademo.flagdata_suite.time_flagdata_summary": 1630012795786, "casademo.tclean_memory_suite.track_tclean_file_descriptors_cubemode_mosaic_briggs": 1631888144385}, "ended_at": {"casademo.tclean_memory_suite.peakmem_tclean_setweighting": 1630012992369, "casademo.calibration_suite.time_applycal_callib": 1630012280858, "casademo.calibration_suite.time_bandpass": 1630012404867, "casademo.calibration_suite.time_gaincal": 1630012528722, "casademo.flagdata_suite.time_flagdata_bandpassflag": 1630012547075, "casademo.flagdata_suite.time_flagdata_list": 1630012772128, "casademo.flagdata_suite.time_flagdata_list_summary": 1630012795786, "casademo.flagdata_suite.time_flagdata_summary": 1630012818745, "casademo.tclean_memory_suite.track_tclean_file_descriptors_cubemode_mosaic_briggs": 1631888318216}, "benchmark_version": {"casademo.calibration_suite.time_applycal_callib": "9ef394762fe7135f58c94c0e46a655fae93e7d107904ceff94d228f23b89a589", "casademo.calibration_suite.time_bandpass": "f706aa044f6bc64b915996b7bdd6bc5666cae0eb7c47ff9a70b5bced6c9fbd0c", "casademo.calibration_suite.time_gaincal": "56f8a9022caccdafe4240fb9a2766b2d5d56cc1c784bd724822d3b040f5b5309", "casademo.flagdata_suite.time_flagdata_bandpassflag": "f55e0ffa6be9d655555c5081a0e7bf2bc00b253273ba7c220de0bd2cfb3baf6c", "casademo.flagdata_suite.time_flagdata_list": "1a40b66ffb4a43d48af3407bae817ed4f7667fe778880859384f5f2e7c9c5d1f", "casademo.flagdata_suite.time_flagdata_list_summary": "3eb284062687484026a1defb4fceb705e83b244e37405f8794d431940ff44b08", "casademo.flagdata_suite.time_flagdata_summary": "9e569fb4e2a2f68e59c510bbf889632173be867104a4e5ba5a98d0eb110e82fb", "casademo.tclean_memory_suite.peakmem_tclean_setweighting": "b08240b9d9211ba7e2ce323aae697e4b25deb8a6db4c5e2e48519cedc4707769", "casademo.tclean_memory_suite.track_tclean_file_descriptors_cubemode_mosaic_briggs": "e3aeb6edf33f78d2db6d58dfc61576924a9768f7a205164fcd839666bde1ae63"}, "version": 1}
