{"results": {"casademo.calibration_suite.time_applycal_callib": {"result": [35.5030809098389], "stats": [{"ci_99": [-371.279042850947, 442.28520467062447], "q_25": 31.43525967223104, "q_75": 39.57090214744676, "min": 27.367438434623182, "max": 43.63872338505462, "mean": 35.5030809098389, "std": 8.135642475215718, "repeat": 2, "number": 2}]}, "casademo.calibration_suite.time_bandpass": {"result": [25.357605305267498], "stats": [{"ci_99": [5.067602042341605, 45.64760856819338], "q_25": 25.15470527263824, "q_75": 25.560505337896757, "min": 24.95180524000898, "max": 25.763405370526016, "mean": 25.357605305267498, "std": 0.40580006525851786, "repeat": 2, "number": 2}]}, "casademo.calibration_suite.time_gaincal": {"result": [50.410735407145694], "stats": [{"ci_99": [20.89977971999906, 79.9216910942923], "q_25": 50.11562585027423, "q_75": 50.70584496401716, "min": 49.82051629340276, "max": 51.00095452088863, "mean": 50.410735407145694, "std": 0.5902191137429327, "repeat": 2, "number": 2}]}, "casademo.flagdata_suite.time_flagdata_bandpassflag": {"result": [31.715149469673634], "stats": [{"ci_99": [28.92371797002852, 34.50658096931875], "q_25": 31.687235154677182, "q_75": 31.743063784670085, "min": 31.65932083968073, "max": 31.770978099666536, "mean": 31.715149469673634, "std": 0.05582862999290228, "repeat": 2, "number": 2}]}, "casademo.flagdata_suite.time_flagdata_list": {"result": [131.84066832787357], "stats": [{"ci_99": [57.580266683595255, 206.10106997215183], "q_25": 131.0980643114308, "q_75": 132.58327234431636, "min": 130.355460294988, "max": 133.32587636075914, "mean": 131.84066832787357, "std": 1.4852080328855664, "repeat": 2, "number": 2}]}, "casademo.flagdata_suite.time_flagdata_list_summary": {"result": [33.680322870379314], "stats": [{"ci_99": [31.65550015331246, 35.70514558744617], "q_25": 33.660074643208645, "q_75": 33.70057109754998, "min": 33.63982641603798, "max": 33.72081932472065, "mean": 33.680322870379314, "std": 0.040496454341337085, "repeat": 2, "number": 2}]}, "casademo.flagdata_suite.time_flagdata_summary": {"result": [32.62442189711146], "stats": [{"ci_99": [29.987922066124156, 35.260921728098765], "q_25": 32.59805689880159, "q_75": 32.650786895421334, "min": 32.571691900491714, "max": 32.67715189373121, "mean": 32.62442189711146, "std": 0.05272999661974609, "repeat": 2, "number": 2}]}, "casademo.tclean_memory_suite.peakmem_tclean_setweighting": 2154655744}, "params": {"arch": "x86_64", "cpu": "Intel(R) Xeon(R) CPU E5-1660 v4 @ 3.20GHz", "machine": "NRAO workstation", "num_cpu": "16", "os": "Linux 3.10.0-1160.15.2.el7.x86_64", "ram": "32GB", "python": "3.6", "pip+casatools": "6.2.0", "pip+casatasks": "6.2.0"}, "requirements": {"pip+casatools": "6.2.0", "pip+casatasks": "6.2.0"}, "commit_hash": "fdf7d3d3bb87c8f2363adb94cfc56654f821bc3f", "date": 1619813497000, "env_name": "virtualenv-py3.6-pip+casatasks6.2.0.119-pip+casatools6.2.0.119", "python": "3.6", "profiles": {}, "started_at": {"casademo.calibration_suite.time_applycal_callib": 1629929516501, "casademo.calibration_suite.time_bandpass": 1629929630032, "casademo.calibration_suite.time_gaincal": 1629929707174, "casademo.flagdata_suite.time_flagdata_bandpassflag": 1629929830938, "casademo.flagdata_suite.time_flagdata_list": 1629929894334, "casademo.flagdata_suite.time_flagdata_list_summary": 1629930161028, "casademo.flagdata_suite.time_flagdata_summary": 1629930228533, "casademo.tclean_memory_suite.peakmem_tclean_setweighting": 1629930293733}, "ended_at": {"casademo.calibration_suite.time_applycal_callib": 1629929630031, "casademo.calibration_suite.time_bandpass": 1629929707173, "casademo.calibration_suite.time_gaincal": 1629929830930, "casademo.flagdata_suite.time_flagdata_bandpassflag": 1629929894334, "casademo.flagdata_suite.time_flagdata_list": 1629930161028, "casademo.flagdata_suite.time_flagdata_list_summary": 1629930228533, "casademo.flagdata_suite.time_flagdata_summary": 1629930293732, "casademo.tclean_memory_suite.peakmem_tclean_setweighting": 1629930479396}, "benchmark_version": {"casademo.calibration_suite.time_applycal_callib": "1f6437b2270507d06f2c91c35b12dce1187d02851c4b0d0c872bbcfda3e5c4f6", "casademo.calibration_suite.time_bandpass": "a69d32cd1360ece09039f1051989506a7673f5a708021e87c81e0936374d64ce", "casademo.calibration_suite.time_gaincal": "70a393fa53b72183c406b9cc585dca7828b9b8d585b8077a80e0946ee81ebeb0", "casademo.flagdata_suite.time_flagdata_bandpassflag": "6bc01de4a73ffea44f2190b51350292cc1e1256989be0f26cc4ec77341df934a", "casademo.flagdata_suite.time_flagdata_list": "f4d15370d3c2c0c746d0c9c28b87ee190865ebfa9e210cc5773201bea0df7bf9", "casademo.flagdata_suite.time_flagdata_list_summary": "58e4c1cc3e1c3c5f723c910c861bad52078405a7026f0321526fad1a15b04ee3", "casademo.flagdata_suite.time_flagdata_summary": "7d302987a4e4e75e43325fd83f2c968688e4b8a56a6476db46a4fcc0bc003e95", "casademo.tclean_memory_suite.peakmem_tclean_setweighting": "3fb5214d1e8e5bf8170efbe8114cd88b0e1e51db87c955bc588eb95ba91e4f71"}, "version": 1}
