{"results": {"casademo.calibration_suite.time_applycal_callib": {"result": [35.5030809098389], "stats": [{"ci_99": [-371.279042850947, 442.28520467062447], "q_25": 31.43525967223104, "q_75": 39.57090214744676, "min": 27.367438434623182, "max": 43.63872338505462, "mean": 35.5030809098389, "std": 8.135642475215718, "repeat": 2, "number": 2}]}, "casademo.calibration_suite.time_bandpass": {"result": [25.357605305267498], "stats": [{"ci_99": [5.067602042341605, 45.64760856819338], "q_25": 25.15470527263824, "q_75": 25.560505337896757, "min": 24.95180524000898, "max": 25.763405370526016, "mean": 25.357605305267498, "std": 0.40580006525851786, "repeat": 2, "number": 2}]}, "casademo.calibration_suite.time_gaincal": {"result": [50.410735407145694], "stats": [{"ci_99": [20.89977971999906, 79.9216910942923], "q_25": 50.11562585027423, "q_75": 50.70584496401716, "min": 49.82051629340276, "max": 51.00095452088863, "mean": 50.410735407145694, "std": 0.5902191137429327, "repeat": 2, "number": 2}]}, "casademo.flagdata_suite.time_flagdata_bandpassflag": {"result": [31.715149469673634], "stats": [{"ci_99": [28.92371797002852, 34.50658096931875], "q_25": 31.687235154677182, "q_75": 31.743063784670085, "min": 31.65932083968073, "max": 31.770978099666536, "mean": 31.715149469673634, "std": 0.05582862999290228, "repeat": 2, "number": 2}]}, "casademo.flagdata_suite.time_flagdata_list": {"result": [131.84066832787357], "stats": [{"ci_99": [57.580266683595255, 206.10106997215183], "q_25": 131.0980643114308, "q_75": 132.58327234431636, "min": 130.355460294988, "max": 133.32587636075914, "mean": 131.84066832787357, "std": 1.4852080328855664, "repeat": 2, "number": 2}]}, "casademo.flagdata_suite.time_flagdata_list_summary": {"result": [33.680322870379314], "stats": [{"ci_99": [31.65550015331246, 35.70514558744617], "q_25": 33.660074643208645, "q_75": 33.70057109754998, "min": 33.63982641603798, "max": 33.72081932472065, "mean": 33.680322870379314, "std": 0.040496454341337085, "repeat": 2, "number": 2}]}, "casademo.flagdata_suite.time_flagdata_summary": {"result": [32.62442189711146], "stats": [{"ci_99": [29.987922066124156, 35.260921728098765], "q_25": 32.59805689880159, "q_75": 32.650786895421334, "min": 32.571691900491714, "max": 32.67715189373121, "mean": 32.62442189711146, "std": 0.05272999661974609, "repeat": 2, "number": 2}]}, "casademo.tclean_memory_suite.peakmem_tclean_setweighting": 2154655744}, "params": {"arch": "x86_64", "cpu": "Intel(R) Xeon(R) CPU E5-1660 v4 @ 3.20GHz", "machine": "NRAO workstation", "num_cpu": "16", "os": "Linux 3.10.0-1160.15.2.el7.x86_64", "ram": "32GB", "python": "3.6", "pip+casatools": "trunk", "pip+casatasks": "trunk"}, "requirements": {"pip+casatools": "trunk", "pip+casatasks": "trunk"}, "commit_hash": "fdf7d3d3bb87c8f2363adb94cfc56654f821bc3f", "date": 1619813497000, "env_name": "virtualenv-py3.6-pip+casatasks-trunk-pip+casatools-trunk", "python": "3.6", "profiles": {}, "started_at": {"casademo.calibration_suite.time_applycal_callib": 1629929516501, "casademo.calibration_suite.time_bandpass": 1629929630032, "casademo.calibration_suite.time_gaincal": 1629929707174, "casademo.flagdata_suite.time_flagdata_bandpassflag": 1629929830938, "casademo.flagdata_suite.time_flagdata_list": 1629929894334, "casademo.flagdata_suite.time_flagdata_list_summary": 1629930161028, "casademo.flagdata_suite.time_flagdata_summary": 1629930228533, "casademo.tclean_memory_suite.peakmem_tclean_setweighting": 1629930293733}, "ended_at": {"casademo.calibration_suite.time_applycal_callib": 1629929630031, "casademo.calibration_suite.time_bandpass": 1629929707173, "casademo.calibration_suite.time_gaincal": 1629929830930, "casademo.flagdata_suite.time_flagdata_bandpassflag": 1629929894334, "casademo.flagdata_suite.time_flagdata_list": 1629930161028, "casademo.flagdata_suite.time_flagdata_list_summary": 1629930228533, "casademo.flagdata_suite.time_flagdata_summary": 1629930293732, "casademo.tclean_memory_suite.peakmem_tclean_setweighting": 1629930479396}, "benchmark_version": {"casademo.calibration_suite.time_applycal_callib": "9ef394762fe7135f58c94c0e46a655fae93e7d107904ceff94d228f23b89a589", "casademo.calibration_suite.time_bandpass": "f706aa044f6bc64b915996b7bdd6bc5666cae0eb7c47ff9a70b5bced6c9fbd0c", "casademo.calibration_suite.time_gaincal": "56f8a9022caccdafe4240fb9a2766b2d5d56cc1c784bd724822d3b040f5b5309", "casademo.flagdata_suite.time_flagdata_bandpassflag": "f55e0ffa6be9d655555c5081a0e7bf2bc00b253273ba7c220de0bd2cfb3baf6c", "casademo.flagdata_suite.time_flagdata_list": "1a40b66ffb4a43d48af3407bae817ed4f7667fe778880859384f5f2e7c9c5d1f", "casademo.flagdata_suite.time_flagdata_list_summary": "3eb284062687484026a1defb4fceb705e83b244e37405f8794d431940ff44b08", "casademo.flagdata_suite.time_flagdata_summary": "9e569fb4e2a2f68e59c510bbf889632173be867104a4e5ba5a98d0eb110e82fb", "casademo.tclean_memory_suite.peakmem_tclean_setweighting": "b08240b9d9211ba7e2ce323aae697e4b25deb8a6db4c5e2e48519cedc4707769"}, "version": 1}
