{"results": {"casademo.tclean_memory_suite.peakmem_tclean_setweighting": 2154491904, "casademo.calibration_suite.time_applycal_callib": {"result": [26.866174376104027], "stats": [{"ci_99": [23.070306799840182, 30.66204195236787], "q_25": 26.82821570034139, "q_75": 26.904133051866665, "min": 26.79025702457875, "max": 26.942091727629304, "mean": 26.866174376104027, "std": 0.0759173515252769, "repeat": 2, "number": 2}]}, "casademo.calibration_suite.time_bandpass": {"result": [36.84224384021945], "stats": [{"ci_99": [-560.314727119403, 633.9992147998414], "q_25": 30.87067413062323, "q_75": 42.81381354981568, "min": 24.899104421027005, "max": 48.7853832594119, "mean": 36.84224384021945, "std": 11.943139419192448, "repeat": 2, "number": 2}]}, "casademo.calibration_suite.time_gaincal": {"result": [50.21816846891306], "stats": [{"ci_99": [35.72235500649549, 64.71398193133062], "q_25": 50.07321033428889, "q_75": 50.36312660353724, "min": 49.92825219966471, "max": 50.508084738161415, "mean": 50.21816846891306, "std": 0.28991626924835145, "repeat": 2, "number": 2}]}, "casademo.flagdata_suite.time_flagdata_bandpassflag": {"result": [31.964651791611686], "stats": [{"ci_99": [29.15627416758798, 34.77302941563539], "q_25": 31.93656801537145, "q_75": 31.992735567851923, "min": 31.908484239131212, "max": 32.02081934409216, "mean": 31.964651791611686, "std": 0.056167552480474114, "repeat": 2, "number": 2}]}, "casademo.flagdata_suite.time_flagdata_list": {"result": [134.70060125738382], "stats": [{"ci_99": [58.450396766886115, 210.95080574788147], "q_25": 133.93809921247885, "q_75": 135.4631033022888, "min": 133.17559716757387, "max": 136.22560534719378, "mean": 134.70060125738382, "std": 1.5250040898099542, "repeat": 2, "number": 2}]}, "casademo.flagdata_suite.time_flagdata_list_summary": {"result": [34.32841407973319], "stats": [{"ci_99": [18.290223273448646, 50.366604886017726], "q_25": 34.16803217167035, "q_75": 34.48879598779604, "min": 34.0076502636075, "max": 34.649177895858884, "mean": 34.32841407973319, "std": 0.32076381612569094, "repeat": 2, "number": 2}]}, "casademo.flagdata_suite.time_flagdata_summary": {"result": [33.66716349613853], "stats": [{"ci_99": [-4.1743128292728215, 71.50863982154985], "q_25": 33.288748732884414, "q_75": 34.04557825939264, "min": 32.9103339696303, "max": 34.423993022646755, "mean": 33.66716349613853, "std": 0.756829526508227, "repeat": 2, "number": 2}]}}, "params": {"arch": "x86_64", "cpu": "Intel(R) Xeon(R) CPU E5-1660 v4 @ 3.20GHz", "machine": "NRAO workstation", "num_cpu": "16", "os": "Linux 3.10.0-1160.15.2.el7.x86_64", "ram": "32GB", "python": "3.6", "pip+casatools": "6.2.0", "pip+casatasks": "6.2.0"}, "requirements": {"pip+casatools": "6.2.0", "pip+casatasks": "6.2.0"}, "commit_hash": "fff6175fe0925cc84396b437f428c34a8b6ede16", "date": 1619964977000, "env_name": "virtualenv-py3.6-pip+casatasks6.2.0.120-pip+casatools6.2.0.120", "python": "3.6", "profiles": {}, "started_at": {"casademo.tclean_memory_suite.peakmem_tclean_setweighting": 1629933499435, "casademo.calibration_suite.time_applycal_callib": 1629932705579, "casademo.calibration_suite.time_bandpass": 1629932781671, "casademo.calibration_suite.time_gaincal": 1629932904968, "casademo.flagdata_suite.time_flagdata_bandpassflag": 1629933028923, "casademo.flagdata_suite.time_flagdata_list": 1629933093020, "casademo.flagdata_suite.time_flagdata_list_summary": 1629933365528, "casademo.flagdata_suite.time_flagdata_summary": 1629933433584}, "ended_at": {"casademo.tclean_memory_suite.peakmem_tclean_setweighting": 1629933687260, "casademo.calibration_suite.time_applycal_callib": 1629932781671, "casademo.calibration_suite.time_bandpass": 1629932904967, "casademo.calibration_suite.time_gaincal": 1629933028920, "casademo.flagdata_suite.time_flagdata_bandpassflag": 1629933093020, "casademo.flagdata_suite.time_flagdata_list": 1629933365528, "casademo.flagdata_suite.time_flagdata_list_summary": 1629933433584, "casademo.flagdata_suite.time_flagdata_summary": 1629933499435}, "benchmark_version": {"casademo.tclean_memory_suite.peakmem_tclean_setweighting": "3fb5214d1e8e5bf8170efbe8114cd88b0e1e51db87c955bc588eb95ba91e4f71", "casademo.calibration_suite.time_applycal_callib": "1f6437b2270507d06f2c91c35b12dce1187d02851c4b0d0c872bbcfda3e5c4f6", "casademo.calibration_suite.time_bandpass": "a69d32cd1360ece09039f1051989506a7673f5a708021e87c81e0936374d64ce", "casademo.calibration_suite.time_gaincal": "70a393fa53b72183c406b9cc585dca7828b9b8d585b8077a80e0946ee81ebeb0", "casademo.flagdata_suite.time_flagdata_bandpassflag": "6bc01de4a73ffea44f2190b51350292cc1e1256989be0f26cc4ec77341df934a", "casademo.flagdata_suite.time_flagdata_list": "f4d15370d3c2c0c746d0c9c28b87ee190865ebfa9e210cc5773201bea0df7bf9", "casademo.flagdata_suite.time_flagdata_list_summary": "58e4c1cc3e1c3c5f723c910c861bad52078405a7026f0321526fad1a15b04ee3", "casademo.flagdata_suite.time_flagdata_summary": "7d302987a4e4e75e43325fd83f2c968688e4b8a56a6476db46a4fcc0bc003e95"}, "version": 1}
